              0.0
           9031.0
          19708.0
          19631.0
          19256.0
          16871.0
          16057.0
          15261.0
          16961.0
          22772.0
          21744.0
          16063.0
          11842.0
          11394.0
          16341.0
          22832.0
          22378.0
          17553.0
          15204.0
          15323.0
          20003.0
          25019.0
          23467.0
          21311.0
          21012.0
          23747.0
          29509.0
          30860.0
          30270.0
          29572.0
          34497.0
          40856.0
          44625.0
          44142.0
          46827.0
          53393.0
          63181.0
          68225.0
          69364.0
          73658.0
          85126.0
         102076.0
         111220.0
         115496.0
         123081.0
         142061.0
         167589.0
         183007.0
         194364.0
         213049.0
         247180.0
         283217.0
         302832.0
         310232.0
         321390.0
         337918.0
         365334.0
         390703.0
         404116.0
         368762.0
         274625.0
         178935.0
         152213.0
         128355.0
         118318.0
          50748.0
          37693.0
          42188.0
          50767.0
          40315.0
          16857.0
          19101.0
          23001.0
          25220.0
          13432.0
           7609.0
           9216.0
          10449.0
           8944.0
           3844.0
           2520.0
           3239.0
           3443.0
           2426.0
            726.0
            614.0
            702.0
            756.0
            440.0
              0.0
              0.0
              0.0
              0.0
              0.0
              0.0
              0.0
              0.0
              0.0
              0.0
              0.0
              0.0
              0.0
            165.0
            468.0
            423.0
            601.0
            841.0
           2128.0
           4532.0
           9751.0
          12144.0
           9743.0
           5393.0
           4054.0
           6186.0
          12556.0
          15038.0
          11641.0
           8281.0
           7077.0
           9856.0
          15548.0
          16792.0
          14030.0
          11738.0
          12918.0
          17666.0
          21382.0
          20490.0
          18883.0
          19241.0
          24361.0
          29480.0
          30893.0
          29770.0
          31909.0
          38311.0
          44524.0
          47479.0
          46157.0
          50927.0
          59451.0
          69221.0
          73639.0
          76887.0
          83265.0
          97099.0
         111990.0
         118730.0
         124287.0
         136871.0
         159756.0
         181657.0
         190904.0
         193202.0
         199696.0
         206010.0
         222876.0
         247020.0
         266147.0
         256329.0
         197686.0
         130411.0
         119379.0
         103856.0
          93635.0
          44174.0
          33239.0
          34279.0
          39432.0
          30872.0
          13145.0
          15173.0
          18575.0
          19612.0
           9578.0
           6553.0
           7703.0
           8506.0
           6306.0
           2419.0
           2354.0
           2517.0
           2420.0
           1197.0
            425.0
            496.0
            487.0
            284.0
             46.0
              0.0
              0.0
              0.0
              0.0
              0.0
              0.0
              0.0
              0.0
              0.0
              0.0
              0.0
              0.0
              0.0
              0.0
             32.0
            134.0
            374.0
           1138.0
           2460.0
           5699.0
           9939.0
          12319.0
           9925.0
           5272.0
           4374.0
           8139.0
          13536.0
          13813.0
          12578.0
           9630.0
           8753.0
          12004.0
          17844.0
          18166.0
          15514.0
          13607.0
          14713.0
          19301.0
          23545.0
          22417.0
          20665.0
          22345.0
          27877.0
          32855.0
          34105.0
          32931.0
          36075.0
          41575.0
          50186.0
          51350.0
          51479.0
          56734.0
          66583.0
          76168.0
          79374.0
          81543.0
          90503.0
         107292.0
         121811.0
         127545.0
         131580.0
         144076.0
         168694.0
         185918.0
         190759.0
         192109.0
         199018.0
         211856.0
         235180.0
         255799.0
         276225.0
         266492.0
         213114.0
         144586.0
         132419.0
         115797.0
         105211.0
          50366.0
          35885.0
          38989.0
          44488.0
          35487.0
          14669.0
          16187.0
          20348.0
          21460.0
          10837.0
           7148.0
           7782.0
           9048.0
           7074.0
           2580.0
           2286.0
           2435.0
           2541.0
           1230.0
            375.0
            439.0
            460.0
            267.0
             39.0
              0.0
              0.0
              0.0
              0.0
              0.0
              0.0
              0.0
              0.0
              0.0
              0.0
              0.0
              0.0
              0.0
              0.0
              0.0
             20.0
            328.0
           1118.0
           2790.0
           6910.0
          11108.0
          13335.0
           9818.0
           5570.0
           5766.0
          10319.0
          15485.0
          16967.0
          14556.0
          10994.0
          10730.0
          15389.0
          21182.0
          21237.0
          17752.0
          15926.0
          18448.0
          24483.0
          30281.0
          28029.0
          27099.0
          27368.0
          34442.0
          40768.0
          41257.0
          40958.0
          44830.0
          53314.0
          61397.0
          63740.0
          64434.0
          71294.0
          84827.0
          94151.0
          96119.0
          99086.0
         111762.0
         131158.0
         144595.0
         153138.0
         160982.0
         179554.0
         204549.0
         227523.0
         236897.0
         239908.0
         248918.0
         260548.0
         282145.0
         308822.0
         335266.0
         321732.0
         253398.0
         169966.0
         154877.0
         140651.0
         124897.0
          64227.0
          45414.0
          49294.0
          56037.0
          42144.0
          18471.0
          20943.0
          25628.0
          26650.0
          13283.0
           8858.0
          11012.0
          12368.0
           9357.0
           3647.0
           3458.0
           3814.0
           3458.0
           1802.0
            662.0
            750.0
            729.0
            421.0
             43.0
              0.0
              0.0
              0.0
              0.0
              0.0
              0.0
              0.0
              0.0
              0.0
              0.0
              0.0
              0.0
              0.0
              0.0
              0.0
              0.0
             57.0
            877.0
           3340.0
           7817.0
          12649.0
          13256.0
           9735.0
           6181.0
           6934.0
          12319.0
          19424.0
          21230.0
          16530.0
          12639.0
          13259.0
          20140.0
          28221.0
          26373.0
          22264.0
          20055.0
          24065.0
          34065.0
          38637.0
          36699.0
          34672.0
          37131.0
          47468.0
          54358.0
          54595.0
          53497.0
          57848.0
          70271.0
          79798.0
          81847.0
          83129.0
          92127.0
         109093.0
         122379.0
         129139.0
         133335.0
         147492.0
         170366.0
         189757.0
         197282.0
         206889.0
         232665.0
         268459.0
         293612.0
         308554.0
         307981.0
         317076.0
         334169.0
         365845.0
         391437.0
         417522.0
         406502.0
         321239.0
         214483.0
         205460.0
         181828.0
         164493.0
          86981.0
          60122.0
          62830.0
          68475.0
          53968.0
          24289.0
          26612.0
          32523.0
          32648.0
          17912.0
          11946.0
          14140.0
          15347.0
          11253.0
           4866.0
           4737.0
           4908.0
           4314.0
           2103.0
            880.0
            856.0
            813.0
            496.0
             63.0
              0.0
              0.0
              0.0
              0.0
              0.0
              0.0
              0.0
              0.0
              0.0
              0.0
              0.0
              0.0
              0.0
              0.0
              0.0
              0.0
              0.0
            261.0
           2350.0
           7333.0
          11174.0
          13360.0
           9373.0
           6158.0
           8506.0
          16170.0
          23400.0
          22438.0
          21120.0
          17755.0
          19878.0
          27485.0
          32978.0
          33081.0
          30024.0
          29291.0
          34580.0
          46394.0
          51944.0
          48677.0
          47354.0
          51293.0
          65308.0
          74662.0
          74712.0
          73611.0
          82313.0
          98276.0
         110337.0
         113284.0
         115644.0
         129933.0
         151200.0
         166279.0
         172492.0
         178052.0
         199359.0
         231781.0
         260931.0
         275792.0
         291748.0
         322911.0
         371671.0
         411752.0
         425525.0
         424140.0
         424923.0
         447108.0
         474357.0
         513783.0
         536542.0
         542021.0
         423078.0
         283752.0
         267442.0
         249560.0
         231224.0
         115457.0
          79823.0
          82070.0
          91487.0
          75921.0
          30577.0
          34176.0
          41580.0
          43929.0
          24061.0
          15050.0
          17160.0
          18673.0
          14960.0
           5929.0
           5277.0
           5753.0
           5382.0
           2823.0
           1058.0
           1200.0
           1192.0
            727.0
             93.0
              0.0
              0.0
              0.0
              0.0
              0.0
              0.0
              0.0
              0.0
              0.0
              0.0
              0.0
              0.0
              0.0
              0.0
              0.0
              0.0
              0.0
              0.0
            402.0
           3820.0
           9669.0
          10939.0
           7418.0
           6274.0
          10808.0
          20089.0
          26899.0
          30348.0
          27281.0
          23777.0
          27199.0
          36575.0
          45005.0
          46323.0
          43891.0
          43713.0
          51479.0
          65931.0
          72603.0
          71463.0
          73841.0
          79530.0
          98232.0
         109877.0
         111316.0
         111610.0
         121285.0
         143585.0
         164064.0
         167094.0
         169433.0
         188981.0
         222440.0
         249343.0
         259324.0
         269212.0
         300842.0
         346123.0
         388827.0
         409104.0
         426655.0
         471003.0
         542720.0
         597352.0
         606429.0
         603901.0
         607003.0
         632822.0
         674391.0
         716371.0
         745542.0
         735144.0
         571614.0
         377459.0
         348844.0
         354696.0
         317912.0
         165318.0
         115317.0
         119255.0
         135896.0
         106643.0
          46128.0
          52300.0
          62732.0
          64303.0
          33663.0
          21610.0
          25141.0
          28443.0
          22652.0
           8922.0
           7906.0
           8893.0
           8346.0
           4384.0
           1482.0
           1751.0
           1919.0
           1212.0
            137.0
              0.0
              0.0
              0.0
              0.0
              0.0
              0.0
              0.0
              0.0
              0.0
              0.0
              0.0
              0.0
              0.0
              0.0
              0.0
              0.0
              0.0
              0.0
              0.0
            765.0
           4639.0
           7130.0
           5688.0
           6558.0
          13120.0
          23872.0
          36102.0
          39321.0
          39155.0
          37244.0
          43203.0
          54068.0
          68344.0
          75790.0
          72835.0
          72352.0
          83830.0
         107959.0
         121632.0
         121313.0
         120675.0
         128108.0
         159144.0
         180852.0
         182820.0
         184813.0
         203336.0
         242529.0
         272663.0
         283132.0
         286448.0
         319933.0
         373652.0
         417336.0
         430500.0
         442812.0
         492611.0
         571503.0
         633776.0
         656952.0
         689796.0
         769661.0
         890005.0
         969431.0
         979430.0
         970747.0
         971362.0
         997992.0
        1078846.0
        1138916.0
        1181592.0
        1124412.0
         839162.0
         584722.0
         533361.0
         515704.0
         469540.0
         250414.0
         191378.0
         191888.0
         218185.0
         162872.0
          77369.0
          86904.0
         102551.0
         103526.0
          52686.0
          36119.0
          41608.0
          45513.0
          34771.0
          13555.0
          12958.0
          14582.0
          13493.0
           7076.0
           2712.0
           2911.0
           2943.0
           2161.0
            284.0
              0.0
              0.0
              0.0
              0.0
              0.0
              0.0
              0.0
              0.0
              0.0
              0.0
              0.0
              0.0
              0.0
              0.0
              0.0
              0.0
              0.0
              0.0
              0.0
              0.0
            591.0
           2388.0
           3828.0
           7332.0
          15693.0
          30959.0
          49879.0
          61568.0
          68005.0
          65785.0
          71877.0
          94549.0
         128433.0
         142815.0
         135384.0
         133625.0
         156519.0
         198479.0
         224692.0
         216513.0
         216204.0
         237647.0
         304590.0
         332964.0
         327211.0
         328138.0
         366679.0
         441548.0
         479376.0
         474633.0
         481216.0
         549077.0
         641458.0
         686896.0
         690745.0
         713480.0
         810432.0
         930982.0
         989291.0
        1012271.0
        1071435.0
        1221449.0
        1370319.0
        1449700.0
        1472715.0
        1484198.0
        1529619.0
        1589390.0
        1746966.0
        1885610.0
        1975504.0
        1872036.0
        1434701.0
         944278.0
         865309.0
         804183.0
         759482.0
         368330.0
         303971.0
         308335.0
         346869.0
         265557.0
         125317.0
         142188.0
         168618.0
         170547.0
          87194.0
          60841.0
          70872.0
          77294.0
          57178.0
          23222.0
          22110.0
          24314.0
          22697.0
          11421.0
           4574.0
           5054.0
           5340.0
           3862.0
            663.0
              0.0
              0.0
              0.0
              0.0
              0.0
              0.0
              0.0
              0.0
              0.0
              0.0
              0.0
              0.0
              0.0
              0.0
              0.0
              0.0
              0.0
              0.0
              0.0
              0.0
              0.0
            283.0
           1924.0
           7224.0
          18210.0
          41174.0
          80244.0
         102216.0
         104044.0
         103374.0
         124870.0
         183126.0
         215309.0
         215826.0
         211953.0
         232576.0
         291610.0
         324358.0
         343113.0
         335187.0
         362420.0
         400346.0
         472853.0
         496932.0
         487420.0
         516955.0
         573634.0
         657939.0
         669322.0
         680523.0
         720496.0
         838166.0
         915106.0
         950139.0
         960908.0
        1025609.0
        1174953.0
        1285367.0
        1341720.0
        1368675.0
        1488410.0
        1715680.0
        1855449.0
        1889340.0
        1887919.0
        1943965.0
        2129597.0
        2311262.0
        2536142.0
        2854342.0
        3232365.0
        3239777.0
        2850617.0
        1863752.0
        1725541.0
        1463223.0
        1397355.0
         656058.0
         437343.0
         478234.0
         578570.0
         489186.0
         196895.0
         226529.0
         286662.0
         322526.0
         165977.0
         110513.0
         129809.0
         148421.0
         117569.0
          47412.0
          45207.0
          50464.0
          46574.0
          24593.0
           9450.0
          10280.0
          11034.0
           8387.0
           1685.0
              0.0
              0.0
              0.0
              0.0
              0.0
              0.0
              0.0
              0.0
              0.0
              0.0
              0.0
              0.0
              0.0
              0.0
              0.0
              0.0
              0.0
              0.0
              0.0
              0.0
              0.0
              0.0
            442.0
           5028.0
          20359.0
          52180.0
          96931.0
         133115.0
         147811.0
         150362.0
         181395.0
         247396.0
         304607.0
         299745.0
         290356.0
         314081.0
         402788.0
         438066.0
         436499.0
         434597.0
         488549.0
         561020.0
         610314.0
         630218.0
         648087.0
         719671.0
         761600.0
         818588.0
         860961.0
         890453.0
         955712.0
        1014487.0
        1122718.0
        1175139.0
        1266801.0
        1362112.0
        1501783.0
        1579989.0
        1655945.0
        1636454.0
        1696767.0
        1892457.0
        2159780.0
        2232553.0
        2081271.0
        1922493.0
        1910434.0
        2109084.0
        2470748.0
        2763237.0
        2928783.0
        3180947.0
        3543909.0
        2010172.0
        2006230.0
        2065913.0
        2317384.0
        1466971.0
         769479.0
         673688.0
         832849.0
         998596.0
         281816.0
         342301.0
         429377.0
         563338.0
         381764.0
         177636.0
         222875.0
         285467.0
         290677.0
         110261.0
          98204.0
         117707.0
         126449.0
          74198.0
          27374.0
          29282.0
          30637.0
          24307.0
           6247.0
              0.0
              0.0
              0.0
              0.0
              0.0
              0.0
              0.0
              0.0
              0.0
              0.0
              0.0
              0.0
              0.0
              0.0
              0.0
              0.0
              0.0
              0.0
              0.0
              0.0
              0.0
              0.0
              0.0
           1167.0
          16064.0
          61121.0
         115662.0
         147223.0
         163752.0
         190387.0
         247139.0
         302379.0
         338934.0
         343450.0
         352105.0
         390085.0
         448278.0
         497314.0
         505853.0
         507217.0
         549050.0
         607388.0
         671385.0
         683749.0
         713581.0
         801265.0
         910682.0
         985592.0
         998590.0
        1027591.0
        1029572.0
        1077863.0
        1081807.0
        1090378.0
        1262158.0
        1413548.0
        1481928.0
        1522651.0
        1506552.0
        1399739.0
        1353844.0
        1326308.0
        1310302.0
        1309904.0
        1472115.0
        1416060.0
        1364327.0
        1288807.0
        1324406.0
        1461521.0
        1841308.0
        2435204.0
        2181302.0
        1173985.0
        1083944.0
        1284104.0
        1746136.0
        1341452.0
         618603.0
         728061.0
         908724.0
        1229268.0
         476060.0
         355817.0
         526688.0
         722996.0
         741771.0
         219073.0
         282261.0
         362805.0
         487634.0
         284470.0
         142529.0
         184509.0
         237155.0
         233015.0
          66490.0
          69191.0
          84203.0
          89517.0
          35917.0
            111.0
              0.0
              0.0
              0.0
              0.0
              0.0
              0.0
              0.0
              0.0
              0.0
              0.0
              0.0
              0.0
              0.0
              0.0
              0.0
              0.0
              0.0
              0.0
              0.0
              0.0
              0.0
              0.0
              0.0
           4052.0
          40486.0
          99633.0
         132253.0
         157473.0
         199454.0
         262455.0
         319696.0
         341340.0
         356798.0
         383096.0
         428399.0
         492858.0
         533716.0
         554485.0
         566992.0
         593385.0
         610112.0
         712959.0
         679945.0
         738311.0
         808958.0
         860861.0
         926184.0
         877154.0
         894396.0
         875694.0
         854102.0
         853188.0
         850764.0
         892215.0
         957874.0
        1002920.0
        1099692.0
        1106724.0
        1067883.0
        1041692.0
        1059594.0
        1100267.0
        1119442.0
        1162203.0
        1244882.0
        1250680.0
        1284759.0
        1418871.0
        1619387.0
        1960764.0
        2203181.0
        1871897.0
        1251854.0
        1253996.0
        1317818.0
        1385288.0
         945618.0
         590175.0
         686042.0
         810165.0
         967549.0
         416760.0
         333111.0
         437471.0
         603360.0
         627418.0
         230922.0
         270226.0
         362018.0
         477224.0
         347865.0
         148642.0
         175062.0
         248802.0
         299695.0
         143695.0
          78629.0
         106095.0
         124797.0
         114733.0
           1587.0
              0.0
              0.0
              0.0
              0.0
              0.0
              0.0
              0.0
              0.0
              0.0
              0.0
              0.0
              0.0
              0.0
              0.0
              0.0
              0.0
              0.0
              0.0
              0.0
              0.0
              0.0
              0.0
              0.0
              0.0
           6922.0
          45521.0
          89302.0
         129112.0
         181756.0
         254373.0
         319864.0
         363010.0
         379616.0
         417018.0
         425016.0
         483267.0
         516557.0
         532982.0
         516846.0
         509430.0
         521577.0
         644720.0
         645577.0
         614428.0
         661610.0
         698578.0
         803543.0
         790471.0
         770217.0
         743927.0
         781668.0
         830850.0
         830701.0
         852372.0
         912563.0
         987616.0
        1078296.0
        1116959.0
        1127869.0
        1162077.0
        1256072.0
        1338848.0
        1377914.0
        1405461.0
        1477421.0
        1561333.0
        1657313.0
        1931314.0
        2251432.0
        2726532.0
        2902239.0
        2609581.0
        1843468.0
        1857340.0
        1822276.0
        1694814.0
        1137670.0
         725423.0
         763433.0
         811570.0
         828067.0
         377730.0
         340042.0
         425390.0
         548974.0
         498783.0
         199461.0
         235220.0
         310023.0
         369295.0
         285188.0
         122946.0
         159478.0
         193877.0
         235859.0
         121337.0
          73974.0
          91053.0
         115820.0
         111903.0
          10630.0
              0.0
              0.0
              0.0
              0.0
              0.0
              0.0
              0.0
              0.0
              0.0
              0.0
              0.0
              0.0
              0.0
              0.0
              0.0
              0.0
              0.0
              0.0
              0.0
              0.0
              0.0
              0.0
              0.0
              0.0
              0.0
           6184.0
          38534.0
         101889.0
         163737.0
         223498.0
         301621.0
         345038.0
         342141.0
         350379.0
         382098.0
         482073.0
         493292.0
         481696.0
         466038.0
         501390.0
         565248.0
         633016.0
         622630.0
         627331.0
         671842.0
         704592.0
         807531.0
         832123.0
         814384.0
         832655.0
         902708.0
         956698.0
         961410.0
         994603.0
        1073796.0
        1191174.0
        1304290.0
        1338649.0
        1375638.0
        1468121.0
        1641709.0
        1731869.0
        1709939.0
        1744984.0
        1883310.0
        2075600.0
        2190231.0
        2472641.0
        2970265.0
        3817385.0
        4358389.0
        4291572.0
        2896838.0
        2977030.0
        3226256.0
        3106507.0
        2394005.0
        1558859.0
        1265024.0
        1178153.0
        1183415.0
         457248.0
         397426.0
         502371.0
         654758.0
         531554.0
         225668.0
         281508.0
         366138.0
         412706.0
         262984.0
         133570.0
         176882.0
         202177.0
         204516.0
         112453.0
          65897.0
          85224.0
         106706.0
          90646.0
          18625.0
              0.0
              0.0
              0.0
              0.0
              0.0
              0.0
              0.0
              0.0
              0.0
              0.0
              0.0
              0.0
              0.0
              0.0
              0.0
              0.0
              0.0
              0.0
              0.0
              0.0
              0.0
              0.0
              0.0
              0.0
              0.0
              0.0
           6433.0
          49421.0
         108416.0
         170215.0
         244927.0
         286155.0
         305265.0
         312586.0
         361848.0
         429385.0
         486426.0
         487207.0
         465934.0
         508330.0
         576764.0
         659728.0
         643015.0
         638520.0
         714646.0
         814258.0
         852550.0
         891246.0
         882160.0
         972272.0
        1032653.0
        1095257.0
        1161357.0
        1199995.0
        1274866.0
        1334381.0
        1445045.0
        1543918.0
        1610495.0
        1742677.0
        1949251.0
        2015956.0
        2020849.0
        1769874.0
        1690974.0
        1964133.0
        2320309.0
        2653700.0
        2755569.0
        2782206.0
        3222243.0
        4422725.0
        2722190.0
        2429011.0
        2370188.0
        2718281.0
        3092126.0
        1386447.0
        1405593.0
        1528901.0
        1876515.0
         951301.0
         469873.0
         635884.0
         889972.0
         967823.0
         282191.0
         354291.0
         478536.0
         609708.0
         380608.0
         189641.0
         237535.0
         308977.0
         315945.0
         123649.0
          95177.0
         113519.0
         128680.0
          82285.0
          15628.0
              0.0
              0.0
              0.0
              0.0
              0.0
              0.0
              0.0
              0.0
              0.0
              0.0
              0.0
              0.0
              0.0
              0.0
              0.0
              0.0
              0.0
              0.0
              0.0
              0.0
              0.0
              0.0
              0.0
              0.0
              0.0
              0.0
              0.0
           6726.0
          55340.0
         129349.0
         210487.0
         255636.0
         267663.0
         319047.0
         395281.0
         448505.0
         497092.0
         497195.0
         508162.0
         563563.0
         625258.0
         693311.0
         724884.0
         731922.0
         792690.0
         850265.0
         933092.0
         926550.0
         918578.0
         983293.0
        1134300.0
        1247454.0
        1328106.0
        1359026.0
        1439330.0
        1403879.0
        1368309.0
        1329865.0
        1309026.0
        1344553.0
        1507872.0
        1567322.0
        1548695.0
        1392597.0
        1206302.0
        1170899.0
        1214597.0
        1321343.0
        1613759.0
        2081574.0
        2497871.0
        2218392.0
        1363687.0
        1293818.0
        1634985.0
        2055841.0
        1574097.0
         855200.0
         902013.0
        1215248.0
        1648125.0
        1106842.0
         526101.0
         646299.0
         937796.0
        1316680.0
         464348.0
         380075.0
         556863.0
         783049.0
         757139.0
         224859.0
         305565.0
         401110.0
         524362.0
         280140.0
         134650.0
         178118.0
         234159.0
         216463.0
          29796.0
              0.0
              0.0
              0.0
              0.0
              0.0
              0.0
              0.0
              0.0
              0.0
              0.0
              0.0
              0.0
              0.0
              0.0
              0.0
              0.0
              0.0
              0.0
              0.0
              0.0
              0.0
              0.0
              0.0
              0.0
              0.0
              0.0
              0.0
              0.0
           7967.0
          68785.0
         145850.0
         195782.0
         235679.0
         300774.0
         402158.0
         452989.0
         472450.0
         483351.0
         535992.0
         604314.0
         678234.0
         750269.0
         766734.0
         793797.0
         804715.0
         810081.0
         821674.0
         890191.0
         800418.0
         769563.0
         892380.0
        1082828.0
        1055822.0
        1001386.0
         977704.0
         994167.0
         979195.0
         972932.0
         935753.0
         911069.0
         986464.0
        1110279.0
        1107885.0
        1066867.0
        1000395.0
         997646.0
        1103694.0
        1294424.0
        1558199.0
        2112784.0
        2595460.0
        2143111.0
        1587620.0
        1586516.0
        1790031.0
        1977564.0
        1391460.0
         973341.0
         968140.0
        1114155.0
        1147856.0
         685703.0
         470735.0
         563244.0
         737597.0
         834026.0
         340575.0
         332254.0
         459640.0
         619505.0
         622253.0
         224780.0
         260909.0
         369345.0
         485203.0
         326797.0
         130467.0
         174038.0
         254795.0
         288205.0
          86843.0
              0.0
              0.0
              0.0
              0.0
              0.0
              0.0
              0.0
              0.0
              0.0
              0.0
              0.0
              0.0
              0.0
              0.0
              0.0
              0.0
              0.0
              0.0
              0.0
              0.0
              0.0
              0.0
              0.0
              0.0
              0.0
              0.0
              0.0
              0.0
              0.0
           9999.0
          64031.0
         133713.0
         197602.0
         268256.0
         358130.0
         415530.0
         450401.0
         494950.0
         549105.0
         588389.0
         626097.0
         691705.0
         676162.0
         662959.0
         612163.0
         638130.0
         683552.0
         742857.0
         647630.0
         649160.0
         723940.0
         878432.0
         863721.0
         830815.0
         811848.0
         869345.0
         933265.0
         940084.0
         941176.0
         962423.0
        1069762.0
        1181872.0
        1225732.0
        1226520.0
        1200463.0
        1229307.0
        1362588.0
        1645442.0
        2065084.0
        2704240.0
        3575037.0
        3147600.0
        2353589.0
        2308429.0
        2615575.0
        2528334.0
        2137776.0
        1456030.0
        1404056.0
        1378442.0
        1314954.0
         759595.0
         522166.0
         548414.0
         652243.0
         637018.0
         290739.0
         289683.0
         407314.0
         511164.0
         414012.0
         172915.0
         225590.0
         302987.0
         354593.0
         254580.0
          98635.0
         122790.0
         184176.0
         221046.0
          82210.0
              0.0
              0.0
              0.0
              0.0
              0.0
              0.0
              0.0
              0.0
              0.0
              0.0
              0.0
              0.0
              0.0
              0.0
              0.0
              0.0
              0.0
              0.0
              0.0
              0.0
              0.0
              0.0
              0.0
              0.0
              0.0
              0.0
              0.0
              0.0
              0.0
              0.0
           8315.0
          61803.0
         142019.0
         216968.0
         289765.0
         370542.0
         399448.0
         417334.0
         449821.0
         480400.0
         552669.0
         584913.0
         552212.0
         551154.0
         565076.0
         640902.0
         669043.0
         685002.0
         650337.0
         682031.0
         752737.0
         894832.0
         900089.0
         897398.0
         919878.0
         997678.0
        1079509.0
        1105752.0
        1133042.0
        1199884.0
        1387822.0
        1429135.0
        1466120.0
        1529876.0
        1603010.0
        1642584.0
        1816849.0
        2091368.0
        2716486.0
        3665122.0
        4746403.0
        4746122.0
        3804275.0
        3373655.0
        3965011.0
        3930358.0
        4034345.0
        2710761.0
        2713386.0
        2606258.0
        2424581.0
        1699576.0
         892836.0
         778979.0
         829501.0
         833041.0
         307980.0
         332650.0
         453888.0
         594682.0
         403799.0
         194676.0
         245616.0
         317010.0
         332660.0
         207991.0
          89711.0
         125109.0
         149604.0
         161622.0
          49712.0
              0.0
              0.0
              0.0
              0.0
              0.0
              0.0
              0.0
              0.0
              0.0
              0.0
              0.0
              0.0
              0.0
              0.0
              0.0
              0.0
              0.0
              0.0
              0.0
              0.0
              0.0
              0.0
              0.0
              0.0
              0.0
              0.0
              0.0
              0.0
              0.0
              0.0
              0.0
           8732.0
          62061.0
         133476.0
         226334.0
         292824.0
         334244.0
         359827.0
         399266.0
         438804.0
         482809.0
         557415.0
         563978.0
         557623.0
         569800.0
         656187.0
         710534.0
         735115.0
         710947.0
         787150.0
         906215.0
         969101.0
        1009415.0
        1008997.0
        1093010.0
        1198780.0
        1308904.0
        1370486.0
        1463677.0
        1536164.0
        1610967.0
        1827661.0
        1700900.0
        1569134.0
        1855497.0
        2055010.0
        2335867.0
        2499578.0
        2451439.0
        2659850.0
        3495620.0
        5000985.0
        3447827.0
        2663629.0
        2560398.0
        3129759.0
        4069915.0
        2074184.0
        1660323.0
        1810945.0
        2267570.0
        2523666.0
         856772.0
         898223.0
        1136735.0
        1601053.0
         717456.0
         427533.0
         589426.0
         835332.0
         800830.0
         250998.0
         314860.0
         430758.0
         523714.0
         265054.0
         139703.0
         178213.0
         232982.0
         205439.0
          43349.0
              0.0
              0.0
              0.0
              0.0
              0.0
              0.0
              0.0
              0.0
              0.0
              0.0
              0.0
              0.0
              0.0
              0.0
              0.0
              0.0
              0.0
              0.0
              0.0
              0.0
              0.0
              0.0
              0.0
              0.0
              0.0
              0.0
              0.0
              0.0
              0.0
              0.0
              0.0
              0.0
           8132.0
          67077.0
         157491.0
         242215.0
         282524.0
         313191.0
         353039.0
         448855.0
         504516.0
         555028.0
         566683.0
         582491.0
         637188.0
         724783.0
         793927.0
         814179.0
         867749.0
         958418.0
        1065871.0
        1126978.0
        1151349.0
        1093204.0
        1089843.0
        1263571.0
        1284500.0
        1354361.0
        1585743.0
        1611359.0
        1541533.0
        1461474.0
        1404203.0
        1241043.0
        1146230.0
        1216126.0
        1292271.0
        1438395.0
        1725766.0
        1781023.0
        2533106.0
        2429241.0
        1541940.0
        1459916.0
        1851746.0
        2244336.0
        1875564.0
        1097755.0
        1134444.0
        1469126.0
        1781480.0
        1354235.0
         719425.0
         807542.0
        1109681.0
        1536815.0
         901644.0
         439027.0
         642475.0
         954543.0
        1297384.0
         406676.0
         375473.0
         535587.0
         762190.0
         716168.0
         178829.0
         251844.0
         346619.0
         431033.0
         164175.0
              0.0
              0.0
              0.0
              0.0
              0.0
              0.0
              0.0
              0.0
              0.0
              0.0
              0.0
              0.0
              0.0
              0.0
              0.0
              0.0
              0.0
              0.0
              0.0
              0.0
              0.0
              0.0
              0.0
              0.0
              0.0
              0.0
              0.0
              0.0
              0.0
              0.0
              0.0
              0.0
              0.0
           9657.0
          80297.0
         158073.0
         222179.0
         273560.0
         354717.0
         447694.0
         513464.0
         554940.0
         579863.0
         613733.0
         691561.0
         770846.0
         806762.0
         875413.0
         961425.0
         963156.0
        1116114.0
         990536.0
        1022207.0
         897382.0
         797718.0
         865986.0
         915518.0
         903211.0
         977582.0
        1021346.0
         976007.0
         945208.0
         908762.0
         853296.0
         837286.0
         885259.0
         950570.0
        1117507.0
        1381262.0
        1783444.0
        2454760.0
        2574933.0
        1904890.0
        1680637.0
        2069533.0
        2274796.0
        1792546.0
        1347557.0
        1370082.0
        1522257.0
        1566646.0
        1052535.0
         741402.0
         837908.0
         959436.0
         959347.0
         508044.0
         368250.0
         505920.0
         713969.0
         795013.0
         294360.0
         319455.0
         448688.0
         609325.0
         568147.0
         176073.0
         220821.0
         312398.0
         450322.0
         245387.0
              0.0
              0.0
              0.0
              0.0
              0.0
              0.0
              0.0
              0.0
              0.0
              0.0
              0.0
              0.0
              0.0
              0.0
              0.0
              0.0
              0.0
              0.0
              0.0
              0.0
              0.0
              0.0
              0.0
              0.0
              0.0
              0.0
              0.0
              0.0
              0.0
              0.0
              0.0
              0.0
              0.0
              0.0
          10003.0
          69746.0
         159976.0
         234053.0
         335807.0
         433818.0
         490946.0
         524674.0
         536797.0
         554493.0
         611042.0
         661694.0
         695343.0
         719306.0
         708836.0
         717773.0
         769197.0
         773990.0
         769483.0
         706396.0
         677887.0
         739483.0
         811187.0
         833517.0
         850681.0
         863225.0
         932426.0
         956977.0
         956021.0
         950841.0
         931710.0
         961253.0
        1070556.0
        1300716.0
        1676253.0
        2251440.0
        3303714.0
        4006232.0
        2983469.0
        2400316.0
        2874881.0
        3265669.0
        2798685.0
        2136083.0
        2108477.0
        2179264.0
        2005741.0
        1534419.0
        1055349.0
        1012608.0
        1021827.0
         938680.0
         474779.0
         336494.0
         434387.0
         558418.0
         530256.0
         234210.0
         245524.0
         351131.0
         443272.0
         331000.0
         137518.0
         178005.0
         248450.0
         288187.0
         148854.0
              0.0
              0.0
              0.0
              0.0
              0.0
              0.0
              0.0
              0.0
              0.0
              0.0
              0.0
              0.0
              0.0
              0.0
              0.0
              0.0
              0.0
              0.0
              0.0
              0.0
              0.0
              0.0
              0.0
              0.0
              0.0
              0.0
              0.0
              0.0
              0.0
              0.0
              0.0
              0.0
              0.0
              0.0
              0.0
          10300.0
          77978.0
         173779.0
         256717.0
         334237.0
         403429.0
         435601.0
         426153.0
         435991.0
         489441.0
         578578.0
         602721.0
         592291.0
         591185.0
         666672.0
         719340.0
         727017.0
         723085.0
         703948.0
         742242.0
         819014.0
         873990.0
         909802.0
         924777.0
        1018860.0
        1073076.0
        1118596.0
        1150413.0
        1161141.0
        1233445.0
        1245557.0
        1421695.0
        1771810.0
        2363456.0
        3181181.0
        4321600.0
        5139130.0
        4907236.0
        3618202.0
        4102285.0
        4675987.0
        4850556.0
        3841269.0
        3414207.0
        3690865.0
        3461377.0
        3518415.0
        2233046.0
        1915546.0
        1749755.0
        1612959.0
         820169.0
         438195.0
         505315.0
         670689.0
         599151.0
         217755.0
         272703.0
         367098.0
         450181.0
         275111.0
         125688.0
         165752.0
         216539.0
         222851.0
         100349.0
              0.0
              0.0
              0.0
              0.0
              0.0
              0.0
              0.0
              0.0
              0.0
              0.0
              0.0
              0.0
              0.0
              0.0
              0.0
              0.0
              0.0
              0.0
              0.0
              0.0
              0.0
              0.0
              0.0
              0.0
              0.0
              0.0
              0.0
              0.0
              0.0
              0.0
              0.0
              0.0
              0.0
              0.0
              0.0
              0.0
          11584.0
          75460.0
         154329.0
         231839.0
         295667.0
         337945.0
         364902.0
         391245.0
         448991.0
         515594.0
         577279.0
         597775.0
         581322.0
         622112.0
         703379.0
         776590.0
         774589.0
         769596.0
         853604.0
        1001857.0
        1044896.0
        1091043.0
        1117051.0
        1214918.0
        1380890.0
        1531453.0
        1427892.0
        1527467.0
        1671839.0
        1802246.0
        1942331.0
        1971768.0
        2120581.0
        2913464.0
        3648545.0
        5407688.0
        3674901.0
        2572835.0
        2726128.0
        3376146.0
        4714993.0
        2897351.0
        2006444.0
        2124329.0
        2558356.0
        3489143.0
        1418379.0
        1170447.0
        1274296.0
        1916228.0
        2063962.0
         578084.0
         715472.0
         999093.0
        1451213.0
         566379.0
         383895.0
         545053.0
         748581.0
         606674.0
         174824.0
         238539.0
         321362.0
         350389.0
         109983.0
              0.0
              0.0
              0.0
              0.0
              0.0
              0.0
              0.0
              0.0
              0.0
              0.0
              0.0
              0.0
              0.0
              0.0
              0.0
              0.0
              0.0
              0.0
              0.0
              0.0
              0.0
              0.0
              0.0
              0.0
              0.0
              0.0
              0.0
              0.0
              0.0
              0.0
              0.0
              0.0
              0.0
              0.0
              0.0
              0.0
              0.0
           9124.0
          71671.0
         174675.0
         244536.0
         283859.0
         310192.0
         374901.0
         468084.0
         530252.0
         592887.0
         613315.0
         640714.0
         726784.0
         792475.0
         867044.0
         863228.0
         938411.0
        1097779.0
        1309821.0
        1314377.0
        1283333.0
        1371650.0
        1374953.0
        1460479.0
        1371036.0
        1184182.0
        1306087.0
        1414798.0
        1460479.0
        1449527.0
        1567739.0
        1472096.0
        1648199.0
        2305862.0
        2621800.0
        2035917.0
        1692773.0
        1756104.0
        2449483.0
        1987071.0
        1280113.0
        1283168.0
        1674023.0
        2116434.0
        1553255.0
         915607.0
        1001966.0
        1388184.0
        1696457.0
        1162218.0
         570038.0
         707162.0
        1022253.0
        1523578.0
         826057.0
         413296.0
         630786.0
         948967.0
        1244305.0
         341080.0
         317303.0
         470900.0
         670180.0
         520463.0
           1630.0
              0.0
              0.0
              0.0
              0.0
              0.0
              0.0
              0.0
              0.0
              0.0
              0.0
              0.0
              0.0
              0.0
              0.0
              0.0
              0.0
              0.0
              0.0
              0.0
              0.0
              0.0
              0.0
              0.0
              0.0
              0.0
              0.0
              0.0
              0.0
              0.0
              0.0
              0.0
              0.0
              0.0
              0.0
              0.0
              0.0
              0.0
          10340.0
          84197.0
         164538.0
         219090.0
         284145.0
         377132.0
         469196.0
         569502.0
         643462.0
         690568.0
         733608.0
         756408.0
         830421.0
         846731.0
         809117.0
         839701.0
        1034557.0
        1183580.0
        1137561.0
         908843.0
         996776.0
         864561.0
         910155.0
         904706.0
         791597.0
         812322.0
         847869.0
         812754.0
         847643.0
         949482.0
        1036291.0
        1365343.0
        2119719.0
        2896542.0
        2474773.0
        1758773.0
        1937846.0
        2436093.0
        2164312.0
        1683402.0
        1580228.0
        1917462.0
        1935577.0
        1417683.0
        1112340.0
        1119959.0
        1242633.0
        1285524.0
         802910.0
         606636.0
         668651.0
         798215.0
         811326.0
         390364.0
         335345.0
         464116.0
         682569.0
         715705.0
         223922.0
         259322.0
         383581.0
         520709.0
         419354.0
           4902.0
              0.0
              0.0
              0.0
              0.0
              0.0
              0.0
              0.0
              0.0
              0.0
              0.0
              0.0
              0.0
              0.0
              0.0
              0.0
              0.0
              0.0
              0.0
              0.0
              0.0
              0.0
              0.0
              0.0
              0.0
              0.0
              0.0
              0.0
              0.0
              0.0
              0.0
              0.0
              0.0
              0.0
              0.0
              0.0
              0.0
              0.0
              0.0
          11316.0
          71590.0
         168644.0
         257104.0
         387286.0
         504357.0
         581893.0
         626068.0
         613847.0
         591578.0
         607276.0
         657024.0
         650850.0
         640974.0
         644282.0
         734585.0
         806846.0
         826649.0
         726960.0
         757264.0
         724324.0
         766234.0
         837691.0
         805087.0
         771278.0
         763407.0
         779138.0
         843795.0
        1005453.0
        1239406.0
        1556906.0
        2613071.0
        4640386.0
        4033578.0
        2554962.0
        2711483.0
        3565775.0
        3549630.0
        2816358.0
        2465150.0
        2803953.0
        2796962.0
        2428964.0
        1858192.0
        1726759.0
        1711776.0
        1436201.0
        1054230.0
         663952.0
         650464.0
         737957.0
         652328.0
         297026.0
         286862.0
         385441.0
         473270.0
         431424.0
         160162.0
         200900.0
         288701.0
         364267.0
         223988.0
           1635.0
              0.0
              0.0
              0.0
              0.0
              0.0
              0.0
              0.0
              0.0
              0.0
              0.0
              0.0
              0.0
              0.0
              0.0
              0.0
              0.0
              0.0
              0.0
              0.0
              0.0
              0.0
              0.0
              0.0
              0.0
              0.0
              0.0
              0.0
              0.0
              0.0
              0.0
              0.0
              0.0
              0.0
              0.0
              0.0
              0.0
              0.0
              0.0
              0.0
          10183.0
          80611.0
         214929.0
         306203.0
         366144.0
         443668.0
         473009.0
         433703.0
         438233.0
         483237.0
         575694.0
         558187.0
         545986.0
         565291.0
         675478.0
         731964.0
         744793.0
         695334.0
         730235.0
         778944.0
         832542.0
         836733.0
         850764.0
         881132.0
         918101.0
         880213.0
        1035625.0
        1366800.0
        1806213.0
        2317676.0
        3618355.0
        4934434.0
        5675481.0
        3771518.0
        3879835.0
        4570459.0
        5152706.0
        5098685.0
        3834978.0
        4116143.0
        4216320.0
        4782834.0
        3641166.0
        3042271.0
        2900297.0
        2698349.0
        2440070.0
        1281445.0
         957999.0
         869880.0
         915810.0
         372638.0
         298866.0
         410121.0
         531822.0
         415930.0
         145114.0
         193357.0
         263409.0
         314288.0
         147672.0
           1638.0
              0.0
              0.0
              0.0
              0.0
              0.0
              0.0
              0.0
              0.0
              0.0
              0.0
              0.0
              0.0
              0.0
              0.0
              0.0
              0.0
              0.0
              0.0
              0.0
              0.0
              0.0
              0.0
              0.0
              0.0
              0.0
              0.0
              0.0
              0.0
              0.0
              0.0
              0.0
              0.0
              0.0
              0.0
              0.0
              0.0
              0.0
              0.0
              0.0
              0.0
          13157.0
          85318.0
         173293.0
         255620.0
         325371.0
         362394.0
         376027.0
         383212.0
         444855.0
         527614.0
         549266.0
         572734.0
         584604.0
         653947.0
         715819.0
         771724.0
         806709.0
         796520.0
         935050.0
        1077774.0
        1132605.0
        1137808.0
        1130872.0
        1256803.0
        1457520.0
        1484867.0
        1665808.0
        2306705.0
        2981082.0
        3339735.0
        4888220.0
        3344083.0
        2764256.0
        3017226.0
        3711186.0
        5367090.0
        3037374.0
        2301065.0
        2309110.0
        2930682.0
        4171107.0
        2037155.0
        1417956.0
        1477459.0
        2162493.0
        3194329.0
        1021513.0
         864623.0
        1084855.0
        1792299.0
        1807371.0
         449663.0
         607711.0
         893782.0
        1211079.0
         430326.0
         284697.0
         399225.0
         517011.0
         307960.0
             21.0
              0.0
              0.0
              0.0
              0.0
              0.0
              0.0
              0.0
              0.0
              0.0
              0.0
              0.0
              0.0
              0.0
              0.0
              0.0
              0.0
              0.0
              0.0
              0.0
              0.0
              0.0
              0.0
              0.0
              0.0
              0.0
              0.0
              0.0
              0.0
              0.0
              0.0
              0.0
              0.0
              0.0
              0.0
              0.0
              0.0
              0.0
              0.0
              0.0
              0.0
              0.0
          10023.0
          77590.0
         178248.0
         267548.0
         291720.0
         315829.0
         369066.0
         466098.0
         547457.0
         580582.0
         631791.0
         712816.0
         804918.0
         875137.0
         929010.0
         926325.0
         966450.0
        1165993.0
        1382869.0
        1282461.0
        1449942.0
        1548720.0
        1439640.0
        1435900.0
        1427836.0
        1439895.0
        1374843.0
        1684823.0
        2415245.0
        2621046.0
        2639746.0
        1771706.0
        1776480.0
        2389878.0
        2199328.0
        1437350.0
        1320007.0
        1656427.0
        2343347.0
        1601418.0
        1084416.0
        1177978.0
        1571163.0
        1971804.0
        1329415.0
         759669.0
         913784.0
        1237017.0
        1651350.0
        1051482.0
         484522.0
         656335.0
        1004676.0
        1535912.0
         737762.0
         343304.0
         548487.0
         862699.0
        1069221.0
          91201.0
              0.0
              0.0
              0.0
              0.0
              0.0
              0.0
              0.0
              0.0
              0.0
              0.0
              0.0
              0.0
              0.0
              0.0
              0.0
              0.0
              0.0
              0.0
              0.0
              0.0
              0.0
              0.0
              0.0
              0.0
              0.0
              0.0
              0.0
              0.0
              0.0
              0.0
              0.0
              0.0
              0.0
              0.0
              0.0
              0.0
              0.0
              0.0
              0.0
              0.0
              0.0
              0.0
          11301.0
          83550.0
         176864.0
         230788.0
         278423.0
         373218.0
         488246.0
         594319.0
         711056.0
         816849.0
         927047.0
        1010529.0
         932464.0
         977303.0
         822091.0
         750669.0
         847115.0
         985678.0
         894472.0
         947402.0
         879578.0
         832459.0
         778634.0
         806369.0
         785350.0
         948918.0
        1297312.0
        1575731.0
        2448129.0
        3066574.0
        1788679.0
        1734252.0
        2322730.0
        2600091.0
        2021383.0
        1609430.0
        1843930.0
        2242417.0
        1647350.0
        1409702.0
        1415615.0
        1692539.0
        1533722.0
        1074467.0
         919750.0
         902754.0
         957931.0
        1038137.0
         575370.0
         443547.0
         532979.0
         737653.0
         741545.0
         314683.0
         274633.0
         401127.0
         601800.0
         561089.0
          40667.0
              0.0
              0.0
              0.0
              0.0
              0.0
              0.0
              0.0
              0.0
              0.0
              0.0
              0.0
              0.0
              0.0
              0.0
              0.0
              0.0
              0.0
              0.0
              0.0
              0.0
              0.0
              0.0
              0.0
              0.0
              0.0
              0.0
              0.0
              0.0
              0.0
              0.0
              0.0
              0.0
              0.0
              0.0
              0.0
              0.0
              0.0
              0.0
              0.0
              0.0
              0.0
              0.0
              0.0
          11254.0
          72733.0
         159033.0
         259510.0
         402583.0
         533465.0
         623391.0
         673356.0
         688483.0
         676144.0
         728462.0
         657578.0
         721855.0
         624039.0
         576905.0
         621545.0
         675928.0
         711166.0
         727278.0
         639229.0
         610395.0
         605765.0
         640013.0
         758138.0
         893376.0
        1208099.0
        1855873.0
        3659415.0
        5482506.0
        2909805.0
        2374827.0
        3111099.0
        4488834.0
        3483032.0
        2480157.0
        2759842.0
        3374765.0
        2788815.0
        2479818.0
        2257666.0
        2447805.0
        2094842.0
        1809152.0
        1344995.0
        1247633.0
        1118033.0
         975863.0
         556422.0
         327323.0
         464057.0
         565391.0
         470181.0
         232623.0
         218396.0
         309468.0
         372421.0
         271412.0
          21794.0
              0.0
              0.0
              0.0
              0.0
              0.0
              0.0
              0.0
              0.0
              0.0
              0.0
              0.0
              0.0
              0.0
              0.0
              0.0
              0.0
              0.0
              0.0
              0.0
              0.0
              0.0
              0.0
              0.0
              0.0
              0.0
              0.0
              0.0
              0.0
              0.0
              0.0
              0.0
              0.0
              0.0
              0.0
              0.0
              0.0
              0.0
              0.0
              0.0
              0.0
              0.0
              0.0
              0.0
              0.0
          10686.0
          85567.0
         225973.0
         316792.0
         373135.0
         449684.0
         508249.0
         490567.0
         487190.0
         548431.0
         555022.0
         597231.0
         543392.0
         548179.0
         583264.0
         684709.0
         680788.0
         697545.0
         670889.0
         594437.0
         612027.0
         681036.0
         883299.0
        1225889.0
        1683365.0
        3047888.0
        4426326.0
        5489261.0
        3477239.0
        3201577.0
        4223806.0
        5191459.0
        5928747.0
        3973174.0
        4219062.0
        4600046.0
        5098055.0
        5138427.0
        3856195.0
        3726488.0
        3501227.0
        4061050.0
        2824237.0
        2045428.0
        1639298.0
        1517255.0
        1251019.0
         409686.0
         434848.0
         579337.0
         581058.0
         221371.0
         214027.0
         305628.0
         364423.0
         249988.0
           7840.0
              0.0
              0.0
              0.0
              0.0
              0.0
              0.0
              0.0
              0.0
              0.0
              0.0
              0.0
              0.0
              0.0
              0.0
              0.0
              0.0
              0.0
              0.0
              0.0
              0.0
              0.0
              0.0
              0.0
              0.0
              0.0
              0.0
              0.0
              0.0
              0.0
              0.0
              0.0
              0.0
              0.0
              0.0
              0.0
              0.0
              0.0
              0.0
              0.0
              0.0
              0.0
              0.0
              0.0
              0.0
              0.0
          14418.0
          84381.0
         177138.0
         258441.0
         335958.0
         397317.0
         395804.0
         403295.0
         465014.0
         527117.0
         575429.0
         545338.0
         561424.0
         600610.0
         677553.0
         772899.0
         752165.0
         808435.0
         898396.0
         949410.0
        1102550.0
        1434195.0
        1944128.0
        2493778.0
        2669874.0
        4004360.0
        3247739.0
        3154837.0
        3223935.0
        3446543.0
        5238457.0
        3227997.0
        2594436.0
        2562224.0
        3132336.0
        4713188.0
        2328294.0
        1589227.0
        1517225.0
        2326158.0
        3623122.0
        1484140.0
         943230.0
        1117131.0
        1916279.0
        3011190.0
         752838.0
         665454.0
         978239.0
        1640500.0
        1581952.0
         360552.0
         459366.0
         675336.0
         840672.0
         213840.0
              0.0
              0.0
              0.0
              0.0
              0.0
              0.0
              0.0
              0.0
              0.0
              0.0
              0.0
              0.0
              0.0
              0.0
              0.0
              0.0
              0.0
              0.0
              0.0
              0.0
              0.0
              0.0
              0.0
              0.0
              0.0
              0.0
              0.0
              0.0
              0.0
              0.0
              0.0
              0.0
              0.0
              0.0
              0.0
              0.0
              0.0
              0.0
              0.0
              0.0
              0.0
              0.0
              0.0
              0.0
              0.0
              0.0
           9988.0
          73923.0
         179443.0
         273760.0
         318117.0
         329207.0
         395352.0
         454820.0
         546787.0
         557970.0
         622830.0
         786660.0
         875709.0
         864698.0
        1015749.0
        1026533.0
        1079304.0
        1224479.0
        1309518.0
        1178611.0
        1409768.0
        1803579.0
        2089857.0
        2540631.0
        2189438.0
        2646861.0
        2121309.0
        1767210.0
        2296232.0
        2122025.0
        2015847.0
        1431393.0
        1566640.0
        2260185.0
        1634834.0
        1065811.0
        1109367.0
        1513767.0
        2106081.0
        1304702.0
         879100.0
        1025562.0
        1386752.0
        1779833.0
        1109709.0
         618778.0
         738962.0
        1076972.0
        1624177.0
         924760.0
         385430.0
         583413.0
         943289.0
        1410913.0
         446377.0
              0.0
              0.0
              0.0
              0.0
              0.0
              0.0
              0.0
              0.0
              0.0
              0.0
              0.0
              0.0
              0.0
              0.0
              0.0
              0.0
              0.0
              0.0
              0.0
              0.0
              0.0
              0.0
              0.0
              0.0
              0.0
              0.0
              0.0
              0.0
              0.0
              0.0
              0.0
              0.0
              0.0
              0.0
              0.0
              0.0
              0.0
              0.0
              0.0
              0.0
              0.0
              0.0
              0.0
              0.0
              0.0
              0.0
              0.0
          11116.0
          90006.0
         178875.0
         232086.0
         285883.0
         385301.0
         484755.0
         585343.0
         682157.0
         863862.0
         998208.0
        1171752.0
         929600.0
         913017.0
         889871.0
         769931.0
         801808.0
         871929.0
         728591.0
         735057.0
         914515.0
         965002.0
        1231880.0
        1816414.0
        3261687.0
        2480298.0
        1895826.0
        1791949.0
        2318548.0
        2458673.0
        1581796.0
        1657580.0
        2140680.0
        2056052.0
        1579549.0
        1404869.0
        1652076.0
        1804874.0
        1180141.0
        1128487.0
        1143985.0
        1274994.0
        1124959.0
         746159.0
         611411.0
         569359.0
         756540.0
         798522.0
         357437.0
         307954.0
         458138.0
         662772.0
         617723.0
         108323.0
              0.0
              0.0
              0.0
              0.0
              0.0
              0.0
              0.0
              0.0
              0.0
              0.0
              0.0
              0.0
              0.0
              0.0
              0.0
              0.0
              0.0
              0.0
              0.0
              0.0
              0.0
              0.0
              0.0
              0.0
              0.0
              0.0
              0.0
              0.0
              0.0
              0.0
              0.0
              0.0
              0.0
              0.0
              0.0
              0.0
              0.0
              0.0
              0.0
              0.0
              0.0
              0.0
              0.0
              0.0
              0.0
              0.0
              0.0
              0.0
          13480.0
          75720.0
         175804.0
         263374.0
         393329.0
         500763.0
         517304.0
         584091.0
         668126.0
         677149.0
         739694.0
         602555.0
         639240.0
         632815.0
         562506.0
         563306.0
         559974.0
         551473.0
         589482.0
         711296.0
         805027.0
        1101956.0
        2476363.0
        5399662.0
        3883458.0
        2484748.0
        2550886.0
        4143435.0
        4882921.0
        2673718.0
        2366789.0
        3246834.0
        3881010.0
        2922509.0
        2305219.0
        2705863.0
        2919979.0
        2173668.0
        2055667.0
        1816976.0
        1792832.0
        1344780.0
        1154169.0
         770117.0
         622795.0
         569536.0
         536167.0
         314411.0
         219122.0
         309716.0
         391241.0
         299024.0
          77649.0
              0.0
              0.0
              0.0
              0.0
              0.0
              0.0
              0.0
              0.0
              0.0
              0.0
              0.0
              0.0
              0.0
              0.0
              0.0
              0.0
              0.0
              0.0
              0.0
              0.0
              0.0
              0.0
              0.0
              0.0
              0.0
              0.0
              0.0
              0.0
              0.0
              0.0
              0.0
              0.0
              0.0
              0.0
              0.0
              0.0
              0.0
              0.0
              0.0
              0.0
              0.0
              0.0
              0.0
              0.0
              0.0
              0.0
              0.0
              0.0
              0.0
          11328.0
          85058.0
         198645.0
         283338.0
         324881.0
         369992.0
         440025.0
         463469.0
         468083.0
         537764.0
         507340.0
         551976.0
         512996.0
         465684.0
         421022.0
         443792.0
         492428.0
         638485.0
         820679.0
        1167842.0
        2081166.0
        3720861.0
        4200613.0
        2438754.0
        2394230.0
        3495154.0
        4444262.0
        5101937.0
        3434110.0
        3470483.0
        4200940.0
        4842715.0
        5662172.0
        3954188.0
        4042731.0
        3994895.0
        4649622.0
        4580913.0
        3009732.0
        2631829.0
        2143578.0
        2626627.0
        1566145.0
         799162.0
         666742.0
         702243.0
         635747.0
         271194.0
         322951.0
         394801.0
         307516.0
          32299.0
           1620.0
              0.0
              0.0
              0.0
              0.0
              0.0
              0.0
              0.0
              0.0
              0.0
              0.0
              0.0
              0.0
              0.0
              0.0
              0.0
              0.0
              0.0
              0.0
              0.0
              0.0
              0.0
              0.0
              0.0
              0.0
              0.0
              0.0
              0.0
              0.0
              0.0
              0.0
              0.0
              0.0
              0.0
              0.0
              0.0
              0.0
              0.0
              0.0
              0.0
              0.0
              0.0
              0.0
              0.0
              0.0
              0.0
              0.0
              0.0
              0.0
              0.0
          12960.0
          80543.0
         154688.0
         212208.0
         278458.0
         364290.0
         382155.0
         409850.0
         444485.0
         476077.0
         528578.0
         477620.0
         515219.0
         489227.0
         492649.0
         642345.0
         850771.0
        1227239.0
        1623769.0
        2401089.0
        3181322.0
        1950290.0
        2202029.0
        2537891.0
        2712773.0
        4129333.0
        2535339.0
        2581880.0
        2549191.0
        2968850.0
        4514097.0
        2307865.0
        1696109.0
        1483932.0
        1988051.0
        3617191.0
        1216769.0
         714042.0
         896228.0
        1779490.0
        3393877.0
        1027085.0
         693130.0
         980779.0
        1853824.0
        2880769.0
         649419.0
         543842.0
         805034.0
        1370221.0
        1275830.0
          77867.0
          11358.0
              0.0
              0.0
              0.0
              0.0
              0.0
              0.0
              0.0
              0.0
              0.0
              0.0
              0.0
              0.0
              0.0
              0.0
              0.0
              0.0
              0.0
              0.0
              0.0
              0.0
              0.0
              0.0
              0.0
              0.0
              0.0
              0.0
              0.0
              0.0
              0.0
              0.0
              0.0
              0.0
              0.0
              0.0
              0.0
              0.0
              0.0
              0.0
              0.0
              0.0
              0.0
              0.0
              0.0
              0.0
              0.0
              0.0
              0.0
              0.0
              0.0
          10478.0
          66502.0
         151243.0
         238915.0
         304498.0
         334072.0
         373756.0
         411250.0
         460575.0
         527486.0
         553004.0
         694918.0
         837219.0
         821434.0
        1108750.0
        1381195.0
        1742691.0
        2022368.0
        1911946.0
        1265051.0
        1237299.0
        1497677.0
        1719264.0
        2198425.0
        1373536.0
         904965.0
         837598.0
         972481.0
        1487942.0
         680688.0
         453367.0
         619412.0
         954140.0
        1531227.0
         727463.0
         414805.0
         626195.0
        1010192.0
        1650282.0
         843374.0
         429396.0
         633781.0
        1033634.0
        1685910.0
         868018.0
         410198.0
         607259.0
         990073.0
        1528205.0
         647865.0
           8977.0
           1676.0
              0.0
              0.0
              0.0
              0.0
              0.0
              0.0
              0.0
              0.0
              0.0
              0.0
              0.0
              0.0
              0.0
              0.0
              0.0
              0.0
              0.0
              0.0
              0.0
              0.0
              0.0
              0.0
              0.0
              0.0
              0.0
              0.0
              0.0
              0.0
              0.0
              0.0
              0.0
              0.0
              0.0
              0.0
              0.0
              0.0
              0.0
              0.0
              0.0
              0.0
              0.0
              0.0
              0.0
              0.0
              0.0
              0.0
              0.0
              0.0
              0.0
              0.0
           9350.0
          70626.0
         166737.0
         238015.0
         284060.0
         379816.0
         469537.0
         561256.0
         611277.0
         646368.0
         784608.0
         844937.0
         855485.0
         896557.0
         891327.0
        1023462.0
         998563.0
         934197.0
         516226.0
         523680.0
         611066.0
         649597.0
         736484.0
         483843.0
         455816.0
         549630.0
         716696.0
         592151.0
         278328.0
         319268.0
         451884.0
         667694.0
         703020.0
         320776.0
         349367.0
         492598.0
         638454.0
         637065.0
         328205.0
         334636.0
         496567.0
         708697.0
         663943.0
         282419.0
         285971.0
         426979.0
         617514.0
         627483.0
         108152.0
            137.0
              0.0
              0.0
              0.0
              0.0
              0.0
              0.0
              0.0
              0.0
              0.0
              0.0
              0.0
              0.0
              0.0
              0.0
              0.0
              0.0
              0.0
              0.0
              0.0
              0.0
              0.0
              0.0
              0.0
              0.0
              0.0
              0.0
              0.0
              0.0
              0.0
              0.0
              0.0
              0.0
              0.0
              0.0
              0.0
              0.0
              0.0
              0.0
              0.0
              0.0
              0.0
              0.0
              0.0
              0.0
              0.0
              0.0
              0.0
              0.0
              0.0
              0.0
              0.0
              0.0
          10540.0
          74723.0
         181244.0
         331652.0
         495674.0
         494694.0
         447273.0
         375650.0
         383938.0
         438650.0
         447671.0
         428410.0
         488538.0
         488074.0
         543145.0
         518656.0
         462878.0
         350925.0
         370568.0
         408084.0
         355112.0
         351891.0
         237687.0
         267135.0
         331041.0
         423562.0
         296508.0
         167584.0
         224439.0
         285263.0
         333140.0
         338705.0
         181873.0
         246207.0
         330185.0
         392967.0
         354586.0
         204851.0
         236653.0
         325972.0
         436740.0
         395810.0
         189603.0
         201001.0
         293486.0
         361679.0
         295341.0
          67053.0
              0.0
              0.0
              0.0
              0.0
              0.0
              0.0
              0.0
              0.0
              0.0
              0.0
              0.0
              0.0
              0.0
              0.0
              0.0
              0.0
              0.0
              0.0
              0.0
              0.0
              0.0
              0.0
              0.0
              0.0
              0.0
              0.0
              0.0
              0.0
              0.0
              0.0
              0.0
              0.0
              0.0
              0.0
              0.0
              0.0
              0.0
              0.0
              0.0
              0.0
              0.0
              0.0
              0.0
              0.0
              0.0
              0.0
              0.0
              0.0
              0.0
              0.0
              0.0
              0.0
              0.0
              0.0
          12767.0
         107340.0
         232850.0
         308859.0
         288158.0
         246881.0
         215051.0
         218421.0
         233456.0
         254730.0
         257280.0
         270763.0
         290335.0
         256783.0
         253107.0
         237679.0
         212525.0
         215295.0
         238121.0
         204992.0
         157589.0
         144075.0
         169983.0
         222445.0
         252040.0
         248446.0
         130984.0
         167233.0
         213015.0
         230542.0
         246726.0
         152650.0
         178947.0
         231376.0
         245864.0
         217040.0
         130041.0
         160745.0
         216848.0
         241153.0
         196094.0
         101561.0
         137333.0
         183707.0
         193769.0
         111809.0
          10486.0
              0.0
              0.0
              0.0
              0.0
              0.0
              0.0
              0.0
              0.0
              0.0
              0.0
              0.0
              0.0
              0.0
              0.0
              0.0
              0.0
              0.0
              0.0
              0.0
              0.0
              0.0
              0.0
              0.0
              0.0
              0.0
              0.0
              0.0
              0.0
              0.0
              0.0
              0.0
              0.0
              0.0
              0.0
              0.0
              0.0
              0.0
              0.0
              0.0
              0.0
              0.0
              0.0
              0.0
              0.0
              0.0
              0.0
              0.0
              0.0
              0.0
              0.0
              0.0
              0.0
              0.0
              0.0
              0.0
          13043.0
          84126.0
         130059.0
         144252.0
         141237.0
         136339.0
         149445.0
         178750.0
         192255.0
         167399.0
         165226.0
         183903.0
         210421.0
         190326.0
         128939.0
         123342.0
         151091.0
         174025.0
         212372.0
         179587.0
         112160.0
         129012.0
         164651.0
         189707.0
         148531.0
          92043.0
         123257.0
         150106.0
         135678.0
         125297.0
          98371.0
         126407.0
         168118.0
         195624.0
         117942.0
          95141.0
         124398.0
         155948.0
         161377.0
         110304.0
          65860.0
          93239.0
         134657.0
         150900.0
         120503.0
           1262.0
              0.0
              0.0
              0.0
              0.0
              0.0
              0.0
              0.0
              0.0
              0.0
              0.0
              0.0
              0.0
              0.0
              0.0
              0.0
              0.0
              0.0
              0.0
              0.0
              0.0
              0.0
              0.0
              0.0
              0.0
              0.0
              0.0
              0.0
              0.0
              0.0
              0.0
              0.0
              0.0
              0.0
              0.0
              0.0
              0.0
              0.0
              0.0
              0.0
              0.0
              0.0
              0.0
              0.0
              0.0
              0.0
              0.0
              0.0
              0.0
              0.0
              0.0
              0.0
              0.0
              0.0
              0.0
              0.0
              0.0
           8665.0
          43949.0
          68486.0
          78697.0
          94717.0
          97148.0
          98972.0
         104759.0
         117778.0
         128055.0
         109128.0
         105107.0
          90936.0
          98728.0
         112248.0
         121092.0
         130521.0
         124283.0
         101758.0
          72058.0
          89835.0
          97378.0
         113174.0
          81942.0
          71695.0
          94375.0
         102981.0
          78333.0
          80767.0
          83502.0
         117831.0
         133187.0
         136598.0
          94779.0
          66866.0
          93716.0
         114340.0
         134931.0
         139201.0
          52258.0
          74922.0
          98797.0
          93918.0
          65859.0
           5186.0
              0.0
              0.0
              0.0
              0.0
              0.0
              0.0
              0.0
              0.0
              0.0
              0.0
              0.0
              0.0
              0.0
              0.0
              0.0
              0.0
              0.0
              0.0
              0.0
              0.0
              0.0
              0.0
              0.0
              0.0
              0.0
              0.0
              0.0
              0.0
              0.0
              0.0
              0.0
              0.0
              0.0
              0.0
              0.0
              0.0
              0.0
              0.0
              0.0
              0.0
              0.0
              0.0
              0.0
              0.0
              0.0
              0.0
              0.0
              0.0
              0.0
              0.0
              0.0
              0.0
              0.0
              0.0
              0.0
              0.0
              0.0
           5411.0
          22877.0
          42315.0
          47985.0
          57641.0
          66031.0
          87682.0
          91410.0
          91013.0
          68169.0
          79703.0
         105348.0
          96515.0
          96086.0
         108345.0
         120101.0
          80482.0
          53439.0
          46736.0
          75416.0
          78486.0
          62672.0
          62987.0
          61813.0
          80650.0
          96186.0
          80621.0
          60326.0
          69822.0
          87305.0
         121248.0
         136445.0
         103394.0
          55190.0
          66264.0
          78990.0
          77247.0
          67746.0
          43102.0
          67655.0
          81960.0
          72245.0
          21593.0
              0.0
              0.0
              0.0
              0.0
              0.0
              0.0
              0.0
              0.0
              0.0
              0.0
              0.0
              0.0
              0.0
              0.0
              0.0
              0.0
              0.0
              0.0
              0.0
              0.0
              0.0
              0.0
              0.0
              0.0
              0.0
              0.0
              0.0
              0.0
              0.0
              0.0
              0.0
              0.0
              0.0
              0.0
              0.0
              0.0
              0.0
              0.0
              0.0
              0.0
              0.0
              0.0
              0.0
              0.0
              0.0
              0.0
              0.0
              0.0
              0.0
              0.0
              0.0
              0.0
              0.0
              0.0
              0.0
              0.0
              0.0
              0.0
              0.0
           2548.0
          11880.0
          26444.0
          39161.0
          56223.0
          53611.0
          48785.0
          57652.0
          75506.0
          93790.0
         112187.0
          78439.0
          75589.0
          78503.0
         101203.0
          69824.0
          34340.0
          40537.0
          46925.0
          45139.0
          42122.0
          48590.0
          46859.0
          70069.0
          83481.0
         119234.0
          78453.0
          43476.0
          57126.0
          69755.0
          68523.0
          47411.0
          36882.0
          52413.0
          63558.0
          59365.0
          50186.0
          51909.0
          81639.0
         124597.0
          94268.0
          25324.0
              0.0
              0.0
              0.0
              0.0
              0.0
              0.0
              0.0
              0.0
              0.0
              0.0
              0.0
              0.0
              0.0
              0.0
              0.0
              0.0
              0.0
              0.0
              0.0
              0.0
              0.0
              0.0
              0.0
              0.0
              0.0
              0.0
              0.0
              0.0
              0.0
              0.0
              0.0
              0.0
              0.0
              0.0
              0.0
              0.0
              0.0
              0.0
              0.0
              0.0
              0.0
              0.0
              0.0
              0.0
              0.0
              0.0
              0.0
              0.0
              0.0
              0.0
              0.0
              0.0
              0.0
              0.0
              0.0
              0.0
              0.0
              0.0
              0.0
              0.0
           1296.0
          10769.0
          29716.0
          28336.0
          27300.0
          36496.0
          63346.0
          59821.0
          72081.0
          69818.0
          50906.0
          61053.0
          54474.0
          44668.0
          40070.0
          23766.0
          47521.0
          54153.0
          35762.0
          39425.0
          51154.0
          54654.0
          69946.0
          74691.0
          72631.0
          36618.0
          33904.0
          36861.0
          43583.0
          41769.0
          31697.0
          35996.0
          49624.0
          62810.0
          43702.0
          30963.0
          40377.0
          56487.0
          75693.0
          74103.0
          33074.0
              0.0
              0.0
              0.0
              0.0
              0.0
              0.0
              0.0
              0.0
              0.0
              0.0
              0.0
              0.0
              0.0
              0.0
              0.0
              0.0
              0.0
              0.0
              0.0
              0.0
              0.0
              0.0
              0.0
              0.0
              0.0
              0.0
              0.0
              0.0
              0.0
              0.0
              0.0
              0.0
              0.0
              0.0
              0.0
              0.0
              0.0
              0.0
              0.0
              0.0
              0.0
              0.0
              0.0
              0.0
              0.0
              0.0
              0.0
              0.0
              0.0
              0.0
              0.0
              0.0
              0.0
              0.0
              0.0
              0.0
              0.0
              0.0
              0.0
              0.0
              0.0
           1493.0
           9702.0
          13297.0
          26296.0
          32969.0
          45678.0
          45544.0
          53213.0
          41279.0
          26612.0
          38148.0
          43663.0
          33141.0
          27177.0
          29908.0
          35316.0
          45478.0
          48282.0
          68865.0
          38261.0
          45638.0
          57649.0
          70940.0
          56960.0
          25282.0
          29436.0
          30705.0
          35151.0
          37227.0
          30282.0
          45500.0
          59799.0
          81863.0
          74813.0
          39259.0
          33972.0
          43786.0
          50154.0
          34951.0
          11249.0
              0.0
              0.0
              0.0
              0.0
              0.0
              0.0
              0.0
              0.0
              0.0
              0.0
              0.0
              0.0
              0.0
              0.0
              0.0
              0.0
              0.0
              0.0
              0.0
              0.0
              0.0
              0.0
              0.0
              0.0
              0.0
              0.0
              0.0
              0.0
              0.0
              0.0
              0.0
              0.0
              0.0
              0.0
              0.0
              0.0
              0.0
              0.0
              0.0
              0.0
              0.0
              0.0
              0.0
              0.0
              0.0
              0.0
              0.0
              0.0
              0.0
              0.0
              0.0
              0.0
              0.0
              0.0
              0.0
              0.0
              0.0
              0.0
              0.0
              0.0
              0.0
              0.0
            713.0
           5205.0
          14704.0
          24265.0
          35060.0
          32380.0
          33023.0
          23500.0
          20841.0
          26162.0
          27773.0
          23017.0
          21759.0
          32759.0
          32726.0
          42669.0
          40501.0
          56502.0
          26716.0
          30766.0
          39979.0
          38225.0
          38504.0
          22572.0
          33142.0
          39641.0
          49955.0
          26879.0
          36501.0
          38449.0
          65806.0
          66784.0
          57108.0
          24217.0
          19474.0
          25268.0
          28351.0
          18094.0
           2910.0
              0.0
              0.0
              0.0
              0.0
              0.0
              0.0
              0.0
              0.0
              0.0
              0.0
              0.0
              0.0
              0.0
              0.0
              0.0
              0.0
              0.0
              0.0
              0.0
              0.0
              0.0
              0.0
              0.0
              0.0
              0.0
              0.0
              0.0
              0.0
              0.0
              0.0
              0.0
              0.0
              0.0
              0.0
              0.0
              0.0
              0.0
              0.0
              0.0
              0.0
              0.0
              0.0
              0.0
              0.0
              0.0
              0.0
              0.0
              0.0
              0.0
              0.0
              0.0
              0.0
              0.0
              0.0
              0.0
              0.0
              0.0
              0.0
              0.0
              0.0
              0.0
              0.0
              0.0
            788.0
           9144.0
          15972.0
          15889.0
          24060.0
          14094.0
          27729.0
          18830.0
          26654.0
          31261.0
          22224.0
          26864.0
          24029.0
          35943.0
          45963.0
          39204.0
          43304.0
          21200.0
          28554.0
          29287.0
          28161.0
          27691.0
          19838.0
          27365.0
          33218.0
          35165.0
          24316.0
          24444.0
          33343.0
          47033.0
          52665.0
          36707.0
          12135.0
          14888.0
          18785.0
          19466.0
          10355.0
            915.0
              0.0
              0.0
              0.0
              0.0
              0.0
              0.0
              0.0
              0.0
              0.0
              0.0
              0.0
              0.0
              0.0
              0.0
              0.0
              0.0
              0.0
              0.0
              0.0
              0.0
              0.0
              0.0
              0.0
              0.0
              0.0
              0.0
              0.0
              0.0
              0.0
              0.0
              0.0
              0.0
              0.0
              0.0
              0.0
              0.0
              0.0
              0.0
              0.0
              0.0
              0.0
              0.0
              0.0
              0.0
              0.0
              0.0
              0.0
              0.0
              0.0
              0.0
              0.0
              0.0
              0.0
              0.0
              0.0
              0.0
              0.0
              0.0
              0.0
              0.0
              0.0
              0.0
              0.0
              0.0
            746.0
           5507.0
          11459.0
          15187.0
           9817.0
          11219.0
          11553.0
          15611.0
          15822.0
          13619.0
          17620.0
          17230.0
          25776.0
          40161.0
          39077.0
          27118.0
          25246.0
          29191.0
          43689.0
          31629.0
          22976.0
          31648.0
          33116.0
          45084.0
          45407.0
          58871.0
          21227.0
          30438.0
          43696.0
          31715.0
          17999.0
           8855.0
          11195.0
          14287.0
          14027.0
           5667.0
            203.0
              0.0
              0.0
              0.0
              0.0
              0.0
              0.0
              0.0
              0.0
              0.0
              0.0
              0.0
              0.0
              0.0
              0.0
              0.0
              0.0
              0.0
              0.0
              0.0
              0.0
              0.0
              0.0
              0.0
              0.0
              0.0
              0.0
              0.0
              0.0
              0.0
              0.0
              0.0
              0.0
              0.0
              0.0
              0.0
              0.0
              0.0
              0.0
              0.0
              0.0
              0.0
              0.0
              0.0
              0.0
              0.0
              0.0
              0.0
              0.0
              0.0
              0.0
              0.0
              0.0
              0.0
              0.0
              0.0
              0.0
              0.0
              0.0
              0.0
              0.0
              0.0
              0.0
              0.0
              0.0
              0.0
            385.0
           3046.0
           9690.0
           6801.0
           7524.0
          11956.0
          13448.0
          12871.0
          12915.0
          14249.0
          14840.0
          19894.0
          28166.0
          26863.0
          15565.0
          13863.0
          20193.0
          25101.0
          17455.0
          17526.0
          18290.0
          25503.0
          35169.0
          34702.0
          35500.0
          24347.0
          22714.0
          25476.0
          23525.0
          16563.0
          10009.0
          12757.0
          16235.0
          17501.0
           6466.0
             46.0
              0.0
              0.0
              0.0
              0.0
              0.0
              0.0
              0.0
              0.0
              0.0
              0.0
              0.0
              0.0
              0.0
              0.0
              0.0
              0.0
              0.0
              0.0
              0.0
              0.0
              0.0
              0.0
              0.0
              0.0
              0.0
              0.0
              0.0
              0.0
              0.0
              0.0
              0.0
              0.0
              0.0
              0.0
              0.0
              0.0
              0.0
              0.0
              0.0
              0.0
              0.0
              0.0
              0.0
              0.0
              0.0
              0.0
              0.0
              0.0
              0.0
              0.0
              0.0
              0.0
              0.0
              0.0
              0.0
              0.0
              0.0
              0.0
              0.0
              0.0
              0.0
              0.0
              0.0
              0.0
              0.0
              0.0
            279.0
           1598.0
           3601.0
          12299.0
          13718.0
          17459.0
          17330.0
          21531.0
          11204.0
          19891.0
          37377.0
          29555.0
          17349.0
          19624.0
          19966.0
          27457.0
          33786.0
          17832.0
          14738.0
          21972.0
          28143.0
          33384.0
          36889.0
          24153.0
          18334.0
          14155.0
          18934.0
          18922.0
          20045.0
          12716.0
          24398.0
          26781.0
          36417.0
          21998.0
              0.0
              0.0
              0.0
              0.0
              0.0
              0.0
              0.0
              0.0
              0.0
              0.0
              0.0
              0.0
              0.0
              0.0
              0.0
              0.0
              0.0
              0.0
              0.0
              0.0
              0.0
              0.0
              0.0
              0.0
              0.0
              0.0
              0.0
              0.0
              0.0
              0.0
              0.0
              0.0
              0.0
              0.0
              0.0
              0.0
              0.0
              0.0
              0.0
              0.0
              0.0
              0.0
              0.0
              0.0
              0.0
              0.0
              0.0
              0.0
              0.0
              0.0
              0.0
              0.0
              0.0
              0.0
              0.0
              0.0
              0.0
              0.0
              0.0
              0.0
              0.0
              0.0
              0.0
              0.0
              0.0
              0.0
              0.0
              0.0
            217.0
           5237.0
           7469.0
          17287.0
          12532.0
          18713.0
          24039.0
           8756.0
          15166.0
          16193.0
          13355.0
          10995.0
           8698.0
          18481.0
          16005.0
          17570.0
          18422.0
          14655.0
          18750.0
          31492.0
          27853.0
          22333.0
          12993.0
          11620.0
          17355.0
          21859.0
          35051.0
          16549.0
          14474.0
          30987.0
          24154.0
          28929.0
          10545.0
              0.0
              0.0
              0.0
              0.0
              0.0
              0.0
              0.0
              0.0
              0.0
              0.0
              0.0
              0.0
              0.0
              0.0
              0.0
              0.0
              0.0
              0.0
              0.0
              0.0
              0.0
              0.0
              0.0
              0.0
              0.0
              0.0
              0.0
              0.0
              0.0
              0.0
              0.0
              0.0
              0.0
              0.0
              0.0
              0.0
              0.0
              0.0
              0.0
              0.0
              0.0
              0.0
              0.0
              0.0
              0.0
              0.0
              0.0
              0.0
              0.0
              0.0
              0.0
              0.0
              0.0
              0.0
              0.0
              0.0
              0.0
              0.0
              0.0
              0.0
              0.0
              0.0
              0.0
              0.0
              0.0
              0.0
              0.0
              0.0
              0.0
            277.0
           5456.0
           9452.0
           9983.0
          12616.0
           7653.0
          12423.0
          18654.0
          17732.0
          11579.0
          11974.0
           9892.0
          16180.0
          17656.0
          19140.0
          23329.0
          19226.0
          11560.0
          15979.0
          19217.0
          26350.0
           8805.0
          18164.0
          12375.0
          30983.0
          19736.0
           6263.0
          17122.0
          21505.0
          30794.0
          32009.0
           9629.0
              0.0
              0.0
              0.0
              0.0
              0.0
              0.0
              0.0
              0.0
              0.0
              0.0
              0.0
              0.0
              0.0
              0.0
              0.0
              0.0
              0.0
              0.0
              0.0
              0.0
              0.0
              0.0
              0.0
              0.0
              0.0
              0.0
              0.0
              0.0
              0.0
              0.0
              0.0
              0.0
              0.0
              0.0
              0.0
              0.0
              0.0
              0.0
              0.0
              0.0
              0.0
              0.0
              0.0
              0.0
              0.0
              0.0
              0.0
              0.0
              0.0
              0.0
              0.0
              0.0
              0.0
              0.0
              0.0
              0.0
              0.0
              0.0
              0.0
              0.0
              0.0
              0.0
              0.0
              0.0
              0.0
              0.0
              0.0
              0.0
              0.0
              0.0
            260.0
           3843.0
           5043.0
           8160.0
           6484.0
          19213.0
          23028.0
          15311.0
          10692.0
          13514.0
          20297.0
          20350.0
          21766.0
          19594.0
          19317.0
          10735.0
          15273.0
          18868.0
          22380.0
          13512.0
           9831.0
          10731.0
          16337.0
          20178.0
          13138.0
           8059.0
           9327.0
          13369.0
          19184.0
          12500.0
           2288.0
              0.0
              0.0
              0.0
              0.0
              0.0
              0.0
              0.0
              0.0
              0.0
              0.0
              0.0
              0.0
              0.0
              0.0
              0.0
              0.0
              0.0
              0.0
              0.0
              0.0
              0.0
              0.0
              0.0
              0.0
              0.0
              0.0
              0.0
              0.0
              0.0
              0.0
              0.0
              0.0
              0.0
              0.0
              0.0
              0.0
              0.0
              0.0
              0.0
              0.0
              0.0
              0.0
              0.0
              0.0
              0.0
              0.0
              0.0
              0.0
              0.0
              0.0
              0.0
              0.0
              0.0
              0.0
              0.0
              0.0
              0.0
              0.0
              0.0
              0.0
              0.0
              0.0
              0.0
              0.0
              0.0
              0.0
              0.0
              0.0
              0.0
              0.0
              0.0
            321.0
           3788.0
           2695.0
           4002.0
           5166.0
          10579.0
           9498.0
          16812.0
           8724.0
          16998.0
          18389.0
          28666.0
          25942.0
          16568.0
           7563.0
          16616.0
          19936.0
          26953.0
          18472.0
           6273.0
          15349.0
          22192.0
          25175.0
           9321.0
          13361.0
          15467.0
          20755.0
          22615.0
          10465.0
           1265.0
              0.0
              0.0
              0.0
              0.0
              0.0
              0.0
              0.0
              0.0
              0.0
              0.0
              0.0
              0.0
              0.0
              0.0
              0.0
              0.0
              0.0
              0.0
              0.0
              0.0
              0.0
              0.0
              0.0
              0.0
              0.0
              0.0
              0.0
              0.0
              0.0
              0.0
              0.0
              0.0
              0.0
              0.0
              0.0
              0.0
              0.0
              0.0
              0.0
              0.0
              0.0
              0.0
              0.0
              0.0
              0.0
              0.0
              0.0
              0.0
              0.0
              0.0
              0.0
              0.0
              0.0
              0.0
              0.0
              0.0
              0.0
              0.0
              0.0
              0.0
              0.0
              0.0
              0.0
              0.0
              0.0
              0.0
              0.0
              0.0
              0.0
              0.0
              0.0
              0.0
            184.0
           1151.0
           4485.0
           4260.0
           5649.0
           7871.0
           5303.0
          10264.0
           8566.0
          11860.0
          13842.0
          13560.0
          12864.0
           7975.0
          11226.0
          14171.0
          21309.0
           9058.0
          13986.0
          15601.0
          19279.0
          23498.0
          21750.0
          10104.0
           8094.0
          10266.0
          12570.0
           7604.0
            531.0
              0.0
              0.0
              0.0
              0.0
              0.0
              0.0
              0.0
              0.0
              0.0
              0.0
              0.0
              0.0
              0.0
              0.0
              0.0
              0.0
              0.0
              0.0
              0.0
              0.0
              0.0
              0.0
              0.0
              0.0
              0.0
              0.0
              0.0
              0.0
              0.0
              0.0
              0.0
              0.0
              0.0
              0.0
              0.0
              0.0
              0.0
              0.0
              0.0
              0.0
              0.0
              0.0
              0.0
              0.0
              0.0
              0.0
              0.0
              0.0
              0.0
              0.0
              0.0
              0.0
              0.0
              0.0
              0.0
              0.0
              0.0
              0.0
              0.0
              0.0
              0.0
              0.0
              0.0
              0.0
              0.0
              0.0
              0.0
              0.0
              0.0
              0.0
              0.0
              0.0
              0.0
            196.0
           2749.0
           3160.0
           7518.0
           7708.0
           5234.0
           8556.0
           8248.0
          23765.0
          23614.0
          19502.0
          21079.0
           7533.0
          19275.0
          22456.0
          24138.0
          18516.0
          15356.0
          15443.0
          19386.0
          17236.0
          12211.0
           5311.0
           8511.0
          10748.0
          11816.0
           4747.0
            155.0
              0.0
              0.0
              0.0
              0.0
              0.0
              0.0
              0.0
              0.0
              0.0
              0.0
              0.0
              0.0
              0.0
              0.0
              0.0
              0.0
              0.0
              0.0
              0.0
              0.0
              0.0
              0.0
              0.0
              0.0
              0.0
              0.0
              0.0
              0.0
              0.0
              0.0
              0.0
              0.0
              0.0
              0.0
              0.0
              0.0
              0.0
              0.0
              0.0
              0.0
              0.0
              0.0
              0.0
              0.0
              0.0
              0.0
              0.0
              0.0
              0.0
              0.0
              0.0
              0.0
              0.0
              0.0
              0.0
              0.0
              0.0
              0.0
              0.0
              0.0
              0.0
              0.0
              0.0
              0.0
              0.0
              0.0
              0.0
              0.0
              0.0
              0.0
              0.0
              0.0
              0.0
              0.0
            286.0
           1142.0
           2720.0
           3085.0
          10159.0
           5781.0
           8172.0
          13872.0
          13595.0
          12087.0
           5094.0
           5969.0
          15352.0
          13219.0
          10974.0
          13258.0
           9256.0
          18288.0
          23424.0
          24340.0
          15467.0
           4773.0
           7831.0
          10002.0
          10717.0
           4778.0
             80.0
              0.0
              0.0
              0.0
              0.0
              0.0
              0.0
              0.0
              0.0
              0.0
              0.0
              0.0
              0.0
              0.0
              0.0
              0.0
              0.0
              0.0
              0.0
              0.0
              0.0
              0.0
              0.0
              0.0
              0.0
              0.0
              0.0
              0.0
              0.0
              0.0
              0.0
              0.0
              0.0
              0.0
              0.0
              0.0
              0.0
              0.0
              0.0
              0.0
              0.0
              0.0
              0.0
              0.0
              0.0
              0.0
              0.0
              0.0
              0.0
              0.0
              0.0
              0.0
              0.0
              0.0
              0.0
              0.0
              0.0
              0.0
              0.0
              0.0
              0.0
              0.0
              0.0
              0.0
              0.0
              0.0
              0.0
              0.0
              0.0
              0.0
              0.0
              0.0
              0.0
              0.0
              0.0
              0.0
            251.0
           1086.0
           5279.0
           2392.0
           3641.0
          13298.0
          11748.0
          13411.0
           8862.0
           4302.0
          10251.0
           8785.0
          18657.0
          13221.0
           4862.0
           7959.0
           7699.0
          10346.0
          13642.0
          11179.0
           4518.0
          13887.0
          16053.0
          16771.0
          10339.0
              8.0
              0.0
              0.0
              0.0
              0.0
              0.0
              0.0
              0.0
              0.0
              0.0
              0.0
              0.0
              0.0
              0.0
              0.0
              0.0
              0.0
              0.0
              0.0
              0.0
              0.0
              0.0
              0.0
              0.0
              0.0
              0.0
              0.0
              0.0
              0.0
              0.0
              0.0
              0.0
              0.0
              0.0
              0.0
              0.0
              0.0
              0.0
              0.0
              0.0
              0.0
              0.0
              0.0
              0.0
              0.0
              0.0
              0.0
              0.0
              0.0
              0.0
              0.0
              0.0
              0.0
              0.0
              0.0
              0.0
              0.0
              0.0
              0.0
              0.0
              0.0
              0.0
              0.0
              0.0
              0.0
              0.0
              0.0
              0.0
              0.0
              0.0
              0.0
              0.0
              0.0
              0.0
              0.0
              0.0
              0.0
            100.0
            705.0
           1657.0
           8022.0
           8993.0
          17022.0
          13520.0
           6783.0
           4027.0
           7115.0
           8791.0
          11157.0
           9388.0
           4273.0
          10362.0
           7287.0
          13764.0
          27353.0
           4357.0
          15090.0
           5252.0
          14877.0
          22979.0
           3018.0
              0.0
              0.0
              0.0
              0.0
              0.0
              0.0
              0.0
              0.0
              0.0
              0.0
              0.0
              0.0
              0.0
              0.0
              0.0
              0.0
              0.0
              0.0
              0.0
              0.0
              0.0
              0.0
              0.0
              0.0
              0.0
              0.0
              0.0
              0.0
              0.0
              0.0
              0.0
              0.0
              0.0
              0.0
              0.0
              0.0
              0.0
              0.0
              0.0
              0.0
              0.0
              0.0
              0.0
              0.0
              0.0
              0.0
              0.0
              0.0
              0.0
              0.0
              0.0
              0.0
              0.0
              0.0
              0.0
              0.0
              0.0
              0.0
              0.0
              0.0
              0.0
              0.0
              0.0
              0.0
              0.0
              0.0
              0.0
              0.0
              0.0
              0.0
              0.0
              0.0
              0.0
              0.0
              0.0
              0.0
              0.0
              0.0
            112.0
            831.0
           7115.0
           3448.0
           6950.0
           9568.0
           7446.0
           9981.0
          13460.0
          21203.0
          30579.0
           6373.0
           7198.0
          17880.0
           6873.0
          21165.0
          33725.0
           6303.0
           3560.0
           7529.0
          10563.0
          13434.0
           2402.0
              0.0
              0.0
              0.0
              0.0
              0.0
              0.0
              0.0
              0.0
              0.0
              0.0
              0.0
              0.0
              0.0
              0.0
              0.0
              0.0
              0.0
              0.0
              0.0
              0.0
              0.0
              0.0
              0.0
              0.0
              0.0
              0.0
              0.0
              0.0
              0.0
              0.0
              0.0
              0.0
              0.0
              0.0
              0.0
              0.0
              0.0
              0.0
              0.0
              0.0
              0.0
              0.0
              0.0
              0.0
              0.0
              0.0
              0.0
              0.0
              0.0
              0.0
              0.0
              0.0
              0.0
              0.0
              0.0
              0.0
              0.0
              0.0
              0.0
              0.0
              0.0
              0.0
              0.0
              0.0
              0.0
              0.0
              0.0
              0.0
              0.0
              0.0
              0.0
              0.0
              0.0
              0.0
              0.0
              0.0
              0.0
              0.0
              0.0
            128.0
            947.0
           4433.0
           3527.0
           9716.0
          16061.0
           3012.0
          10035.0
           7588.0
           9371.0
           5602.0
           5378.0
           4809.0
           8303.0
          10961.0
           9465.0
           2466.0
           4564.0
           5125.0
           8217.0
           6112.0
           2161.0
              0.0
              0.0
              0.0
              0.0
              0.0
              0.0
              0.0
              0.0
              0.0
              0.0
              0.0
              0.0
              0.0
              0.0
              0.0
              0.0
              0.0
              0.0
              0.0
              0.0
              0.0
              0.0
              0.0
              0.0
              0.0
              0.0
              0.0
              0.0
              0.0
              0.0
              0.0
              0.0
              0.0
              0.0
              0.0
              0.0
              0.0
              0.0
              0.0
              0.0
              0.0
              0.0
              0.0
              0.0
              0.0
              0.0
              0.0
              0.0
              0.0
              0.0
              0.0
              0.0
              0.0
              0.0
              0.0
              0.0
              0.0
              0.0
              0.0
              0.0
              0.0
              0.0
              0.0
              0.0
              0.0
              0.0
              0.0
              0.0
              0.0
              0.0
              0.0
              0.0
              0.0
              0.0
              0.0
              0.0
              0.0
              0.0
              0.0
              0.0
            175.0
           1291.0
           2318.0
           2353.0
           6943.0
           2618.0
          14331.0
           8589.0
          14607.0
          19315.0
          11665.0
           7675.0
          19051.0
          18621.0
          13050.0
           7211.0
           3062.0
           5184.0
           6493.0
           5456.0
            305.0
              0.0
              0.0
              0.0
              0.0
              0.0
              0.0
              0.0
              0.0
              0.0
              0.0
              0.0
              0.0
              0.0
              0.0
              0.0
              0.0
              0.0
              0.0
              0.0
              0.0
              0.0
              0.0
              0.0
              0.0
              0.0
              0.0
              0.0
              0.0
              0.0
              0.0
              0.0
              0.0
              0.0
              0.0
              0.0
              0.0
              0.0
              0.0
              0.0
              0.0
              0.0
              0.0
              0.0
              0.0
              0.0
              0.0
              0.0
              0.0
              0.0
              0.0
              0.0
              0.0
              0.0
              0.0
              0.0
              0.0
              0.0
              0.0
              0.0
              0.0
              0.0
              0.0
              0.0
              0.0
              0.0
              0.0
              0.0
              0.0
              0.0
              0.0
              0.0
              0.0
              0.0
              0.0
              0.0
              0.0
              0.0
              0.0
              0.0
              0.0
              0.0
            171.0
           2352.0
           7944.0
           3070.0
           2835.0
          11847.0
           4714.0
           6528.0
           4469.0
           3498.0
           8947.0
           7644.0
          17214.0
           4072.0
          16633.0
           4845.0
          21351.0
          22612.0
          13571.0
            148.0
              0.0
              0.0
              0.0
              0.0
              0.0
              0.0
              0.0
              0.0
              0.0
              0.0
              0.0
              0.0
              0.0
              0.0
              0.0
              0.0
              0.0
              0.0
              0.0
              0.0
              0.0
              0.0
              0.0
              0.0
              0.0
              0.0
              0.0
              0.0
              0.0
              0.0
              0.0
              0.0
              0.0
              0.0
              0.0
              0.0
              0.0
              0.0
              0.0
              0.0
              0.0
              0.0
              0.0
              0.0
              0.0
              0.0
              0.0
              0.0
              0.0
              0.0
              0.0
              0.0
              0.0
              0.0
              0.0
              0.0
              0.0
              0.0
              0.0
              0.0
              0.0
              0.0
              0.0
              0.0
              0.0
              0.0
              0.0
              0.0
              0.0
              0.0
              0.0
              0.0
              0.0
              0.0
              0.0
              0.0
              0.0
              0.0
              0.0
              0.0
              0.0
              0.0
            126.0
            521.0
           1362.0
           2810.0
           3359.0
           5498.0
           7246.0
           2232.0
           3320.0
           5171.0
           7037.0
           8162.0
           5123.0
           2156.0
           3341.0
           3956.0
           5062.0
           3610.0
            103.0
              0.0
              0.0
              0.0
              0.0
              0.0
              0.0
              0.0
              0.0
              0.0
              0.0
              0.0
              0.0
              0.0
              0.0
              0.0
              0.0
              0.0
              0.0
              0.0
              0.0
              0.0
              0.0
              0.0
              0.0
              0.0
              0.0
              0.0
              0.0
              0.0
              0.0
              0.0
              0.0
              0.0
              0.0
              0.0
              0.0
              0.0
              0.0
              0.0
              0.0
              0.0
              0.0
              0.0
              0.0
              0.0
              0.0
              0.0
              0.0
              0.0
              0.0
              0.0
              0.0
              0.0
              0.0
              0.0
              0.0
              0.0
              0.0
              0.0
              0.0
              0.0
              0.0
              0.0
              0.0
              0.0
              0.0
              0.0
              0.0
              0.0
              0.0
              0.0
              0.0
              0.0
              0.0
              0.0
              0.0
              0.0
              0.0
              0.0
              0.0
              0.0
              0.0
              0.0
             87.0
            715.0
           1664.0
          11164.0
           9983.0
           8011.0
           2449.0
           4359.0
           4606.0
           9039.0
          20595.0
           3075.0
           2600.0
          12620.0
           4333.0
          14764.0
          22672.0
             46.0
              0.0
              0.0
              0.0
              0.0
              0.0
              0.0
              0.0
              0.0
              0.0
              0.0
              0.0
              0.0
              0.0
              0.0
              0.0
              0.0
              0.0
              0.0
              0.0
              0.0
              0.0
              0.0
              0.0
              0.0
              0.0
              0.0
              0.0
              0.0
              0.0
              0.0
              0.0
              0.0
              0.0
              0.0
              0.0
              0.0
              0.0
              0.0
              0.0
              0.0
              0.0
              0.0
              0.0
              0.0
              0.0
              0.0
              0.0
              0.0
              0.0
              0.0
              0.0
              0.0
              0.0
              0.0
              0.0
              0.0
              0.0
              0.0
              0.0
              0.0
              0.0
              0.0
              0.0
              0.0
              0.0
              0.0
              0.0
              0.0
              0.0
              0.0
              0.0
              0.0
              0.0
              0.0
              0.0
              0.0
              0.0
              0.0
              0.0
              0.0
              0.0
              0.0
              0.0
              0.0
            111.0
           2403.0
           5230.0
           5719.0
           3326.0
           5586.0
           7242.0
           6633.0
          14695.0
          13108.0
           2182.0
           2865.0
           2502.0
           4045.0
           4946.0
           2802.0
             14.0
              0.0
              0.0
              0.0
              0.0
              0.0
              0.0
              0.0
              0.0
              0.0
              0.0
              0.0
              0.0
              0.0
              0.0
              0.0
              0.0
              0.0
              0.0
              0.0
              0.0
              0.0
              0.0
              0.0
              0.0
              0.0
              0.0
              0.0
              0.0
              0.0
              0.0
              0.0
              0.0
              0.0
              0.0
              0.0
              0.0
              0.0
              0.0
              0.0
              0.0
              0.0
              0.0
              0.0
              0.0
              0.0
              0.0
              0.0
              0.0
              0.0
              0.0
              0.0
              0.0
              0.0
              0.0
              0.0
              0.0
              0.0
              0.0
              0.0
              0.0
              0.0
              0.0
              0.0
              0.0
              0.0
              0.0
              0.0
              0.0
              0.0
              0.0
              0.0
              0.0
              0.0
              0.0
              0.0
              0.0
              0.0
              0.0
              0.0
              0.0
              0.0
              0.0
              0.0
              0.0
              0.0
            122.0
            796.0
           9421.0
           2947.0
           1995.0
           9144.0
           6253.0
           8827.0
           5242.0
           2011.0
           7516.0
           4161.0
          10371.0
          11157.0
           8550.0
              0.0
              0.0
              0.0
              0.0
              0.0
              0.0
              0.0
              0.0
              0.0
              0.0
              0.0
              0.0
              0.0
              0.0
              0.0
              0.0
              0.0
              0.0
              0.0
              0.0
              0.0
              0.0
              0.0
              0.0
              0.0
              0.0
              0.0
              0.0
              0.0
              0.0
              0.0
              0.0
              0.0
              0.0
              0.0
              0.0
              0.0
              0.0
              0.0
              0.0
              0.0
              0.0
              0.0
              0.0
              0.0
              0.0
              0.0
              0.0
              0.0
              0.0
              0.0
              0.0
              0.0
              0.0
              0.0
              0.0
              0.0
              0.0
              0.0
              0.0
              0.0
              0.0
              0.0
              0.0
              0.0
              0.0
              0.0
              0.0
              0.0
              0.0
              0.0
              0.0
              0.0
              0.0
              0.0
              0.0
              0.0
              0.0
              0.0
              0.0
              0.0
              0.0
              0.0
              0.0
              0.0
              0.0
              0.0
            135.0
            427.0
            962.0
           1511.0
          19440.0
          18758.0
          12109.0
          11511.0
           2215.0
          15195.0
           4423.0
          18391.0
          20507.0
          19358.0
              0.0
              0.0
              0.0
              0.0
              0.0
              0.0
              0.0
              0.0
              0.0
              0.0
              0.0
              0.0
              0.0
              0.0
              0.0
              0.0
              0.0
              0.0
              0.0
              0.0
              0.0
              0.0
              0.0
              0.0
              0.0
              0.0
              0.0
              0.0
              0.0
              0.0
              0.0
              0.0
              0.0
              0.0
              0.0
              0.0
              0.0
              0.0
              0.0
              0.0
              0.0
              0.0
              0.0
              0.0
              0.0
              0.0
              0.0
              0.0
              0.0
              0.0
              0.0
              0.0
              0.0
              0.0
              0.0
              0.0
              0.0
              0.0
              0.0
              0.0
              0.0
              0.0
              0.0
              0.0
              0.0
              0.0
              0.0
              0.0
              0.0
              0.0
              0.0
              0.0
              0.0
              0.0
              0.0
              0.0
              0.0
              0.0
              0.0
              0.0
              0.0
              0.0
              0.0
              0.0
              0.0
              0.0
              0.0
              0.0
             63.0
            434.0
           3245.0
           2605.0
          12082.0
           7938.0
           9761.0
           2013.0
           3289.0
           2824.0
           3411.0
           3541.0
            788.0
              0.0
              0.0
              0.0
              0.0
              0.0
              0.0
              0.0
              0.0
              0.0
              0.0
              0.0
              0.0
              0.0
              0.0
              0.0
              0.0
              0.0
              0.0
              0.0
              0.0
              0.0
              0.0
              0.0
              0.0
              0.0
              0.0
              0.0
              0.0
              0.0
              0.0
              0.0
              0.0
              0.0
              0.0
              0.0
              0.0
              0.0
              0.0
              0.0
              0.0
              0.0
              0.0
              0.0
              0.0
              0.0
              0.0
              0.0
              0.0
              0.0
              0.0
              0.0
              0.0
              0.0
              0.0
              0.0
              0.0
              0.0
              0.0
              0.0
              0.0
              0.0
              0.0
              0.0
              0.0
              0.0
              0.0
              0.0
              0.0
              0.0
              0.0
              0.0
              0.0
              0.0
              0.0
              0.0
              0.0
              0.0
              0.0
              0.0
              0.0
              0.0
              0.0
              0.0
              0.0
              0.0
              0.0
              0.0
              0.0
              0.0
             90.0
            937.0
           1684.0
           5094.0
           3975.0
           2323.0
           1808.0
           1545.0
           3107.0
           5033.0
           5476.0
           2334.0
              0.0
              0.0
              0.0
              0.0
              0.0
              0.0
              0.0
              0.0
              0.0
              0.0
              0.0
              0.0
              0.0
              0.0
              0.0
              0.0
              0.0
              0.0
              0.0
              0.0
              0.0
              0.0
              0.0
              0.0
              0.0
              0.0
              0.0
              0.0
              0.0
              0.0
              0.0
              0.0
              0.0
              0.0
              0.0
              0.0
              0.0
              0.0
              0.0
              0.0
              0.0
              0.0
              0.0
              0.0
              0.0
              0.0
              0.0
              0.0
              0.0
              0.0
              0.0
              0.0
              0.0
              0.0
              0.0
              0.0
              0.0
              0.0
              0.0
              0.0
              0.0
              0.0
              0.0
              0.0
              0.0
              0.0
              0.0
              0.0
              0.0
              0.0
              0.0
              0.0
              0.0
              0.0
              0.0
              0.0
              0.0
              0.0
              0.0
              0.0
              0.0
              0.0
              0.0
              0.0
              0.0
              0.0
              0.0
              0.0
              0.0
              0.0
            102.0
            957.0
           1884.0
           2807.0
           1308.0
           2850.0
           3227.0
           4192.0
           4651.0
           2931.0
            206.0
              0.0
              0.0
              0.0
              0.0
              0.0
              0.0
              0.0
              0.0
              0.0
              0.0
              0.0
              0.0
              0.0
              0.0
              0.0
              0.0
              0.0
              0.0
              0.0
              0.0
              0.0
              0.0
              0.0
              0.0
              0.0
              0.0
              0.0
              0.0
              0.0
              0.0
              0.0
              0.0
              0.0
              0.0
              0.0
              0.0
              0.0
              0.0
              0.0
              0.0
              0.0
              0.0
              0.0
              0.0
              0.0
              0.0
              0.0
              0.0
              0.0
              0.0
              0.0
              0.0
              0.0
              0.0
              0.0
              0.0
              0.0
              0.0
              0.0
              0.0
              0.0
              0.0
              0.0
              0.0
              0.0
              0.0
              0.0
              0.0
              0.0
              0.0
              0.0
              0.0
              0.0
              0.0
              0.0
              0.0
              0.0
              0.0
              0.0
              0.0
              0.0
              0.0
              0.0
              0.0
              0.0
              0.0
              0.0
              0.0
              0.0
              0.0
              0.0
            135.0
           1048.0
           1398.0
            944.0
            994.0
           3332.0
           5855.0
           6400.0
           2255.0
             71.0
              0.0
              0.0
              0.0
              0.0
              0.0
              0.0
              0.0
              0.0
              0.0
              0.0
              0.0
              0.0
              0.0
              0.0
              0.0
              0.0
              0.0
              0.0
              0.0
              0.0
              0.0
              0.0
              0.0
              0.0
              0.0
              0.0
              0.0
              0.0
              0.0
              0.0
              0.0
              0.0
              0.0
              0.0
              0.0
              0.0
              0.0
              0.0
              0.0
              0.0
              0.0
              0.0
              0.0
              0.0
              0.0
              0.0
              0.0
              0.0
              0.0
              0.0
              0.0
              0.0
              0.0
              0.0
              0.0
              0.0
              0.0
              0.0
              0.0
              0.0
              0.0
              0.0
              0.0
              0.0
              0.0
              0.0
              0.0
              0.0
              0.0
              0.0
              0.0
              0.0
              0.0
              0.0
              0.0
              0.0
              0.0
              0.0
              0.0
              0.0
              0.0
              0.0
              0.0
              0.0
              0.0
              0.0
              0.0
              0.0
              0.0
              0.0
              0.0
              0.0
             93.0
            362.0
            491.0
           9087.0
           1851.0
           8592.0
           9463.0
           2015.0
             35.0
              0.0
              0.0
              0.0
              0.0
              0.0
              0.0
              0.0
              0.0
              0.0
              0.0
              0.0
              0.0
              0.0
              0.0
              0.0
              0.0
              0.0
              0.0
              0.0
              0.0
              0.0
              0.0
              0.0
              0.0
              0.0
              0.0
              0.0
              0.0
              0.0
              0.0
              0.0
              0.0
              0.0
              0.0
              0.0
              0.0
              0.0
              0.0
              0.0
              0.0
              0.0
              0.0
              0.0
              0.0
              0.0
              0.0
              0.0
              0.0
              0.0
              0.0
              0.0
              0.0
              0.0
              0.0
              0.0
              0.0
              0.0
              0.0
              0.0
              0.0
              0.0
              0.0
              0.0
              0.0
              0.0
              0.0
              0.0
              0.0
              0.0
              0.0
              0.0
              0.0
              0.0
              0.0
              0.0
              0.0
              0.0
              0.0
              0.0
              0.0
              0.0
              0.0
              0.0
              0.0
              0.0
              0.0
              0.0
              0.0
              0.0
              0.0
              0.0
              0.0
              0.0
             28.0
            236.0
            786.0
           1655.0
           3701.0
           2820.0
           1326.0
              0.0
              0.0
              0.0
              0.0
              0.0
              0.0
              0.0
              0.0
              0.0
              0.0
              0.0
              0.0
              0.0
              0.0
              0.0
              0.0
              0.0
              0.0
              0.0
              0.0
              0.0
              0.0
              0.0
              0.0
              0.0
              0.0
              0.0
              0.0
              0.0
              0.0
              0.0
              0.0
              0.0
              0.0
              0.0
              0.0
              0.0
              0.0
              0.0
              0.0
              0.0
              0.0
              0.0
              0.0
              0.0
              0.0
              0.0
              0.0
              0.0
              0.0
              0.0
              0.0
              0.0
              0.0
              0.0
              0.0
              0.0
              0.0
              0.0
              0.0
              0.0
              0.0
              0.0
              0.0
              0.0
              0.0
              0.0
              0.0
              0.0
              0.0
              0.0
              0.0
              0.0
              0.0
              0.0
              0.0
              0.0
              0.0
              0.0
              0.0
              0.0
              0.0
              0.0
              0.0
              0.0
              0.0
              0.0
              0.0
              0.0
              0.0
              0.0
              0.0
              0.0
              0.0
              0.0
             52.0
            496.0
           2655.0
           3768.0
           2201.0
           3926.0
              0.0
              0.0
              0.0
              0.0
              0.0
              0.0
              0.0
              0.0
              0.0
              0.0
              0.0
              0.0
              0.0
              0.0
              0.0
              0.0
              0.0
              0.0
              0.0
              0.0
              0.0
              0.0
              0.0
              0.0
              0.0
              0.0
              0.0
              0.0
              0.0
              0.0
              0.0
              0.0
              0.0
              0.0
              0.0
              0.0
              0.0
              0.0
              0.0
              0.0
              0.0
              0.0
              0.0
              0.0
              0.0
              0.0
              0.0
              0.0
              0.0
              0.0
              0.0
              0.0
              0.0
              0.0
              0.0
              0.0
              0.0
              0.0
              0.0
              0.0
              0.0
              0.0
              0.0
              0.0
              0.0
              0.0
              0.0
              0.0
              0.0
              0.0
              0.0
              0.0
              0.0
              0.0
              0.0
              0.0
              0.0
              0.0
              0.0
              0.0
              0.0
              0.0
              0.0
              0.0
              0.0
              0.0
              0.0
              0.0
              0.0
              0.0
              0.0
              0.0
              0.0
              0.0
              0.0
              0.0
             58.0
            599.0
           3173.0
           1818.0
             62.0
              0.0
              0.0
              0.0
              0.0
              0.0
              0.0
              0.0
              0.0
              0.0
              0.0
              0.0
              0.0
              0.0
              0.0
              0.0
              0.0
              0.0
              0.0
              0.0
              0.0
              0.0
              0.0
              0.0
              0.0
              0.0
              0.0
              0.0
              0.0
              0.0
              0.0
              0.0
              0.0
              0.0
              0.0
              0.0
              0.0
              0.0
              0.0
              0.0
              0.0
              0.0
              0.0
              0.0
              0.0
              0.0
              0.0
              0.0
              0.0
              0.0
              0.0
              0.0
              0.0
              0.0
              0.0
              0.0
              0.0
              0.0
              0.0
              0.0
              0.0
              0.0
              0.0
              0.0
              0.0
              0.0
              0.0
              0.0
              0.0
              0.0
              0.0
              0.0
              0.0
              0.0
              0.0
              0.0
              0.0
              0.0
              0.0
              0.0
              0.0
              0.0
              0.0
              0.0
              0.0
              0.0
              0.0
              0.0
              0.0
              0.0
              0.0
              0.0
              0.0
              0.0
              0.0
              0.0
              0.0
              0.0
            127.0
            632.0
            597.0
              0.0
              0.0
              0.0
              0.0
              0.0
              0.0
              0.0
              0.0
              0.0
              0.0
              0.0
              0.0
              0.0
              0.0
              0.0
              0.0
              0.0
              0.0
              0.0
              0.0
              0.0
              0.0
              0.0
              0.0
              0.0
              0.0
              0.0
              0.0
              0.0
              0.0
              0.0
              0.0
              0.0
              0.0
              0.0
              0.0
              0.0
              0.0
              0.0
              0.0
              0.0
              0.0
              0.0
              0.0
              0.0
              0.0
              0.0
              0.0
              0.0
              0.0
              0.0
              0.0
              0.0
              0.0
              0.0
              0.0
              0.0
              0.0
              0.0
              0.0
              0.0
              0.0
              0.0
              0.0
              0.0
              0.0
              0.0
              0.0
              0.0
              0.0
              0.0
              0.0
              0.0
              0.0
              0.0
              0.0
              0.0
              0.0
              0.0
              0.0
              0.0
              0.0
              0.0
              0.0
              0.0
              0.0
              0.0
              0.0
              0.0
              0.0
              0.0
              0.0
              0.0
              0.0
              0.0
              0.0
              0.0
              0.0
              0.0
             80.0
              8.0
              0.0
              0.0
              0.0
              0.0
              0.0
              0.0
              0.0
              0.0
              0.0
              0.0
              0.0
              0.0
              0.0
              0.0
              0.0
              0.0
              0.0
              0.0
              0.0
              0.0
              0.0
              0.0
              0.0
              0.0
              0.0
              0.0
              0.0
              0.0
              0.0
              0.0
              0.0
              0.0
              0.0
              0.0
              0.0
              0.0
              0.0
              0.0
              0.0
              0.0
              0.0
              0.0
              0.0
              0.0
              0.0
              0.0
              0.0
              0.0
              0.0
              0.0
              0.0
              0.0
              0.0
              0.0
              0.0
              0.0
              0.0
              0.0
              0.0
              0.0
              0.0
              0.0
              0.0
              0.0
              0.0
              0.0
              0.0
              0.0
              0.0
              0.0
              0.0
              0.0
              0.0
              0.0
              0.0
              0.0
              0.0
              0.0
              0.0
              0.0
              0.0
              0.0
              0.0
              0.0
              0.0
              0.0
              0.0
              0.0
              0.0
              0.0
              0.0
              0.0
              0.0
              0.0
              0.0
              0.0
              0.0
              0.0
              0.0
              0.0
              0.0
              0.0
              0.0
              0.0
              0.0
              0.0
              0.0
              0.0
              0.0
              0.0
              0.0
              0.0
              0.0
              0.0
              0.0
              0.0
              0.0
              0.0
              0.0
              0.0
              0.0
              0.0
              0.0
              0.0
              0.0
              0.0
              0.0
              0.0
              0.0
              0.0
              0.0
              0.0
              0.0
              0.0
              0.0
              0.0
              0.0
              0.0
              0.0
              0.0
              0.0
              0.0
              0.0
              0.0
              0.0
              0.0
              0.0
              0.0
              0.0
              0.0
              0.0
              0.0
              0.0
              0.0
              0.0
              0.0
              0.0
              0.0
              0.0
              0.0
              0.0
              0.0
              0.0
              0.0
              0.0
              0.0
              0.0
              0.0
              0.0
              0.0
              0.0
              0.0
              0.0
              0.0
              0.0
              0.0
              0.0
              0.0
              0.0
              0.0
              0.0
              0.0
              0.0
              0.0
              0.0
              0.0
              0.0
              0.0
              0.0
              0.0
              0.0
              0.0
              0.0
              0.0
              0.0
              0.0
              0.0
              0.0
              0.0
              0.0
              0.0
              0.0
              0.0
              0.0
              0.0
              0.0
              0.0
              0.0
              0.0
              0.0
              0.0
              0.0
              0.0
              0.0
              0.0
              0.0
              0.0
              0.0
              0.0
              0.0
              0.0
              0.0
              0.0
              0.0
              0.0
              0.0
              0.0
              0.0
              0.0
              0.0
              0.0
              0.0
              0.0
              0.0
              0.0
              0.0
              0.0
              0.0
              0.0
              0.0
              0.0
              0.0
              0.0
              0.0
              0.0
              0.0
              0.0
              0.0
              0.0
              0.0
              0.0
              0.0
              0.0
              0.0
              0.0
              0.0
              0.0
              0.0
              0.0
              0.0
              0.0
              0.0
              0.0
              0.0
              0.0
              0.0
              0.0
              0.0
              0.0
              0.0
              0.0
              0.0
              0.0
              0.0
              0.0
              0.0
              0.0
              0.0
              0.0
              0.0
              0.0
              0.0
              0.0
              0.0
              0.0
              0.0
              0.0
              0.0
              0.0
              0.0
              0.0
              0.0
              0.0
              0.0
              0.0
              0.0
              0.0
              0.0
              0.0
              0.0
              0.0
              0.0
              0.0
              0.0
              0.0
              0.0
              0.0
              0.0
              0.0
              0.0
              0.0
              0.0
              0.0
              0.0
              0.0
              0.0
              0.0
              0.0
              0.0
              0.0
              0.0
              0.0
              0.0
              0.0
              0.0
              0.0
              0.0
              0.0
              0.0
              0.0
              0.0
              0.0
              0.0
              0.0
              0.0
              0.0
              0.0
              0.0
              0.0
              0.0
              0.0
              0.0
              0.0
              0.0
              0.0
              0.0
              0.0
              0.0
              0.0
              0.0
              0.0
              0.0
              0.0
              0.0
              0.0
              0.0
              0.0
              0.0
              0.0
              0.0
              0.0
              0.0
              0.0
              0.0
              0.0
              0.0
              0.0
              0.0
              0.0
              0.0
              0.0
              0.0
              0.0
              0.0
              0.0
              0.0
              0.0
              0.0
              0.0
              0.0
              0.0
              0.0
              0.0
              0.0
              0.0
              0.0
              0.0
              0.0
              0.0
              0.0
              0.0
              0.0
              0.0
              0.0
              0.0
              0.0
              0.0
              0.0
              0.0
              0.0
              0.0
              0.0
              0.0
              0.0
              0.0
              0.0
              0.0
              0.0
              0.0
              0.0
              0.0
              0.0
              0.0
              0.0
              0.0
              0.0
              0.0
              0.0
              0.0
              0.0
              0.0
              0.0
              0.0
              0.0
              0.0
              0.0
              0.0
              0.0
              0.0
              0.0
              0.0
              0.0
              0.0
              0.0
              0.0
              0.0
              0.0
              0.0
              0.0
              0.0
              0.0
              0.0
              0.0
              0.0
              0.0
              0.0
              0.0
              0.0
              0.0
              0.0
              0.0
              0.0
              0.0
              0.0
              0.0
              0.0
              0.0
              0.0
              0.0
              0.0
              0.0
              0.0
              0.0
              0.0
              0.0
              0.0
              0.0
              0.0
              0.0
              0.0
              0.0
              0.0
              0.0
              0.0
              0.0
              0.0
              0.0
              0.0
              0.0
              0.0
              0.0
              0.0
              0.0
              0.0
              0.0
              0.0
              0.0
              0.0
              0.0
              0.0
              0.0
              0.0
              0.0
              0.0
              0.0
              0.0
              0.0
              0.0
              0.0
              0.0
              0.0
              0.0
              0.0
              0.0
              0.0
              0.0
              0.0
              0.0
              0.0
              0.0
              0.0
              0.0
              0.0
              0.0
              0.0
              0.0
              0.0
              0.0
              0.0
              0.0
              0.0
              0.0
              0.0
              0.0
              0.0
              0.0
              0.0
              0.0
              0.0
              0.0
              0.0
              0.0
              0.0
              0.0
              0.0
              0.0
              0.0
              0.0
              0.0
              0.0
              0.0
              0.0
              0.0
              0.0
              0.0
              0.0
              0.0
              0.0
              0.0
              0.0
              0.0
              0.0
              0.0
              0.0
              0.0
              0.0
              0.0
              0.0
              0.0
              0.0
              0.0
              0.0
              0.0
              0.0
              0.0
              0.0
              0.0
              0.0
              0.0
              0.0
              0.0
              0.0
              0.0
              0.0
              0.0
              0.0
              0.0
              0.0
              0.0
              0.0
              0.0
              0.0
              0.0
              0.0
              0.0
              0.0
              0.0
              0.0
              0.0
              0.0
              0.0
              0.0
              0.0
              0.0
              0.0
              0.0
              0.0
              0.0
              0.0
              0.0
              0.0
              0.0
              0.0
              0.0
              0.0
              0.0
              0.0
              0.0
              0.0
              0.0
              0.0
              0.0
              0.0
              0.0
              0.0
              0.0
              0.0
              0.0
              0.0
              0.0
              0.0
              0.0
              0.0
              0.0
              0.0
              0.0
              0.0
              0.0
              0.0
              0.0
              0.0
              0.0
              0.0
              0.0
              0.0
              0.0
              0.0
              0.0
              0.0
              0.0
              0.0
              0.0
              0.0
              0.0
              0.0
              0.0
              0.0
              0.0
              0.0
              0.0
              0.0
              0.0
              0.0
              0.0
              0.0
              0.0
              0.0
              0.0
              0.0
              0.0
              0.0
              0.0
              0.0
              0.0
              0.0
              0.0
              0.0
              0.0
              0.0
              0.0
              0.0
              0.0
              0.0
              0.0
              0.0
              0.0
              0.0
              0.0
              0.0
              0.0
              0.0
              0.0
              0.0
              0.0
              0.0
              0.0
              0.0
              0.0
              0.0
              0.0
              0.0
              0.0
              0.0
              0.0
              0.0
              0.0
              0.0
              0.0
              0.0
              0.0
              0.0
              0.0
              0.0
              0.0
              0.0
              0.0
              0.0
              0.0
              0.0
              0.0
              0.0
              0.0
              0.0
              0.0
              0.0
              0.0
              0.0
              0.0
              0.0
              0.0
              0.0
              0.0
              0.0
              0.0
              0.0
              0.0
              0.0
              0.0
              0.0
              0.0
              0.0
              0.0
              0.0
              0.0
              0.0
              0.0
              0.0
              0.0
              0.0
              0.0
              0.0
              0.0
              0.0
              0.0
              0.0
              0.0
              0.0
              0.0
              0.0
              0.0
              0.0
              0.0
              0.0
              0.0
              0.0
              0.0
              0.0
              0.0
              0.0
              0.0
              0.0
              0.0
              0.0
              0.0
              0.0
              0.0
              0.0
              0.0
              0.0
              0.0
              0.0
              0.0
              0.0
              0.0
              0.0
              0.0
              0.0
              0.0
              0.0
              0.0
              0.0
              0.0
              0.0
              0.0
              0.0
              0.0
              0.0
              0.0
              0.0
              0.0
              0.0
              0.0
              0.0
              0.0
              0.0
              0.0
              0.0
              0.0
              0.0
              0.0
              0.0
              0.0
              0.0
              0.0
              0.0
              0.0
              0.0
              0.0
              0.0
              0.0
              0.0
              0.0
              0.0
              0.0
              0.0
              0.0
              0.0
              0.0
              0.0
              0.0
              0.0
              0.0
              0.0
              0.0
              0.0
              0.0
              0.0
              0.0
              0.0
              0.0
              0.0
              0.0
              0.0
              0.0
              0.0
              0.0
              0.0
              0.0
              0.0
              0.0
              0.0
              0.0
              0.0
              0.0
              0.0
              0.0
              0.0
              0.0
              0.0
              0.0
              0.0
              0.0
              0.0
              0.0
              0.0
              0.0
              0.0
              0.0
              0.0
              0.0
              0.0
              0.0
              0.0
              0.0
              0.0
              0.0
              0.0
              0.0
              0.0
              0.0
              0.0
              0.0
              0.0
              0.0
              0.0
              0.0
              0.0
              0.0
              0.0
              0.0
              0.0
              0.0
              0.0
              0.0
              0.0
              0.0
              0.0
              0.0
              0.0
              0.0
              0.0
              0.0
              0.0
              0.0
              0.0
              0.0
              0.0
              0.0
              0.0
              0.0
              0.0
              0.0
              0.0
              0.0
              0.0
              0.0
              0.0
              0.0
              0.0
              0.0
              0.0
              0.0
              0.0
              0.0
              0.0
              0.0
              0.0
              0.0
              0.0
              0.0
              0.0
              0.0
              0.0
              0.0
              0.0
              0.0
              0.0
              0.0
              0.0
              0.0
              0.0
              0.0
              0.0
              0.0
              0.0
              0.0
              0.0
              0.0
              0.0
              0.0
              0.0
              0.0
              0.0
              0.0
              0.0
              0.0
              0.0
              0.0
              0.0
              0.0
              0.0
              0.0
              0.0
              0.0
              0.0
              0.0
              0.0
              0.0
              0.0
              0.0
              0.0
              0.0
              0.0
              0.0
              0.0
              0.0
              0.0
              0.0
              0.0
              0.0
              0.0
              0.0
              0.0
              0.0
              0.0
              0.0
              0.0
              0.0
              0.0
              0.0
              0.0
              0.0
              0.0
              0.0
              0.0
              0.0
              0.0
              0.0
              0.0
              0.0
              0.0
              0.0
              0.0
              0.0
              0.0
              0.0
              0.0
              0.0
              0.0
              0.0
              0.0
              0.0
              0.0
              0.0
              0.0
              0.0
              0.0
              0.0
              0.0
              0.0
              0.0
              0.0
              0.0
              0.0
              0.0
              0.0
              0.0
              0.0
              0.0
              0.0
              0.0
              0.0
              0.0
              0.0
              0.0
              0.0
              0.0
              0.0
              0.0
              0.0
              0.0
              0.0
              0.0
              0.0
              0.0
              0.0
              0.0
              0.0
              0.0
              0.0
              0.0
              0.0
              0.0
              0.0
              0.0
              0.0
              0.0
              0.0
              0.0
              0.0
              0.0
              0.0
              0.0
              0.0
              0.0
              0.0
              0.0
              0.0
              0.0
              0.0
              0.0
              0.0
              0.0
              0.0
              0.0
              0.0
              0.0
              0.0
              0.0
              0.0
              0.0
              0.0
              0.0
              0.0
              0.0
              0.0
              0.0
              0.0
              0.0
              0.0
              0.0
              0.0
              0.0
              0.0
              0.0
              0.0
              0.0
              0.0
              0.0
              0.0
              0.0
              0.0
              0.0
              0.0
              0.0
              0.0
              0.0
              0.0
              0.0
              0.0
              0.0
              0.0
              0.0
              0.0
              0.0
              0.0
              0.0
              0.0
              0.0
              0.0
              0.0
              0.0
              0.0
              0.0
              0.0
              0.0
              0.0
              0.0
              0.0
              0.0
              0.0
              0.0
              0.0
              0.0
              0.0
              0.0
              0.0
              0.0
              0.0
              0.0
              0.0
              0.0
              0.0
              0.0
              0.0
              0.0
              0.0
              0.0
              0.0
              0.0
              0.0
              0.0
              0.0
              0.0
              0.0
              0.0
              0.0
              0.0
              0.0
              0.0
              0.0
              0.0
              0.0
              0.0
              0.0
              0.0
              0.0
              0.0
              0.0
              0.0
              0.0
              0.0
              0.0
              0.0
              0.0
              0.0
              0.0
              0.0
              0.0
              0.0
              0.0
              0.0
              0.0
              0.0
              0.0
              0.0
              0.0
              0.0
              0.0
              0.0
              0.0
              0.0
              0.0
              0.0
              0.0
              0.0
              0.0
              0.0
              0.0
              0.0
              0.0
              0.0
              0.0
              0.0
              0.0
              0.0
              0.0
              0.0
              0.0
              0.0
              0.0
              0.0
              0.0
              0.0
              0.0
              0.0
              0.0
              0.0
              0.0
              0.0
              0.0
              0.0
              0.0
              0.0
              0.0
              0.0
              0.0
              0.0
              0.0
              0.0
              0.0
              0.0
              0.0
              0.0
              0.0
              0.0
              0.0
              0.0
              0.0
              0.0
              0.0
              0.0
              0.0
              0.0
              0.0
              0.0
              0.0
              0.0
              0.0
              0.0
              0.0
              0.0
              0.0
              0.0
              0.0
              0.0
              0.0
              0.0
              0.0
              0.0
              0.0
              0.0
              0.0
              0.0
              0.0
              0.0
              0.0
              0.0
              0.0
              0.0
              0.0
              0.0
              0.0
              0.0
              0.0
              0.0
              0.0
              0.0
              0.0
              0.0
              0.0
              0.0
              0.0
              0.0
              0.0
              0.0
              0.0
              0.0
              0.0
              0.0
              0.0
              0.0
              0.0
              0.0
              0.0
              0.0
              0.0
              0.0
              0.0
              0.0
              0.0
              0.0
              0.0
              0.0
              0.0
              0.0
              0.0
              0.0
              0.0
              0.0
              0.0
              0.0
              0.0
              0.0
              0.0
              0.0
              0.0
              0.0
              0.0
              0.0
              0.0
              0.0
              0.0
              0.0
              0.0
              0.0
              0.0
              0.0
              0.0
              0.0
              0.0
              0.0
              0.0
              0.0
              0.0
              0.0
              0.0
              0.0
              0.0
              0.0
              0.0
              0.0
              0.0
              0.0
              0.0
              0.0
              0.0
              0.0
              0.0
              0.0
              0.0
              0.0
              0.0
              0.0
              0.0
              0.0
              0.0
              0.0
              0.0
              0.0
              0.0
              0.0
              0.0
              0.0
              0.0
              0.0
              0.0
              0.0
              0.0
              0.0
              0.0
              0.0
              0.0
              0.0
              0.0
              0.0
              0.0
              0.0
              0.0
              0.0
              0.0
              0.0
              0.0
              0.0
              0.0
              0.0
              0.0
              0.0
              0.0
              0.0
              0.0
              0.0
              0.0
              0.0
              0.0
              0.0
              0.0
              0.0
              0.0
              0.0
              0.0
              0.0
              0.0
              0.0
              0.0
              0.0
              0.0
              0.0
              0.0
              0.0
              0.0
              0.0
              0.0
              0.0
              0.0
              0.0
              0.0
              0.0
              0.0
              0.0
              0.0
              0.0
              0.0
              0.0
              0.0
              0.0
              0.0
              0.0
              0.0
              0.0
              0.0
              0.0
              0.0
              0.0
              0.0
              0.0
              0.0
              0.0
              0.0
              0.0
              0.0
              0.0
              0.0
              0.0
              0.0
              0.0
              0.0
              0.0
              0.0
              0.0
              0.0
              0.0
              0.0
              0.0
              0.0
              0.0
              0.0
              0.0
              0.0
              0.0
              0.0
              0.0
              0.0
              0.0
              0.0
              0.0
              0.0
              0.0
              0.0
              0.0
              0.0
              0.0
              0.0
              0.0
              0.0
              0.0
              0.0
              0.0
              0.0
              0.0
              0.0
              0.0
              0.0
              0.0
              0.0
              0.0
              0.0
              0.0
              0.0
              0.0
              0.0
              0.0
              0.0
              0.0
              0.0
              0.0
              0.0
              0.0
              0.0
              0.0
              0.0
              0.0
              0.0
              0.0
              0.0
              0.0
              0.0
              0.0
              0.0
              0.0
              0.0
              0.0
              0.0
              0.0
              0.0
              0.0
              0.0
              0.0
              0.0
              0.0
              0.0
              0.0
              0.0
              0.0
              0.0
              0.0
              0.0
              0.0
              0.0
              0.0
              0.0
              0.0
              0.0
              0.0
              0.0
              0.0
              0.0
              0.0
              0.0
              0.0
              0.0
              0.0
              0.0
              0.0
              0.0
              0.0
              0.0
              0.0
              0.0
              0.0
              0.0
              0.0
              0.0
              0.0
              0.0
              0.0
              0.0
              0.0
              0.0
              0.0
              0.0
              0.0
              0.0
              0.0
              0.0
              0.0
              0.0
              0.0
              0.0
              0.0
              0.0
              0.0
              0.0
              0.0
              0.0
              0.0
              0.0
              0.0
              0.0
              0.0
              0.0
              0.0
              0.0
              0.0
              0.0
              0.0
              0.0
              0.0
              0.0
              0.0
              0.0
              0.0
              0.0
              0.0
              0.0
              0.0
              0.0
              0.0
              0.0
              0.0
              0.0
              0.0
              0.0
              0.0
              0.0
              0.0
              0.0
              0.0
              0.0
              0.0
              0.0
              0.0
              0.0
              0.0
              0.0
              0.0
              0.0
              0.0
              0.0
              0.0
              0.0
              0.0
              0.0
              0.0
              0.0
              0.0
              0.0
              0.0
              0.0
              0.0
              0.0
              0.0
              0.0
              0.0
              0.0
              0.0
              0.0
              0.0
              0.0
              0.0
              0.0
              0.0
              0.0
              0.0
              0.0
              0.0
              0.0
              0.0
              0.0
              0.0
              0.0
              0.0
              0.0
              0.0
              0.0
              0.0
              0.0
              0.0
              0.0
              0.0
              0.0
              0.0
              0.0
              0.0
              0.0
              0.0
              0.0
              0.0
              0.0
              0.0
              0.0
              0.0
              0.0
              0.0
              0.0
              0.0
              0.0
              0.0
              0.0
              0.0
              0.0
              0.0
              0.0
              0.0
              0.0
              0.0
              0.0
              0.0
              0.0
              0.0
              0.0
              0.0
              0.0
              0.0
              0.0
              0.0
              0.0
              0.0
              0.0
              0.0
              0.0
              0.0
              0.0
              0.0
              0.0
              0.0
              0.0
              0.0
              0.0
              0.0
              0.0
              0.0
              0.0
              0.0
              0.0
              0.0
              0.0
              0.0
              0.0
              0.0
              0.0
              0.0
              0.0
              0.0
              0.0
              0.0
              0.0
              0.0
              0.0
              0.0
              0.0
              0.0
              0.0
              0.0
              0.0
              0.0
              0.0
              0.0
              0.0
              0.0
              0.0
              0.0
              0.0
