                                     0.0
                                 19240.0
                                 20302.0
                                 19707.0
                                 18555.0
                                 16774.0
                                 17029.0
                                 18889.0
                                 25869.0
                                 28940.0
                                 23201.0
                                 15647.0
                                 13499.0
                                 16985.0
                                 27390.0
                                 31043.0
                                 24995.0
                                 19569.0
                                 18849.0
                                 23191.0
                                 31553.0
                                 32720.0
                                 28699.0
                                 26560.0
                                 29423.0
                                 37001.0
                                 41534.0
                                 40142.0
                                 39401.0
                                 42356.0
                                 51023.0
                                 58900.0
                                 59328.0
                                 59392.0
                                 67048.0
                                 78545.0
                                 89541.0
                                 92428.0
                                 94168.0
                                105956.0
                                127715.0
                                143621.0
                                151303.0
                                158974.0
                                176555.0
                                209695.0
                                236332.0
                                246812.0
                                266848.0
                                302621.0
                                353159.0
                                392831.0
                                404551.0
                                416301.0
                                434245.0
                                460029.0
                                499723.0
                                531274.0
                                524818.0
                                463621.0
                                281215.0
                                230503.0
                                193756.0
                                175823.0
                                120785.0
                                 55469.0
                                 55854.0
                                 64985.0
                                 71984.0
                                 32549.0
                                 23870.0
                                 29960.0
                                 35278.0
                                 28977.0
                                 12051.0
                                 11815.0
                                 14177.0
                                 14499.0
                                  8332.0
                                  3604.0
                                  4002.0
                                  4829.0
                                  4311.0
                                  1578.0
                                   844.0
                                   979.0
                                  1027.0
                                   788.0
                                   103.0
                                     0.0
                                     0.0
                                     0.0
                                     0.0
                                     0.0
                                     0.0
                                     0.0
                                     0.0
                                     0.0
                                     0.0
                                     0.0
                                     0.0
                                     2.0
                                   183.0
                                   345.0
                                   727.0
                                  1328.0
                                  3411.0
                                  7558.0
                                 11217.0
                                 11874.0
                                  6902.0
                                  4262.0
                                  5007.0
                                 10148.0
                                 14432.0
                                 13064.0
                                 10033.0
                                  7590.0
                                  8645.0
                                 13677.0
                                 17605.0
                                 15713.0
                                 13133.0
                                 12633.0
                                 16241.0
                                 20057.0
                                 21224.0
                                 19645.0
                                 19143.0
                                 22338.0
                                 27888.0
                                 30850.0
                                 31067.0
                                 31681.0
                                 37061.0
                                 43203.0
                                 48590.0
                                 47518.0
                                 49281.0
                                 55662.0
                                 67982.0
                                 72614.0
                                 74986.0
                                 79616.0
                                 91809.0
                                107756.0
                                120144.0
                                120533.0
                                129899.0
                                149713.0
                                172481.0
                                184270.0
                                185424.0
                                189137.0
                                195502.0
                                211373.0
                                234183.0
                                253293.0
                                266490.0
                                242943.0
                                151157.0
                                127517.0
                                113773.0
                                104426.0
                                 74687.0
                                 35627.0
                                 34742.0
                                 37567.0
                                 40676.0
                                 19625.0
                                 13919.0
                                 16690.0
                                 19925.0
                                 15636.0
                                  6775.0
                                  7062.0
                                  8020.0
                                  7687.0
                                  4153.0
                                  2277.0
                                  2465.0
                                  2222.0
                                  1744.0
                                   531.0
                                   413.0
                                   360.0
                                   259.0
                                   107.0
                                     8.0
                                     0.0
                                     0.0
                                     0.0
                                     0.0
                                     0.0
                                     0.0
                                     0.0
                                     0.0
                                     0.0
                                     0.0
                                     0.0
                                     0.0
                                     0.0
                                     1.0
                                   159.0
                                   625.0
                                  1891.0
                                  4103.0
                                  8480.0
                                 12067.0
                                 12184.0
                                  7025.0
                                  4858.0
                                  6500.0
                                 12225.0
                                 14850.0
                                 14741.0
                                 11730.0
                                  9445.0
                                 10810.0
                                 17418.0
                                 20051.0
                                 18104.0
                                 15026.0
                                 14562.0
                                 18935.0
                                 24031.0
                                 26268.0
                                 23878.0
                                 24314.0
                                 27970.0
                                 34879.0
                                 37540.0
                                 36973.0
                                 36945.0
                                 43041.0
                                 51085.0
                                 56085.0
                                 56459.0
                                 59224.0
                                 68021.0
                                 81957.0
                                 83808.0
                                 86243.0
                                 92833.0
                                108291.0
                                125347.0
                                136677.0
                                138650.0
                                148010.0
                                168896.0
                                193310.0
                                205582.0
                                207828.0
                                215224.0
                                224640.0
                                241344.0
                                265485.0
                                284970.0
                                300186.0
                                275161.0
                                180352.0
                                148111.0
                                134346.0
                                123441.0
                                 87076.0
                                 41276.0
                                 40640.0
                                 46848.0
                                 49282.0
                                 22629.0
                                 16700.0
                                 20437.0
                                 24573.0
                                 19572.0
                                  7528.0
                                  8265.0
                                 10126.0
                                 10251.0
                                  5042.0
                                  2623.0
                                  2982.0
                                  3355.0
                                  2542.0
                                   717.0
                                   566.0
                                   617.0
                                   507.0
                                   169.0
                                     8.0
                                     0.0
                                     0.0
                                     0.0
                                     0.0
                                     0.0
                                     0.0
                                     0.0
                                     0.0
                                     0.0
                                     0.0
                                     0.0
                                     0.0
                                     0.0
                                     0.0
                                     0.0
                                   547.0
                                  2004.0
                                  4961.0
                                  9845.0
                                 13688.0
                                 11725.0
                                  7526.0
                                  5386.0
                                  8401.0
                                 14444.0
                                 18963.0
                                 18297.0
                                 13249.0
                                 11131.0
                                 13637.0
                                 21135.0
                                 24925.0
                                 21918.0
                                 18313.0
                                 18637.0
                                 24302.0
                                 32808.0
                                 33931.0
                                 31247.0
                                 30244.0
                                 35902.0
                                 44070.0
                                 47554.0
                                 46259.0
                                 46646.0
                                 55857.0
                                 64900.0
                                 70688.0
                                 72532.0
                                 76547.0
                                 88999.0
                                103611.0
                                109110.0
                                112812.0
                                119655.0
                                137823.0
                                156546.0
                                172364.0
                                175758.0
                                194239.0
                                218616.0
                                246490.0
                                267091.0
                                272152.0
                                273728.0
                                285852.0
                                303396.0
                                338666.0
                                362247.0
                                376082.0
                                333694.0
                                218471.0
                                182007.0
                                168452.0
                                152604.0
                                111651.0
                                 54989.0
                                 53800.0
                                 58808.0
                                 59154.0
                                 29430.0
                                 20625.0
                                 25908.0
                                 29837.0
                                 23687.0
                                 10800.0
                                 11579.0
                                 13462.0
                                 13122.0
                                  6614.0
                                  3757.0
                                  4267.0
                                  4469.0
                                  3121.0
                                  1024.0
                                   845.0
                                   901.0
                                   677.0
                                   199.0
                                     4.0
                                     0.0
                                     0.0
                                     0.0
                                     0.0
                                     0.0
                                     0.0
                                     0.0
                                     0.0
                                     0.0
                                     0.0
                                     0.0
                                     0.0
                                     0.0
                                     0.0
                                     0.0
                                     3.0
                                  1773.0
                                  5302.0
                                 10378.0
                                 13112.0
                                 12109.0
                                  7485.0
                                  6464.0
                                 10379.0
                                 18019.0
                                 22836.0
                                 19637.0
                                 16548.0
                                 14774.0
                                 19752.0
                                 28085.0
                                 31443.0
                                 27208.0
                                 23809.0
                                 25534.0
                                 34448.0
                                 43750.0
                                 43290.0
                                 40003.0
                                 39466.0
                                 48537.0
                                 59814.0
                                 63738.0
                                 62976.0
                                 63577.0
                                 76128.0
                                 89361.0
                                 95574.0
                                 94976.0
                                100422.0
                                116207.0
                                136806.0
                                144477.0
                                149928.0
                                160869.0
                                184075.0
                                209862.0
                                226447.0
                                232782.0
                                252741.0
                                290835.0
                                331374.0
                                353492.0
                                359348.0
                                359539.0
                                378556.0
                                397012.0
                                429973.0
                                458514.0
                                482801.0
                                436590.0
                                282610.0
                                239473.0
                                225955.0
                                208132.0
                                154243.0
                                 74522.0
                                 69215.0
                                 75166.0
                                 79047.0
                                 40223.0
                                 27187.0
                                 33819.0
                                 37588.0
                                 31310.0
                                 13868.0
                                 14195.0
                                 16083.0
                                 15584.0
                                  8702.0
                                  4687.0
                                  5105.0
                                  4998.0
                                  3703.0
                                  1136.0
                                   885.0
                                  1029.0
                                   891.0
                                   276.0
                                     1.0
                                     0.0
                                     0.0
                                     0.0
                                     0.0
                                     0.0
                                     0.0
                                     0.0
                                     0.0
                                     0.0
                                     0.0
                                     0.0
                                     0.0
                                     0.0
                                     0.0
                                     0.0
                                     0.0
                                     2.0
                                  3721.0
                                  8199.0
                                 12496.0
                                 10659.0
                                  7102.0
                                  7140.0
                                 13323.0
                                 22513.0
                                 24804.0
                                 26870.0
                                 21587.0
                                 20641.0
                                 26952.0
                                 35026.0
                                 38401.0
                                 37665.0
                                 35117.0
                                 37754.0
                                 47276.0
                                 59363.0
                                 60420.0
                                 57730.0
                                 59396.0
                                 72048.0
                                 87486.0
                                 92261.0
                                 89794.0
                                 92369.0
                                109704.0
                                125548.0
                                134639.0
                                137573.0
                                144633.0
                                167323.0
                                193231.0
                                204722.0
                                210420.0
                                224709.0
                                258628.0
                                301611.0
                                330518.0
                                335911.0
                                366714.0
                                419054.0
                                469913.0
                                500691.0
                                502567.0
                                500705.0
                                507684.0
                                540648.0
                                582765.0
                                616070.0
                                636361.0
                                592283.0
                                367997.0
                                309732.0
                                299427.0
                                284539.0
                                212730.0
                                101313.0
                                 91907.0
                                103558.0
                                111014.0
                                 54023.0
                                 37549.0
                                 46345.0
                                 53404.0
                                 44042.0
                                 18349.0
                                 18884.0
                                 22053.0
                                 21612.0
                                 11730.0
                                  6055.0
                                  6840.0
                                  7217.0
                                  5502.0
                                  1823.0
                                  1393.0
                                  1412.0
                                  1295.0
                                   493.0
                                     6.0
                                     0.0
                                     0.0
                                     0.0
                                     0.0
                                     0.0
                                     0.0
                                     0.0
                                     0.0
                                     0.0
                                     0.0
                                     0.0
                                     0.0
                                     0.0
                                     0.0
                                     0.0
                                     0.0
                                     0.0
                                    10.0
                                  5399.0
                                  9071.0
                                  7737.0
                                  5890.0
                                  8240.0
                                 16865.0
                                 26401.0
                                 34038.0
                                 32576.0
                                 30350.0
                                 30503.0
                                 38923.0
                                 49426.0
                                 57747.0
                                 57344.0
                                 54024.0
                                 58147.0
                                 72593.0
                                 89483.0
                                 92492.0
                                 91104.0
                                 92853.0
                                110069.0
                                130772.0
                                139513.0
                                138147.0
                                143054.0
                                169791.0
                                195354.0
                                213620.0
                                215241.0
                                225821.0
                                262634.0
                                306725.0
                                323363.0
                                331391.0
                                356067.0
                                406607.0
                                465073.0
                                507005.0
                                517301.0
                                560775.0
                                636794.0
                                729026.0
                                766663.0
                                760545.0
                                756102.0
                                766353.0
                                810537.0
                                866739.0
                                910273.0
                                915534.0
                                827189.0
                                531402.0
                                430507.0
                                421744.0
                                411558.0
                                300738.0
                                158921.0
                                141914.0
                                160687.0
                                167637.0
                                 79709.0
                                 61347.0
                                 72085.0
                                 84020.0
                                 65500.0
                                 27965.0
                                 29609.0
                                 34374.0
                                 34195.0
                                 18079.0
                                  9235.0
                                 10674.0
                                 11328.0
                                  8570.0
                                  2663.0
                                  2167.0
                                  2349.0
                                  2114.0
                                   810.0
                                     9.0
                                     0.0
                                     0.0
                                     0.0
                                     0.0
                                     0.0
                                     0.0
                                     0.0
                                     0.0
                                     0.0
                                     0.0
                                     0.0
                                     0.0
                                     0.0
                                     0.0
                                     0.0
                                     0.0
                                     0.0
                                     0.0
                                    16.0
                                  4317.0
                                  4673.0
                                  5537.0
                                  9911.0
                                 20077.0
                                 35268.0
                                 44938.0
                                 50562.0
                                 50406.0
                                 50753.0
                                 61943.0
                                 78667.0
                                100240.0
                                103822.0
                                 98720.0
                                105337.0
                                128525.0
                                157790.0
                                168130.0
                                159890.0
                                163707.0
                                196352.0
                                239501.0
                                252510.0
                                247005.0
                                255685.0
                                304857.0
                                349073.0
                                375058.0
                                372991.0
                                392248.0
                                459047.0
                                532748.0
                                549923.0
                                558682.0
                                600331.0
                                693248.0
                                783054.0
                                829555.0
                                833184.0
                                914366.0
                               1054761.0
                               1165876.0
                               1215521.0
                               1208658.0
                               1217056.0
                               1242040.0
                               1311369.0
                               1439605.0
                               1516812.0
                               1517304.0
                               1333769.0
                                827429.0
                                717273.0
                                656272.0
                                638631.0
                                461240.0
                                253829.0
                                244448.0
                                264435.0
                                270847.0
                                130598.0
                                103978.0
                                124905.0
                                139659.0
                                105367.0
                                 47805.0
                                 51066.0
                                 58205.0
                                 55924.0
                                 28813.0
                                 16208.0
                                 18408.0
                                 19050.0
                                 14202.0
                                  4735.0
                                  3548.0
                                  3852.0
                                  3701.0
                                  1571.0
                                    20.0
                                     0.0
                                     0.0
                                     0.0
                                     0.0
                                     0.0
                                     0.0
                                     0.0
                                     0.0
                                     0.0
                                     0.0
                                     0.0
                                     0.0
                                     0.0
                                     0.0
                                     0.0
                                     0.0
                                     0.0
                                     0.0
                                     0.0
                                     5.0
                                  2037.0
                                  4498.0
                                 11323.0
                                 24722.0
                                 49175.0
                                 73447.0
                                 84647.0
                                 83462.0
                                 85819.0
                                113808.0
                                155329.0
                                178645.0
                                175586.0
                                170110.0
                                194866.0
                                238564.0
                                279244.0
                                283138.0
                                271508.0
                                292240.0
                                357820.0
                                415875.0
                                411148.0
                                405017.0
                                433433.0
                                528986.0
                                564465.0
                                578327.0
                                581417.0
                                636147.0
                                745462.0
                                820420.0
                                814392.0
                                835045.0
                                927481.0
                               1061347.0
                               1150641.0
                               1191927.0
                               1214315.0
                               1371550.0
                               1565208.0
                               1665563.0
                               1704148.0
                               1725122.0
                               1803743.0
                               1896599.0
                               2011414.0
                               2247331.0
                               2494437.0
                               2564313.0
                               2396390.0
                               1473326.0
                               1226815.0
                               1103846.0
                               1030601.0
                                751226.0
                                365721.0
                                374033.0
                                407084.0
                                451661.0
                                211652.0
                                159600.0
                                198587.0
                                232214.0
                                186253.0
                                 81331.0
                                 86750.0
                                101573.0
                                 98588.0
                                 50698.0
                                 28936.0
                                 32511.0
                                 34303.0
                                 24791.0
                                  8631.0
                                  6709.0
                                  7341.0
                                  6900.0
                                  3237.0
                                    84.0
                                     0.0
                                     0.0
                                     0.0
                                     0.0
                                     0.0
                                     0.0
                                     0.0
                                     0.0
                                     0.0
                                     0.0
                                     0.0
                                     0.0
                                     0.0
                                     0.0
                                     0.0
                                     0.0
                                     0.0
                                     0.0
                                     0.0
                                     0.0
                                     2.0
                                  3381.0
                                 12125.0
                                 30353.0
                                 68316.0
                                109708.0
                                127349.0
                                128117.0
                                136186.0
                                181113.0
                                248537.0
                                268654.0
                                255841.0
                                260123.0
                                320678.0
                                384560.0
                                391485.0
                                393487.0
                                404247.0
                                478886.0
                                512817.0
                                570556.0
                                575583.0
                                602794.0
                                647888.0
                                720013.0
                                753906.0
                                779731.0
                                817349.0
                                885267.0
                               1006002.0
                               1071064.0
                               1084823.0
                               1147368.0
                               1270367.0
                               1391368.0
                               1476887.0
                               1534254.0
                               1537355.0
                               1765814.0
                               2006114.0
                               2120325.0
                               2079552.0
                               1963503.0
                               2050378.0
                               2312648.0
                               2734980.0
                               2994505.0
                               3086879.0
                               3389807.0
                               3939442.0
                               2677000.0
                               2279155.0
                               2132768.0
                               1935832.0
                               1676479.0
                                680544.0
                                574663.0
                                635234.0
                                797275.0
                                402108.0
                                256221.0
                                317017.0
                                410130.0
                                393749.0
                                144931.0
                                161761.0
                                197687.0
                                212692.0
                                121118.0
                                 63685.0
                                 74538.0
                                 80923.0
                                 60802.0
                                 21329.0
                                 16332.0
                                 18049.0
                                 17254.0
                                  8030.0
                                   352.0
                                     0.0
                                     0.0
                                     0.0
                                     0.0
                                     0.0
                                     0.0
                                     0.0
                                     0.0
                                     0.0
                                     0.0
                                     0.0
                                     0.0
                                     0.0
                                     0.0
                                     0.0
                                     0.0
                                     0.0
                                     0.0
                                     0.0
                                     0.0
                                     0.0
                                    18.0
                                 10151.0
                                 36539.0
                                 80860.0
                                127026.0
                                153714.0
                                160776.0
                                189771.0
                                248795.0
                                306714.0
                                325822.0
                                322422.0
                                331038.0
                                383529.0
                                452454.0
                                479843.0
                                468191.0
                                483369.0
                                549173.0
                                624641.0
                                665558.0
                                661584.0
                                705987.0
                                805379.0
                                871740.0
                                902133.0
                                944375.0
                                996832.0
                               1040407.0
                               1096046.0
                               1173802.0
                               1247303.0
                               1451101.0
                               1528677.0
                               1655038.0
                               1673722.0
                               1672556.0
                               1614968.0
                               1542155.0
                               1672509.0
                               1833786.0
                               1953320.0
                               1889079.0
                               1643423.0
                               1529983.0
                               1594289.0
                               1751774.0
                               2252520.0
                               2583416.0
                               3012029.0
                               2042261.0
                               1269813.0
                               1453066.0
                               1856937.0
                               2250225.0
                                731312.0
                                748422.0
                                784239.0
                               1111527.0
                                873559.0
                                304490.0
                                434721.0
                                566865.0
                                733549.0
                                291394.0
                                226754.0
                                288745.0
                                392556.0
                                328357.0
                                111978.0
                                141132.0
                                176219.0
                                184882.0
                                 75811.0
                                 44600.0
                                 53274.0
                                 54739.0
                                 33035.0
                                  2378.0
                                     0.0
                                     0.0
                                     0.0
                                     0.0
                                     0.0
                                     0.0
                                     0.0
                                     0.0
                                     0.0
                                     0.0
                                     0.0
                                     0.0
                                     0.0
                                     0.0
                                     0.0
                                     0.0
                                     0.0
                                     0.0
                                     0.0
                                     0.0
                                     0.0
                                     0.0
                                    25.0
                                 31875.0
                                 87194.0
                                131371.0
                                155272.0
                                178364.0
                                228845.0
                                288782.0
                                339312.0
                                349701.0
                                358437.0
                                387582.0
                                440867.0
                                489583.0
                                528177.0
                                538754.0
                                555188.0
                                599884.0
                                683993.0
                                706309.0
                                697067.0
                                774892.0
                                940944.0
                                993951.0
                                968050.0
                               1005280.0
                               1000879.0
                                958223.0
                                977461.0
                                981022.0
                                981034.0
                               1104442.0
                               1147976.0
                               1234975.0
                               1246085.0
                               1265569.0
                               1116356.0
                               1103734.0
                               1134590.0
                               1122493.0
                               1157155.0
                               1218369.0
                               1240082.0
                               1180470.0
                               1218442.0
                               1367823.0
                               1612780.0
                               2039587.0
                               2201237.0
                               1350287.0
                               1098191.0
                               1142554.0
                               1338488.0
                               1514825.0
                                641788.0
                                648475.0
                                762211.0
                               1001768.0
                                874795.0
                                309934.0
                                395605.0
                                587903.0
                                775446.0
                                451700.0
                                246006.0
                                336071.0
                                440849.0
                                516507.0
                                173559.0
                                168296.0
                                225925.0
                                284845.0
                                217909.0
                                 68533.0
                                 88319.0
                                110582.0
                                115746.0
                                 22701.0
                                     0.0
                                     0.0
                                     0.0
                                     0.0
                                     0.0
                                     0.0
                                     0.0
                                     0.0
                                     0.0
                                     0.0
                                     0.0
                                     0.0
                                     0.0
                                     0.0
                                     0.0
                                     0.0
                                     0.0
                                     0.0
                                     0.0
                                     0.0
                                     0.0
                                     0.0
                                     0.0
                                   137.0
                                 53138.0
                                 96631.0
                                129643.0
                                165255.0
                                223952.0
                                286880.0
                                336627.0
                                356509.0
                                389323.0
                                429105.0
                                480263.0
                                513398.0
                                558778.0
                                552645.0
                                545790.0
                                558081.0
                                629282.0
                                642021.0
                                669399.0
                                667641.0
                                763333.0
                                779832.0
                                860313.0
                                811686.0
                                786865.0
                                790125.0
                                804083.0
                                817868.0
                                810503.0
                                873021.0
                                907726.0
                                993200.0
                               1063759.0
                               1097386.0
                               1033230.0
                               1079284.0
                               1171454.0
                               1223402.0
                               1223808.0
                               1293848.0
                               1350363.0
                               1392163.0
                               1531141.0
                               1766512.0
                               2079388.0
                               2437741.0
                               2374472.0
                               1752040.0
                               1467430.0
                               1488336.0
                               1485142.0
                               1273048.0
                                740521.0
                                658575.0
                                739470.0
                                882876.0
                                644339.0
                                297497.0
                                369678.0
                                487588.0
                                600604.0
                                346762.0
                                220281.0
                                280772.0
                                380764.0
                                411956.0
                                179131.0
                                154328.0
                                193997.0
                                268382.0
                                229263.0
                                 77125.0
                                 84088.0
                                120837.0
                                128567.0
                                 66079.0
                                     0.0
                                     0.0
                                     0.0
                                     0.0
                                     0.0
                                     0.0
                                     0.0
                                     0.0
                                     0.0
                                     0.0
                                     0.0
                                     0.0
                                     0.0
                                     0.0
                                     0.0
                                     0.0
                                     0.0
                                     0.0
                                     0.0
                                     0.0
                                     0.0
                                     0.0
                                     0.0
                                     0.0
                                   136.0
                                 46287.0
                                 86709.0
                                141463.0
                                204465.0
                                288355.0
                                335308.0
                                360998.0
                                376464.0
                                379968.0
                                449440.0
                                479640.0
                                497577.0
                                491891.0
                                475466.0
                                500079.0
                                579441.0
                                628092.0
                                628219.0
                                604215.0
                                673657.0
                                733998.0
                                820954.0
                                753354.0
                                756456.0
                                781936.0
                                869989.0
                                893699.0
                                879514.0
                                914273.0
                               1005622.0
                               1124817.0
                               1212363.0
                               1243786.0
                               1226913.0
                               1367525.0
                               1487649.0
                               1546842.0
                               1531396.0
                               1618993.0
                               1726826.0
                               1850822.0
                               2034413.0
                               2430260.0
                               2957965.0
                               3629675.0
                               3469462.0
                               2778017.0
                               2314402.0
                               2441771.0
                               2338133.0
                               2040233.0
                               1116338.0
                                922409.0
                                890802.0
                                961905.0
                                642735.0
                                317684.0
                                398890.0
                                509994.0
                                588884.0
                                312198.0
                                213012.0
                                273743.0
                                352972.0
                                332806.0
                                142723.0
                                138596.0
                                172595.0
                                213905.0
                                185265.0
                                 66921.0
                                 75617.0
                                105747.0
                                111793.0
                                 69678.0
                                     0.0
                                     0.0
                                     0.0
                                     0.0
                                     0.0
                                     0.0
                                     0.0
                                     0.0
                                     0.0
                                     0.0
                                     0.0
                                     0.0
                                     0.0
                                     0.0
                                     0.0
                                     0.0
                                     0.0
                                     0.0
                                     0.0
                                     0.0
                                     0.0
                                     0.0
                                     0.0
                                     0.0
                                     0.0
                                   104.0
                                 48029.0
                                119887.0
                                161437.0
                                235364.0
                                313932.0
                                319325.0
                                309431.0
                                346802.0
                                413064.0
                                489633.0
                                482468.0
                                461678.0
                                470239.0
                                543012.0
                                658358.0
                                624045.0
                                617756.0
                                646427.0
                                761624.0
                                794024.0
                                845031.0
                                867276.0
                                885271.0
                                926677.0
                                990571.0
                               1052606.0
                               1074508.0
                               1134690.0
                               1223360.0
                               1350344.0
                               1440362.0
                               1492322.0
                               1523557.0
                               1745410.0
                               1859792.0
                               1940099.0
                               1760887.0
                               1812230.0
                               2058276.0
                               2377306.0
                               2599100.0
                               2788036.0
                               3069623.0
                               3884820.0
                               4535249.0
                               4395467.0
                               3111566.0
                               2963816.0
                               3207754.0
                               3682036.0
                               2114373.0
                               1826183.0
                               1537171.0
                               1538212.0
                               1221345.0
                                417306.0
                                505092.0
                                653688.0
                                835479.0
                                375494.0
                                280444.0
                                369565.0
                                481096.0
                                436249.0
                                168735.0
                                185135.0
                                230065.0
                                242132.0
                                175842.0
                                 73347.0
                                 81174.0
                                100349.0
                                103769.0
                                 54701.0
                                     0.0
                                     0.0
                                     0.0
                                     0.0
                                     0.0
                                     0.0
                                     0.0
                                     0.0
                                     0.0
                                     0.0
                                     0.0
                                     0.0
                                     0.0
                                     0.0
                                     0.0
                                     0.0
                                     0.0
                                     0.0
                                     0.0
                                     0.0
                                     0.0
                                     0.0
                                     0.0
                                     0.0
                                     0.0
                                     0.0
                                   121.0
                                 56029.0
                                118561.0
                                192268.0
                                250671.0
                                279847.0
                                303631.0
                                343218.0
                                417673.0
                                470873.0
                                496293.0
                                494880.0
                                501341.0
                                563179.0
                                640067.0
                                680941.0
                                680858.0
                                711659.0
                                802158.0
                                875669.0
                                922674.0
                                893055.0
                                943885.0
                               1055762.0
                               1155749.0
                               1230038.0
                               1263700.0
                               1413630.0
                               1409072.0
                               1438266.0
                               1470774.0
                               1561517.0
                               1596048.0
                               1785371.0
                               1966605.0
                               1939233.0
                               1833146.0
                               1588402.0
                               1446820.0
                               1571640.0
                               1830151.0
                               2147078.0
                               2358874.0
                               2536681.0
                               3079083.0
                               2372602.0
                               1532244.0
                               1865437.0
                               2074835.0
                               2532134.0
                               1539419.0
                                857044.0
                               1157628.0
                               1560072.0
                               1916103.0
                                521149.0
                                561112.0
                                795691.0
                               1172839.0
                                866499.0
                                334383.0
                                449965.0
                                636756.0
                                778110.0
                                294670.0
                                236627.0
                                321431.0
                                415908.0
                                325817.0
                                105529.0
                                130285.0
                                165972.0
                                169362.0
                                 62055.0
                                     0.0
                                     0.0
                                     0.0
                                     0.0
                                     0.0
                                     0.0
                                     0.0
                                     0.0
                                     0.0
                                     0.0
                                     0.0
                                     0.0
                                     0.0
                                     0.0
                                     0.0
                                     0.0
                                     0.0
                                     0.0
                                     0.0
                                     0.0
                                     0.0
                                     0.0
                                     0.0
                                     0.0
                                     0.0
                                     0.0
                                     0.0
                                   102.0
                                 65415.0
                                148461.0
                                208442.0
                                243119.0
                                274164.0
                                352698.0
                                431918.0
                                487422.0
                                492376.0
                                500862.0
                                547855.0
                                618878.0
                                696280.0
                                742438.0
                                764071.0
                                806859.0
                                851099.0
                                883092.0
                                952609.0
                                889318.0
                                869708.0
                                987440.0
                               1187497.0
                               1218321.0
                               1211993.0
                               1212311.0
                               1197399.0
                               1177869.0
                               1142257.0
                               1105826.0
                               1003564.0
                               1074926.0
                               1182550.0
                               1235021.0
                               1177151.0
                               1067971.0
                                999506.0
                               1034702.0
                               1143096.0
                               1355435.0
                               1682007.0
                               2255589.0
                               2333260.0
                               1594228.0
                               1308378.0
                               1515269.0
                               1834452.0
                               1751699.0
                                964260.0
                                849875.0
                               1001509.0
                               1259077.0
                               1260618.0
                                487208.0
                                544674.0
                                693766.0
                                976419.0
                                800094.0
                                317037.0
                                430966.0
                                625050.0
                                841019.0
                                449122.0
                                253558.0
                                351443.0
                                471609.0
                                543705.0
                                160934.0
                                162543.0
                                222590.0
                                281770.0
                                192364.0
                                     0.0
                                     0.0
                                     0.0
                                     0.0
                                     0.0
                                     0.0
                                     0.0
                                     0.0
                                     0.0
                                     0.0
                                     0.0
                                     0.0
                                     0.0
                                     0.0
                                     0.0
                                     0.0
                                     0.0
                                     0.0
                                     0.0
                                     0.0
                                     0.0
                                     0.0
                                     0.0
                                     0.0
                                     0.0
                                     0.0
                                     0.0
                                     0.0
                                   195.0
                                 76492.0
                                141254.0
                                191237.0
                                251981.0
                                330990.0
                                405695.0
                                457518.0
                                478216.0
                                505167.0
                                600812.0
                                653763.0
                                698725.0
                                740009.0
                                742887.0
                                716150.0
                                696898.0
                                723121.0
                                790780.0
                                750117.0
                                674967.0
                                707850.0
                                889693.0
                                921501.0
                                908882.0
                                847408.0
                                854920.0
                                895078.0
                                911013.0
                                955355.0
                                864270.0
                                935232.0
                               1037613.0
                               1136801.0
                               1135480.0
                               1098405.0
                               1071689.0
                               1136220.0
                               1307799.0
                               1594138.0
                               1987169.0
                               2723421.0
                               2800412.0
                               2275584.0
                               1785799.0
                               2006217.0
                               2143049.0
                               2016508.0
                               1261936.0
                               1123347.0
                               1150001.0
                               1184300.0
                                990266.0
                                473927.0
                                507151.0
                                600261.0
                                731423.0
                                502877.0
                                255014.0
                                342333.0
                                482427.0
                                560894.0
                                295145.0
                                206366.0
                                279141.0
                                355803.0
                                401460.0
                                146196.0
                                127135.0
                                178020.0
                                255020.0
                                199599.0
                                  8106.0
                                     0.0
                                     0.0
                                     0.0
                                     0.0
                                     0.0
                                     0.0
                                     0.0
                                     0.0
                                     0.0
                                     0.0
                                     0.0
                                     0.0
                                     0.0
                                     0.0
                                     0.0
                                     0.0
                                     0.0
                                     0.0
                                     0.0
                                     0.0
                                     0.0
                                     0.0
                                     0.0
                                     0.0
                                     0.0
                                     0.0
                                     0.0
                                     0.0
                                   179.0
                                 67030.0
                                136791.0
                                206697.0
                                284699.0
                                382019.0
                                409372.0
                                441564.0
                                476061.0
                                525920.0
                                557502.0
                                596254.0
                                609599.0
                                614500.0
                                571062.0
                                595636.0
                                639731.0
                                705204.0
                                660595.0
                                633495.0
                                676574.0
                                816012.0
                                870764.0
                                853392.0
                                832080.0
                                877432.0
                                964852.0
                               1002229.0
                               1024859.0
                               1027395.0
                               1137160.0
                               1249569.0
                               1328493.0
                               1339455.0
                               1365277.0
                               1382915.0
                               1497379.0
                               1682009.0
                               2121678.0
                               2740903.0
                               3868518.0
                               4232562.0
                               3664044.0
                               2754931.0
                               3092871.0
                               3405472.0
                               3182890.0
                               2383480.0
                               2011071.0
                               1902426.0
                               1813734.0
                               1421783.0
                                669266.0
                                624250.0
                                663152.0
                                753018.0
                                477200.0
                                262078.0
                                352951.0
                                469088.0
                                510249.0
                                245620.0
                                196374.0
                                251049.0
                                324197.0
                                324144.0
                                109428.0
                                105171.0
                                136935.0
                                183755.0
                                150103.0
                                 11301.0
                                     0.0
                                     0.0
                                     0.0
                                     0.0
                                     0.0
                                     0.0
                                     0.0
                                     0.0
                                     0.0
                                     0.0
                                     0.0
                                     0.0
                                     0.0
                                     0.0
                                     0.0
                                     0.0
                                     0.0
                                     0.0
                                     0.0
                                     0.0
                                     0.0
                                     0.0
                                     0.0
                                     0.0
                                     0.0
                                     0.0
                                     0.0
                                     0.0
                                     0.0
                                   177.0
                                 74584.0
                                142159.0
                                220528.0
                                288038.0
                                365508.0
                                379772.0
                                395874.0
                                419547.0
                                483737.0
                                559568.0
                                544673.0
                                550445.0
                                546885.0
                                614356.0
                                683214.0
                                701919.0
                                685002.0
                                688932.0
                                807062.0
                                867075.0
                                951692.0
                                945092.0
                                989285.0
                               1045285.0
                               1142253.0
                               1214026.0
                               1278618.0
                               1305206.0
                               1440639.0
                               1606514.0
                               1628737.0
                               1576770.0
                               1753423.0
                               1865709.0
                               2030508.0
                               2206236.0
                               2369411.0
                               2970097.0
                               3865454.0
                               4965957.0
                               5425039.0
                               3334724.0
                               3367488.0
                               3680771.0
                               4328542.0
                               3884279.0
                               2773843.0
                               2595985.0
                               2593722.0
                               2981371.0
                               1158190.0
                               1050489.0
                                918805.0
                               1120315.0
                                797271.0
                                331404.0
                                443940.0
                                614360.0
                                730404.0
                                292225.0
                                236050.0
                                326386.0
                                405354.0
                                319256.0
                                119470.0
                                131007.0
                                156967.0
                                178379.0
                                110294.0
                                  4177.0
                                     0.0
                                     0.0
                                     0.0
                                     0.0
                                     0.0
                                     0.0
                                     0.0
                                     0.0
                                     0.0
                                     0.0
                                     0.0
                                     0.0
                                     0.0
                                     0.0
                                     0.0
                                     0.0
                                     0.0
                                     0.0
                                     0.0
                                     0.0
                                     0.0
                                     0.0
                                     0.0
                                     0.0
                                     0.0
                                     0.0
                                     0.0
                                     0.0
                                     0.0
                                     0.0
                                   156.0
                                 67733.0
                                143813.0
                                231977.0
                                276091.0
                                318984.0
                                345283.0
                                395903.0
                                474957.0
                                527516.0
                                569934.0
                                547611.0
                                574405.0
                                642180.0
                                718739.0
                                747061.0
                                762082.0
                                815369.0
                                906043.0
                               1012049.0
                               1080572.0
                               1049447.0
                               1066184.0
                               1192630.0
                               1329535.0
                               1422780.0
                               1555010.0
                               1686848.0
                               1674461.0
                               1681889.0
                               1783252.0
                               1600885.0
                               1429443.0
                               1618621.0
                               1826329.0
                               2057044.0
                               2304786.0
                               2032780.0
                               2487245.0
                               3145227.0
                               2724257.0
                               1964757.0
                               1935433.0
                               2257040.0
                               2767509.0
                               1923901.0
                               1057244.0
                               1292947.0
                               1688943.0
                               2268883.0
                               1223201.0
                                737602.0
                                991527.0
                               1399295.0
                               1827167.0
                                400779.0
                                541409.0
                                766931.0
                               1142856.0
                                762119.0
                                312018.0
                                432341.0
                                598071.0
                                684399.0
                                218753.0
                                187878.0
                                255151.0
                                326057.0
                                192667.0
                                  5600.0
                                     0.0
                                     0.0
                                     0.0
                                     0.0
                                     0.0
                                     0.0
                                     0.0
                                     0.0
                                     0.0
                                     0.0
                                     0.0
                                     0.0
                                     0.0
                                     0.0
                                     0.0
                                     0.0
                                     0.0
                                     0.0
                                     0.0
                                     0.0
                                     0.0
                                     0.0
                                     0.0
                                     0.0
                                     0.0
                                     0.0
                                     0.0
                                     0.0
                                     0.0
                                     0.0
                                     0.0
                                   172.0
                                 83681.0
                                174128.0
                                228831.0
                                275910.0
                                321677.0
                                403063.0
                                486894.0
                                549101.0
                                568947.0
                                588847.0
                                635322.0
                                713779.0
                                796379.0
                                825798.0
                                902487.0
                                994498.0
                               1131153.0
                               1137225.0
                               1121158.0
                               1129078.0
                                982370.0
                               1014769.0
                               1125632.0
                               1083687.0
                               1169258.0
                               1273725.0
                               1237223.0
                               1161139.0
                               1120288.0
                                975774.0
                                909682.0
                                970011.0
                                968571.0
                               1054665.0
                               1253131.0
                               1553210.0
                               2001309.0
                               2556882.0
                               1884226.0
                               1469227.0
                               1652049.0
                               2101404.0
                               2019798.0
                               1301423.0
                               1169402.0
                               1323174.0
                               1670918.0
                               1428098.0
                                753514.0
                                745632.0
                                890031.0
                               1130799.0
                               1074734.0
                                358323.0
                                469435.0
                                692649.0
                                995257.0
                                725790.0
                                315625.0
                                432938.0
                                603956.0
                                803099.0
                                382878.0
                                206459.0
                                294801.0
                                426592.0
                                460528.0
                                 41591.0
                                     0.0
                                     0.0
                                     0.0
                                     0.0
                                     0.0
                                     0.0
                                     0.0
                                     0.0
                                     0.0
                                     0.0
                                     0.0
                                     0.0
                                     0.0
                                     0.0
                                     0.0
                                     0.0
                                     0.0
                                     0.0
                                     0.0
                                     0.0
                                     0.0
                                     0.0
                                     0.0
                                     0.0
                                     0.0
                                     0.0
                                     0.0
                                     0.0
                                     0.0
                                     0.0
                                     0.0
                                     0.0
                                   221.0
                                 81718.0
                                159234.0
                                222974.0
                                308065.0
                                386473.0
                                474695.0
                                542901.0
                                555040.0
                                579312.0
                                628035.0
                                710786.0
                                755449.0
                                786647.0
                                827438.0
                                808929.0
                                911424.0
                                862238.0
                                827544.0
                                860817.0
                                733539.0
                                723567.0
                                787126.0
                                838984.0
                                853282.0
                                898983.0
                                904046.0
                                904738.0
                                931107.0
                                902683.0
                                847403.0
                                882475.0
                                942199.0
                               1059239.0
                               1308530.0
                               1680362.0
                               2269206.0
                               3262619.0
                               2732455.0
                               1982672.0
                               2130469.0
                               2621598.0
                               2428952.0
                               1918154.0
                               1585156.0
                               1704693.0
                               1723045.0
                               1487301.0
                                909613.0
                                844072.0
                                932214.0
                                964500.0
                                713414.0
                                311000.0
                                396955.0
                                543828.0
                                684126.0
                                399046.0
                                229107.0
                                324984.0
                                461100.0
                                530151.0
                                251769.0
                                176497.0
                                237841.0
                                324459.0
                                353258.0
                                 45000.0
                                     0.0
                                     0.0
                                     0.0
                                     0.0
                                     0.0
                                     0.0
                                     0.0
                                     0.0
                                     0.0
                                     0.0
                                     0.0
                                     0.0
                                     0.0
                                     0.0
                                     0.0
                                     0.0
                                     0.0
                                     0.0
                                     0.0
                                     0.0
                                     0.0
                                     0.0
                                     0.0
                                     0.0
                                     0.0
                                     0.0
                                     0.0
                                     0.0
                                     0.0
                                     0.0
                                     0.0
                                     0.0
                                     0.0
                                   219.0
                                 79777.0
                                167923.0
                                252971.0
                                348882.0
                                421633.0
                                473173.0
                                480888.0
                                481784.0
                                510774.0
                                584629.0
                                624303.0
                                642591.0
                                639340.0
                                630617.0
                                710332.0
                                720650.0
                                734122.0
                                714363.0
                                662667.0
                                719598.0
                                809175.0
                                859684.0
                                863380.0
                                893553.0
                                914084.0
                               1018479.0
                               1032540.0
                               1017398.0
                               1052944.0
                               1058130.0
                               1141994.0
                               1341683.0
                               1697258.0
                               2265479.0
                               3269066.0
                               4900087.0
                               4570477.0
                               3140942.0
                               3174974.0
                               4031579.0
                               3887882.0
                               3489871.0
                               2711989.0
                               2959918.0
                               2929967.0
                               2626190.0
                               1815299.0
                               1453053.0
                               1270223.0
                               1245413.0
                                885926.0
                                384876.0
                                389617.0
                                522305.0
                                606387.0
                                346831.0
                                212020.0
                                295314.0
                                384773.0
                                381303.0
                                170110.0
                                143611.0
                                184092.0
                                230386.0
                                204588.0
                                 23170.0
                                     0.0
                                     0.0
                                     0.0
                                     0.0
                                     0.0
                                     0.0
                                     0.0
                                     0.0
                                     0.0
                                     0.0
                                     0.0
                                     0.0
                                     0.0
                                     0.0
                                     0.0
                                     0.0
                                     0.0
                                     0.0
                                     0.0
                                     0.0
                                     0.0
                                     0.0
                                     0.0
                                     0.0
                                     0.0
                                     0.0
                                     0.0
                                     0.0
                                     0.0
                                     0.0
                                     0.0
                                     0.0
                                     0.0
                                     0.0
                                   193.0
                                 88656.0
                                173147.0
                                232448.0
                                315659.0
                                382937.0
                                386655.0
                                399073.0
                                417211.0
                                501175.0
                                573439.0
                                589858.0
                                585744.0
                                602724.0
                                702428.0
                                729905.0
                                734790.0
                                743815.0
                                758463.0
                                868180.0
                                912701.0
                                963641.0
                               1006349.0
                               1043700.0
                               1191695.0
                               1264872.0
                               1304467.0
                               1332726.0
                               1377222.0
                               1518915.0
                               1581220.0
                               1731625.0
                               2115593.0
                               3039242.0
                               3820024.0
                               4609998.0
                               5412593.0
                               3615461.0
                               3514073.0
                               3949696.0
                               4815586.0
                               5442246.0
                               3326156.0
                               3090674.0
                               3208770.0
                               3833911.0
                               3228635.0
                               1868304.0
                               1667100.0
                               1746268.0
                               2027699.0
                                531845.0
                                556917.0
                                698044.0
                                924212.0
                                549695.0
                                275896.0
                                373137.0
                                499660.0
                                504626.0
                                184040.0
                                167409.0
                                224932.0
                                270281.0
                                197693.0
                                 14529.0
                                     0.0
                                     0.0
                                     0.0
                                     0.0
                                     0.0
                                     0.0
                                     0.0
                                     0.0
                                     0.0
                                     0.0
                                     0.0
                                     0.0
                                     0.0
                                     0.0
                                     0.0
                                     0.0
                                     0.0
                                     0.0
                                     0.0
                                     0.0
                                     0.0
                                     0.0
                                     0.0
                                     0.0
                                     0.0
                                     0.0
                                     0.0
                                     0.0
                                     0.0
                                     0.0
                                     0.0
                                     0.0
                                     0.0
                                     0.0
                                     0.0
                                   198.0
                                 74888.0
                                164963.0
                                235420.0
                                297160.0
                                329374.0
                                354587.0
                                414896.0
                                490373.0
                                561586.0
                                597340.0
                                585278.0
                                616507.0
                                691491.0
                                800760.0
                                835980.0
                                799658.0
                                889100.0
                               1042105.0
                               1168849.0
                               1205957.0
                               1245816.0
                               1295608.0
                               1404125.0
                               1533399.0
                               1483878.0
                               1463634.0
                               1663399.0
                               1756507.0
                               1886971.0
                               1999772.0
                               1890351.0
                               1760232.0
                               2378858.0
                               3599285.0
                               3620585.0
                               2323700.0
                               1978431.0
                               2231898.0
                               3074638.0
                               2123252.0
                               1348333.0
                               1512851.0
                               1937902.0
                               2546304.0
                               1487048.0
                                907201.0
                               1187433.0
                               1566583.0
                               2278703.0
                               1043812.0
                                647714.0
                                893384.0
                               1378183.0
                               1756676.0
                                361443.0
                                533533.0
                                762413.0
                               1071726.0
                                640689.0
                                245544.0
                                339164.0
                                475120.0
                                475120.0
                                 54564.0
                                     0.0
                                     0.0
                                     0.0
                                     0.0
                                     0.0
                                     0.0
                                     0.0
                                     0.0
                                     0.0
                                     0.0
                                     0.0
                                     0.0
                                     0.0
                                     0.0
                                     0.0
                                     0.0
                                     0.0
                                     0.0
                                     0.0
                                     0.0
                                     0.0
                                     0.0
                                     0.0
                                     0.0
                                     0.0
                                     0.0
                                     0.0
                                     0.0
                                     0.0
                                     0.0
                                     0.0
                                     0.0
                                     0.0
                                     0.0
                                     0.0
                                     0.0
                                   166.0
                                 88639.0
                                180213.0
                                231380.0
                                269147.0
                                338159.0
                                422115.0
                                508406.0
                                580325.0
                                631983.0
                                664524.0
                                743726.0
                                783925.0
                                859987.0
                                906638.0
                                887386.0
                               1041042.0
                               1291349.0
                               1362156.0
                               1219051.0
                               1226384.0
                               1144164.0
                               1165023.0
                               1189080.0
                               1013742.0
                                924222.0
                                998788.0
                               1012011.0
                               1018759.0
                               1026210.0
                               1115971.0
                               1250476.0
                               1836928.0
                               2289252.0
                               2422187.0
                               1828075.0
                               1661648.0
                               2040439.0
                               2249236.0
                               1606880.0
                               1325143.0
                               1538192.0
                               1917146.0
                               1668516.0
                               1061546.0
                                965183.0
                               1147245.0
                               1465112.0
                               1240073.0
                                587502.0
                                606895.0
                                767744.0
                               1035255.0
                                925025.0
                                320855.0
                                453048.0
                                676039.0
                                954971.0
                                658900.0
                                253689.0
                                367184.0
                                547958.0
                                709788.0
                                214372.0
                                     0.0
                                     0.0
                                     0.0
                                     0.0
                                     0.0
                                     0.0
                                     0.0
                                     0.0
                                     0.0
                                     0.0
                                     0.0
                                     0.0
                                     0.0
                                     0.0
                                     0.0
                                     0.0
                                     0.0
                                     0.0
                                     0.0
                                     0.0
                                     0.0
                                     0.0
                                     0.0
                                     0.0
                                     0.0
                                     0.0
                                     0.0
                                     0.0
                                     0.0
                                     0.0
                                     0.0
                                     0.0
                                     0.0
                                     0.0
                                     0.0
                                     0.0
                                     0.0
                                   253.0
                                 85642.0
                                160825.0
                                227155.0
                                313314.0
                                434778.0
                                545465.0
                                632532.0
                                672422.0
                                682633.0
                                706549.0
                                716060.0
                                757058.0
                                724940.0
                                689213.0
                                790225.0
                                914430.0
                                941818.0
                                825364.0
                                838834.0
                                770605.0
                                765222.0
                                819486.0
                                806671.0
                                739569.0
                                785163.0
                                776643.0
                                777478.0
                                865008.0
                               1016972.0
                               1162306.0
                               1768492.0
                               2886486.0
                               3641055.0
                               2379278.0
                               2023802.0
                               2463810.0
                               2985948.0
                               2367077.0
                               1864653.0
                               2019393.0
                               2340445.0
                               1985339.0
                               1517652.0
                               1296133.0
                               1366051.0
                               1299578.0
                               1078117.0
                                620703.0
                                612547.0
                                713592.0
                                745333.0
                                522777.0
                                265710.0
                                359212.0
                                483217.0
                                600030.0
                                326773.0
                                180872.0
                                261360.0
                                387345.0
                                427256.0
                                102108.0
                                     0.0
                                     0.0
                                     0.0
                                     0.0
                                     0.0
                                     0.0
                                     0.0
                                     0.0
                                     0.0
                                     0.0
                                     0.0
                                     0.0
                                     0.0
                                     0.0
                                     0.0
                                     0.0
                                     0.0
                                     0.0
                                     0.0
                                     0.0
                                     0.0
                                     0.0
                                     0.0
                                     0.0
                                     0.0
                                     0.0
                                     0.0
                                     0.0
                                     0.0
                                     0.0
                                     0.0
                                     0.0
                                     0.0
                                     0.0
                                     0.0
                                     0.0
                                     0.0
                                     0.0
                                   192.0
                                 82659.0
                                188490.0
                                317451.0
                                416730.0
                                487617.0
                                546530.0
                                531525.0
                                501063.0
                                498388.0
                                566345.0
                                620539.0
                                590612.0
                                577083.0
                                620511.0
                                728337.0
                                772393.0
                                713161.0
                                722834.0
                                692344.0
                                756087.0
                                794559.0
                                840215.0
                                816206.0
                                812914.0
                                791186.0
                                841771.0
                               1006231.0
                               1287413.0
                               1604010.0
                               2432941.0
                               4253639.0
                               5843958.0
                               3888786.0
                               3113857.0
                               3839497.0
                               4859040.0
                               4347318.0
                               3207653.0
                               3374015.0
                               3951238.0
                               3473262.0
                               3145864.0
                               2494758.0
                               2467556.0
                               2145903.0
                               1893940.0
                               1182943.0
                                847815.0
                                703823.0
                                786504.0
                                513261.0
                                248898.0
                                332361.0
                                440400.0
                                465469.0
                                231899.0
                                158645.0
                                224930.0
                                299330.0
                                275146.0
                                 61318.0
                                     0.0
                                     0.0
                                     0.0
                                     0.0
                                     0.0
                                     0.0
                                     0.0
                                     0.0
                                     0.0
                                     0.0
                                     0.0
                                     0.0
                                     0.0
                                     0.0
                                     0.0
                                     0.0
                                     0.0
                                     0.0
                                     0.0
                                     0.0
                                     0.0
                                     0.0
                                     0.0
                                     0.0
                                     0.0
                                     0.0
                                     0.0
                                     0.0
                                     0.0
                                     0.0
                                     0.0
                                     0.0
                                     0.0
                                     0.0
                                     0.0
                                     0.0
                                     0.0
                                     0.0
                                     0.0
                                   252.0
                                105766.0
                                192985.0
                                261959.0
                                344321.0
                                405562.0
                                401282.0
                                399229.0
                                418518.0
                                499072.0
                                542996.0
                                560745.0
                                554323.0
                                593731.0
                                711453.0
                                738708.0
                                764158.0
                                749287.0
                                787430.0
                                899807.0
                                945610.0
                                960510.0
                                952534.0
                               1033665.0
                               1192131.0
                               1115056.0
                               1429811.0
                               1937070.0
                               2565535.0
                               3173558.0
                               3916115.0
                               5007021.0
                               3847721.0
                               3753958.0
                               4033542.0
                               4757398.0
                               5873430.0
                               3780981.0
                               3511277.0
                               3555947.0
                               4321571.0
                               4973097.0
                               2747837.0
                               2307900.0
                               2304203.0
                               3019439.0
                               2317319.0
                               1072413.0
                                939749.0
                               1117530.0
                               1377313.0
                                317527.0
                                423971.0
                                594349.0
                                707546.0
                                356101.0
                                193201.0
                                263491.0
                                350292.0
                                289459.0
                                 34826.0
                                     0.0
                                     0.0
                                     0.0
                                     0.0
                                     0.0
                                     0.0
                                     0.0
                                     0.0
                                     0.0
                                     0.0
                                     0.0
                                     0.0
                                     0.0
                                     0.0
                                     0.0
                                     0.0
                                     0.0
                                     0.0
                                     0.0
                                     0.0
                                     0.0
                                     0.0
                                     0.0
                                     0.0
                                     0.0
                                     0.0
                                     0.0
                                     0.0
                                     0.0
                                     0.0
                                     0.0
                                     0.0
                                     0.0
                                     0.0
                                     0.0
                                     0.0
                                     0.0
                                     0.0
                                     0.0
                                     0.0
                                   255.0
                                 88555.0
                                173745.0
                                258305.0
                                329467.0
                                329567.0
                                359148.0
                                413651.0
                                507182.0
                                559077.0
                                583538.0
                                599465.0
                                675202.0
                                738627.0
                                798663.0
                                845282.0
                                887294.0
                                953717.0
                               1174813.0
                               1322362.0
                               1305778.0
                               1417256.0
                               1395344.0
                               1436624.0
                               1661774.0
                               1617784.0
                               1711156.0
                               2117330.0
                               2689269.0
                               3870018.0
                               3644820.0
                               2404655.0
                               1982849.0
                               2363322.0
                               3454861.0
                               2590255.0
                               1553376.0
                               1525921.0
                               2042180.0
                               2958811.0
                               1517179.0
                               1012407.0
                               1290354.0
                               1790140.0
                               2561204.0
                               1311408.0
                                798887.0
                               1008639.0
                               1490871.0
                               2321704.0
                                894726.0
                                571098.0
                                851881.0
                               1337648.0
                               1609886.0
                                288920.0
                                419705.0
                                629039.0
                                879928.0
                                406162.0
                                     0.0
                                     0.0
                                     0.0
                                     0.0
                                     0.0
                                     0.0
                                     0.0
                                     0.0
                                     0.0
                                     0.0
                                     0.0
                                     0.0
                                     0.0
                                     0.0
                                     0.0
                                     0.0
                                     0.0
                                     0.0
                                     0.0
                                     0.0
                                     0.0
                                     0.0
                                     0.0
                                     0.0
                                     0.0
                                     0.0
                                     0.0
                                     0.0
                                     0.0
                                     0.0
                                     0.0
                                     0.0
                                     0.0
                                     0.0
                                     0.0
                                     0.0
                                     0.0
                                     0.0
                                     0.0
                                     0.0
                                     0.0
                                   198.0
                                 92635.0
                                184620.0
                                240542.0
                                273364.0
                                320801.0
                                412958.0
                                521918.0
                                590271.0
                                681866.0
                                760035.0
                                888434.0
                                958532.0
                                977200.0
                               1002936.0
                                918808.0
                                969467.0
                               1176396.0
                               1164841.0
                               1138204.0
                               1271107.0
                               1258557.0
                               1054069.0
                               1079528.0
                                964070.0
                               1070833.0
                               1219352.0
                               1508220.0
                               1889992.0
                               2616123.0
                               2078158.0
                               1593434.0
                               2009919.0
                               2277575.0
                               1949071.0
                               1500359.0
                               1546151.0
                               2011252.0
                               1906889.0
                               1269945.0
                               1173900.0
                               1449811.0
                               1703228.0
                               1362030.0
                                858363.0
                                805578.0
                               1007060.0
                               1309360.0
                               1089136.0
                                471911.0
                                516941.0
                                716206.0
                               1021156.0
                                838508.0
                                276096.0
                                380527.0
                                593897.0
                                864337.0
                                443367.0
                                     0.0
                                     0.0
                                     0.0
                                     0.0
                                     0.0
                                     0.0
                                     0.0
                                     0.0
                                     0.0
                                     0.0
                                     0.0
                                     0.0
                                     0.0
                                     0.0
                                     0.0
                                     0.0
                                     0.0
                                     0.0
                                     0.0
                                     0.0
                                     0.0
                                     0.0
                                     0.0
                                     0.0
                                     0.0
                                     0.0
                                     0.0
                                     0.0
                                     0.0
                                     0.0
                                     0.0
                                     0.0
                                     0.0
                                     0.0
                                     0.0
                                     0.0
                                     0.0
                                     0.0
                                     0.0
                                     0.0
                                     0.0
                                     0.0
                                   251.0
                                 88651.0
                                171735.0
                                222354.0
                                319707.0
                                457197.0
                                582834.0
                                684904.0
                                812876.0
                                801929.0
                                842409.0
                                904756.0
                                784240.0
                                768099.0
                                655597.0
                                650516.0
                                737943.0
                                782466.0
                                773959.0
                                762689.0
                                731993.0
                                657063.0
                                679695.0
                                730597.0
                                792073.0
                                996923.0
                               1398268.0
                               2073152.0
                               3978127.0
                               3115938.0
                               1888406.0
                               2152405.0
                               3063783.0
                               3040054.0
                               2109392.0
                               1976683.0
                               2426503.0
                               2392697.0
                               1901244.0
                               1647950.0
                               1793357.0
                               1859641.0
                               1442261.0
                               1172525.0
                               1035974.0
                               1021861.0
                                932633.0
                                710569.0
                                377378.0
                                439173.0
                                552556.0
                                613677.0
                                429406.0
                                206513.0
                                293013.0
                                411511.0
                                475813.0
                                180093.0
                                     0.0
                                     0.0
                                     0.0
                                     0.0
                                     0.0
                                     0.0
                                     0.0
                                     0.0
                                     0.0
                                     0.0
                                     0.0
                                     0.0
                                     0.0
                                     0.0
                                     0.0
                                     0.0
                                     0.0
                                     0.0
                                     0.0
                                     0.0
                                     0.0
                                     0.0
                                     0.0
                                     0.0
                                     0.0
                                     0.0
                                     0.0
                                     0.0
                                     0.0
                                     0.0
                                     0.0
                                     0.0
                                     0.0
                                     0.0
                                     0.0
                                     0.0
                                     0.0
                                     0.0
                                     0.0
                                     0.0
                                     0.0
                                     0.0
                                     0.0
                                   251.0
                                 86512.0
                                182377.0
                                324411.0
                                430224.0
                                502690.0
                                571472.0
                                589156.0
                                560157.0
                                567228.0
                                619507.0
                                631636.0
                                617527.0
                                553572.0
                                548744.0
                                640836.0
                                670669.0
                                699870.0
                                661228.0
                                585096.0
                                563834.0
                                592645.0
                                665823.0
                                882307.0
                               1095479.0
                               1784227.0
                               3234410.0
                               5838243.0
                               4932345.0
                               2941962.0
                               3288135.0
                               4839166.0
                               5479565.0
                               3843536.0
                               3361490.0
                               4198820.0
                               4323417.0
                               3938467.0
                               3228586.0
                               3268862.0
                               3372522.0
                               2737218.0
                               2546820.0
                               1903129.0
                               1614719.0
                               1270049.0
                               1103500.0
                                485846.0
                                354446.0
                                473337.0
                                529693.0
                                333393.0
                                171390.0
                                251038.0
                                337254.0
                                330593.0
                                 93058.0
                                     0.0
                                     0.0
                                     0.0
                                     0.0
                                     0.0
                                     0.0
                                     0.0
                                     0.0
                                     0.0
                                     0.0
                                     0.0
                                     0.0
                                     0.0
                                     0.0
                                     0.0
                                     0.0
                                     0.0
                                     0.0
                                     0.0
                                     0.0
                                     0.0
                                     0.0
                                     0.0
                                     0.0
                                     0.0
                                     0.0
                                     0.0
                                     0.0
                                     0.0
                                     0.0
                                     0.0
                                     0.0
                                     0.0
                                     0.0
                                     0.0
                                     0.0
                                     0.0
                                     0.0
                                     0.0
                                     0.0
                                     0.0
                                     0.0
                                     0.0
                                     0.0
                                   514.0
                                115335.0
                                200167.0
                                276849.0
                                347542.0
                                420671.0
                                449093.0
                                440096.0
                                464300.0
                                508050.0
                                576422.0
                                558868.0
                                555491.0
                                546397.0
                                622692.0
                                716100.0
                                722937.0
                                737229.0
                                735194.0
                                692693.0
                                779424.0
                                952834.0
                               1329187.0
                               1820882.0
                               2468889.0
                               3503690.0
                               4491383.0
                               3657316.0
                               3442827.0
                               3533197.0
                               4020982.0
                               5634103.0
                               4048979.0
                               3672690.0
                               3824851.0
                               4487919.0
                               6081944.0
                               3552513.0
                               2805357.0
                               2648250.0
                               3458091.0
                               4122893.0
                               1685443.0
                               1333831.0
                               1425373.0
                               2126696.0
                               1626970.0
                                536346.0
                                664882.0
                                895493.0
                                964722.0
                                217647.0
                                295235.0
                                405452.0
                                429385.0
                                148388.0
                                     0.0
                                     0.0
                                     0.0
                                     0.0
                                     0.0
                                     0.0
                                     0.0
                                     0.0
                                     0.0
                                     0.0
                                     0.0
                                     0.0
                                     0.0
                                     0.0
                                     0.0
                                     0.0
                                     0.0
                                     0.0
                                     0.0
                                     0.0
                                     0.0
                                     0.0
                                     0.0
                                     0.0
                                     0.0
                                     0.0
                                     0.0
                                     0.0
                                     0.0
                                     0.0
                                     0.0
                                     0.0
                                     0.0
                                     0.0
                                     0.0
                                     0.0
                                     0.0
                                     0.0
                                     0.0
                                     0.0
                                     0.0
                                     0.0
                                     0.0
                                     0.0
                                     0.0
                                     0.0
                                 79642.0
                                169886.0
                                257101.0
                                340800.0
                                369972.0
                                359319.0
                                424640.0
                                489831.0
                                574414.0
                                546642.0
                                602710.0
                                661015.0
                                709893.0
                                778948.0
                                892589.0
                                875312.0
                                989294.0
                               1165980.0
                               1150227.0
                               1439054.0
                               1891893.0
                               2362377.0
                               2767202.0
                               3456563.0
                               2685294.0
                               2744638.0
                               2347955.0
                               2687848.0
                               3949528.0
                               2843839.0
                               1911054.0
                               1651570.0
                               1942814.0
                               3125396.0
                               1386702.0
                                927539.0
                               1178684.0
                               1773857.0
                               2749476.0
                               1300732.0
                                873484.0
                               1136131.0
                               1596723.0
                               2536029.0
                               1039529.0
                                593632.0
                                837938.0
                               1422867.0
                               2330953.0
                                764920.0
                                466486.0
                                717682.0
                               1179206.0
                               1318449.0
                                  6509.0
                                     0.0
                                     0.0
                                     0.0
                                     0.0
                                     0.0
                                     0.0
                                     0.0
                                     0.0
                                     0.0
                                     0.0
                                     0.0
                                     0.0
                                     0.0
                                     0.0
                                     0.0
                                     0.0
                                     0.0
                                     0.0
                                     0.0
                                     0.0
                                     0.0
                                     0.0
                                     0.0
                                     0.0
                                     0.0
                                     0.0
                                     0.0
                                     0.0
                                     0.0
                                     0.0
                                     0.0
                                     0.0
                                     0.0
                                     0.0
                                     0.0
                                     0.0
                                     0.0
                                     0.0
                                     0.0
                                     0.0
                                     0.0
                                     0.0
                                     0.0
                                     0.0
                                     0.0
                                   206.0
                                 93079.0
                                186372.0
                                251294.0
                                291720.0
                                325830.0
                                423445.0
                                520181.0
                                569055.0
                                673269.0
                                856560.0
                               1069224.0
                               1048486.0
                               1002048.0
                               1111705.0
                                975835.0
                               1035227.0
                               1168054.0
                               1076413.0
                                894791.0
                               1094091.0
                               1272564.0
                               1571069.0
                               1610530.0
                               2082103.0
                               2684975.0
                               1798401.0
                               1686941.0
                               1745717.0
                               2258500.0
                               1692588.0
                               1481150.0
                               1931134.0
                               1940331.0
                               1455502.0
                               1226094.0
                               1343322.0
                               1783485.0
                               1470163.0
                               1021644.0
                                948782.0
                               1150656.0
                               1326101.0
                               1122519.0
                                631897.0
                                616895.0
                                821624.0
                               1087439.0
                                894019.0
                                323723.0
                                429830.0
                                642444.0
                                942331.0
                                642984.0
                                  3263.0
                                     0.0
                                     0.0
                                     0.0
                                     0.0
                                     0.0
                                     0.0
                                     0.0
                                     0.0
                                     0.0
                                     0.0
                                     0.0
                                     0.0
                                     0.0
                                     0.0
                                     0.0
                                     0.0
                                     0.0
                                     0.0
                                     0.0
                                     0.0
                                     0.0
                                     0.0
                                     0.0
                                     0.0
                                     0.0
                                     0.0
                                     0.0
                                     0.0
                                     0.0
                                     0.0
                                     0.0
                                     0.0
                                     0.0
                                     0.0
                                     0.0
                                     0.0
                                     0.0
                                     0.0
                                     0.0
                                     0.0
                                     0.0
                                     0.0
                                     0.0
                                     0.0
                                     0.0
                                     0.0
                                   199.0
                                 99991.0
                                171776.0
                                239412.0
                                325865.0
                                464068.0
                                568869.0
                                615960.0
                                736089.0
                                844981.0
                                886288.0
                                922099.0
                                694460.0
                                769771.0
                                652892.0
                                659243.0
                                663301.0
                                656862.0
                                603611.0
                                718562.0
                                850410.0
                                908933.0
                               1436644.0
                               3065710.0
                               4180399.0
                               2412672.0
                               2024762.0
                               2286679.0
                               3730788.0
                               2553600.0
                               1798952.0
                               2127019.0
                               2720245.0
                               2359049.0
                               1766718.0
                               1856688.0
                               2129508.0
                               1736586.0
                               1495827.0
                               1328395.0
                               1436312.0
                               1310824.0
                                946952.0
                                754636.0
                                590795.0
                                589813.0
                                644858.0
                                461038.0
                                224585.0
                                304879.0
                                456714.0
                                504183.0
                                258536.0
                                  3324.0
                                     0.0
                                     0.0
                                     0.0
                                     0.0
                                     0.0
                                     0.0
                                     0.0
                                     0.0
                                     0.0
                                     0.0
                                     0.0
                                     0.0
                                     0.0
                                     0.0
                                     0.0
                                     0.0
                                     0.0
                                     0.0
                                     0.0
                                     0.0
                                     0.0
                                     0.0
                                     0.0
                                     0.0
                                     0.0
                                     0.0
                                     0.0
                                     0.0
                                     0.0
                                     0.0
                                     0.0
                                     0.0
                                     0.0
                                     0.0
                                     0.0
                                     0.0
                                     0.0
                                     0.0
                                     0.0
                                     0.0
                                     0.0
                                     0.0
                                     0.0
                                     0.0
                                     0.0
                                     0.0
                                     0.0
                                   216.0
                                 90114.0
                                189022.0
                                297301.0
                                389623.0
                                418843.0
                                461597.0
                                544416.0
                                551085.0
                                556253.0
                                597659.0
                                561317.0
                                578150.0
                                509568.0
                                480993.0
                                477235.0
                                501512.0
                                534620.0
                                659884.0
                                779472.0
                               1038939.0
                               2199191.0
                               4720233.0
                               4965796.0
                               2820203.0
                               2686628.0
                               3788289.0
                               5801429.0
                               4449329.0
                               3004623.0
                               3591885.0
                               4860530.0
                               4662108.0
                               3599664.0
                               3379744.0
                               4017686.0
                               3542758.0
                               3625364.0
                               2806764.0
                               2681805.0
                               2215935.0
                               1825573.0
                               1662695.0
                                968123.0
                                655763.0
                                541810.0
                                485338.0
                                267555.0
                                257308.0
                                338312.0
                                330807.0
                                153490.0
                                    57.0
                                     0.0
                                     0.0
                                     0.0
                                     0.0
                                     0.0
                                     0.0
                                     0.0
                                     0.0
                                     0.0
                                     0.0
                                     0.0
                                     0.0
                                     0.0
                                     0.0
                                     0.0
                                     0.0
                                     0.0
                                     0.0
                                     0.0
                                     0.0
                                     0.0
                                     0.0
                                     0.0
                                     0.0
                                     0.0
                                     0.0
                                     0.0
                                     0.0
                                     0.0
                                     0.0
                                     0.0
                                     0.0
                                     0.0
                                     0.0
                                     0.0
                                     0.0
                                     0.0
                                     0.0
                                     0.0
                                     0.0
                                     0.0
                                     0.0
                                     0.0
                                     0.0
                                     0.0
                                     0.0
                                     0.0
                                     0.0
                                   230.0
                                100635.0
                                179642.0
                                232203.0
                                282536.0
                                348518.0
                                411878.0
                                419270.0
                                439846.0
                                474065.0
                                527062.0
                                512632.0
                                483207.0
                                455954.0
                                398387.0
                                441946.0
                                567921.0
                                823897.0
                               1162947.0
                               2021575.0
                               2858769.0
                               3188114.0
                               2070740.0
                               2073111.0
                               2678889.0
                               3278187.0
                               4516249.0
                               3266934.0
                               3275500.0
                               3310366.0
                               3762113.0
                               5645257.0
                               3757690.0
                               3059154.0
                               2759706.0
                               3463197.0
                               5063943.0
                               2241493.0
                               1610005.0
                               1543622.0
                               2348255.0
                               3071561.0
                                862284.0
                                735135.0
                                963885.0
                               1524635.0
                               1350034.0
                                420333.0
                                494754.0
                                597383.0
                                491975.0
                                 39944.0
                                    27.0
                                     0.0
                                     0.0
                                     0.0
                                     0.0
                                     0.0
                                     0.0
                                     0.0
                                     0.0
                                     0.0
                                     0.0
                                     0.0
                                     0.0
                                     0.0
                                     0.0
                                     0.0
                                     0.0
                                     0.0
                                     0.0
                                     0.0
                                     0.0
                                     0.0
                                     0.0
                                     0.0
                                     0.0
                                     0.0
                                     0.0
                                     0.0
                                     0.0
                                     0.0
                                     0.0
                                     0.0
                                     0.0
                                     0.0
                                     0.0
                                     0.0
                                     0.0
                                     0.0
                                     0.0
                                     0.0
                                     0.0
                                     0.0
                                     0.0
                                     0.0
                                     0.0
                                     0.0
                                     0.0
                                     0.0
                                     0.0
                                   402.0
                                 83851.0
                                144523.0
                                225006.0
                                313938.0
                                357767.0
                                368322.0
                                443179.0
                                436852.0
                                511421.0
                                492878.0
                                532253.0
                                663451.0
                                635701.0
                                763062.0
                               1005058.0
                               1366884.0
                               1839479.0
                               1865528.0
                               2927003.0
                               1646426.0
                               1990457.0
                               2433436.0
                               2584508.0
                               3623131.0
                               1793589.0
                               1522746.0
                               1518734.0
                               1918376.0
                               2990400.0
                               1068394.0
                                728474.0
                                821104.0
                               1243743.0
                               2439707.0
                                802520.0
                                486354.0
                                786507.0
                               1391754.0
                               2584459.0
                                875586.0
                                537005.0
                                823305.0
                               1463012.0
                               2661143.0
                                859213.0
                                503160.0
                                779276.0
                               1353662.0
                               2287935.0
                                417910.0
                                 42576.0
                                     0.0
                                     0.0
                                     0.0
                                     0.0
                                     0.0
                                     0.0
                                     0.0
                                     0.0
                                     0.0
                                     0.0
                                     0.0
                                     0.0
                                     0.0
                                     0.0
                                     0.0
                                     0.0
                                     0.0
                                     0.0
                                     0.0
                                     0.0
                                     0.0
                                     0.0
                                     0.0
                                     0.0
                                     0.0
                                     0.0
                                     0.0
                                     0.0
                                     0.0
                                     0.0
                                     0.0
                                     0.0
                                     0.0
                                     0.0
                                     0.0
                                     0.0
                                     0.0
                                     0.0
                                     0.0
                                     0.0
                                     0.0
                                     0.0
                                     0.0
                                     0.0
                                     0.0
                                     0.0
                                     0.0
                                     0.0
                                     0.0
                                     0.0
                                 76330.0
                                156324.0
                                241149.0
                                285858.0
                                321122.0
                                378534.0
                                448719.0
                                551233.0
                                605001.0
                                741289.0
                                897098.0
                                945175.0
                               1009642.0
                               1189436.0
                               1401332.0
                               1484873.0
                               1679193.0
                               1088711.0
                                693921.0
                                799488.0
                                886374.0
                               1089721.0
                                982028.0
                                562938.0
                                598536.0
                                698525.0
                                831942.0
                                640127.0
                                345279.0
                                470699.0
                                705582.0
                               1031085.0
                                708774.0
                                351296.0
                                459278.0
                                657602.0
                               1003106.0
                                791663.0
                                354611.0
                                478589.0
                                714144.0
                               1020541.0
                                805589.0
                                306004.0
                                420768.0
                                642412.0
                                975468.0
                                639441.0
                                 38921.0
                                   284.0
                                     0.0
                                     0.0
                                     0.0
                                     0.0
                                     0.0
                                     0.0
                                     0.0
                                     0.0
                                     0.0
                                     0.0
                                     0.0
                                     0.0
                                     0.0
                                     0.0
                                     0.0
                                     0.0
                                     0.0
                                     0.0
                                     0.0
                                     0.0
                                     0.0
                                     0.0
                                     0.0
                                     0.0
                                     0.0
                                     0.0
                                     0.0
                                     0.0
                                     0.0
                                     0.0
                                     0.0
                                     0.0
                                     0.0
                                     0.0
                                     0.0
                                     0.0
                                     0.0
                                     0.0
                                     0.0
                                     0.0
                                     0.0
                                     0.0
                                     0.0
                                     0.0
                                     0.0
                                     0.0
                                     0.0
                                     0.0
                                     0.0
                                     0.0
                                   214.0
                                 83730.0
                                170140.0
                                238981.0
                                379398.0
                                497079.0
                                560667.0
                                532057.0
                                488637.0
                                545454.0
                                585806.0
                                626859.0
                                615247.0
                                626255.0
                                729903.0
                                717644.0
                                711686.0
                                478449.0
                                421244.0
                                479249.0
                                533497.0
                                509574.0
                                443479.0
                                344293.0
                                400766.0
                                499203.0
                                539259.0
                                310488.0
                                216980.0
                                299302.0
                                399861.0
                                515645.0
                                321214.0
                                250960.0
                                353229.0
                                475237.0
                                494335.0
                                333858.0
                                238334.0
                                327155.0
                                469773.0
                                547861.0
                                333863.0
                                201699.0
                                295488.0
                                427408.0
                                487257.0
                                239530.0
                                  2422.0
                                     0.0
                                     0.0
                                     0.0
                                     0.0
                                     0.0
                                     0.0
                                     0.0
                                     0.0
                                     0.0
                                     0.0
                                     0.0
                                     0.0
                                     0.0
                                     0.0
                                     0.0
                                     0.0
                                     0.0
                                     0.0
                                     0.0
                                     0.0
                                     0.0
                                     0.0
                                     0.0
                                     0.0
                                     0.0
                                     0.0
                                     0.0
                                     0.0
                                     0.0
                                     0.0
                                     0.0
                                     0.0
                                     0.0
                                     0.0
                                     0.0
                                     0.0
                                     0.0
                                     0.0
                                     0.0
                                     0.0
                                     0.0
                                     0.0
                                     0.0
                                     0.0
                                     0.0
                                     0.0
                                     0.0
                                     0.0
                                     0.0
                                     0.0
                                     0.0
                                     0.0
                                   211.0
                                 99236.0
                                240268.0
                                390947.0
                                403970.0
                                362669.0
                                299925.0
                                278373.0
                                314813.0
                                328942.0
                                354392.0
                                346965.0
                                345942.0
                                383532.0
                                359477.0
                                372159.0
                                280706.0
                                277081.0
                                303184.0
                                282467.0
                                200571.0
                                165724.0
                                187422.0
                                232541.0
                                292920.0
                                307588.0
                                168784.0
                                167634.0
                                222691.0
                                254115.0
                                291034.0
                                238816.0
                                179708.0
                                237571.0
                                310155.0
                                316621.0
                                250057.0
                                166668.0
                                233502.0
                                311619.0
                                347149.0
                                220928.0
                                136398.0
                                200067.0
                                257246.0
                                236528.0
                                122367.0
                                     0.0
                                     0.0
                                     0.0
                                     0.0
                                     0.0
                                     0.0
                                     0.0
                                     0.0
                                     0.0
                                     0.0
                                     0.0
                                     0.0
                                     0.0
                                     0.0
                                     0.0
                                     0.0
                                     0.0
                                     0.0
                                     0.0
                                     0.0
                                     0.0
                                     0.0
                                     0.0
                                     0.0
                                     0.0
                                     0.0
                                     0.0
                                     0.0
                                     0.0
                                     0.0
                                     0.0
                                     0.0
                                     0.0
                                     0.0
                                     0.0
                                     0.0
                                     0.0
                                     0.0
                                     0.0
                                     0.0
                                     0.0
                                     0.0
                                     0.0
                                     0.0
                                     0.0
                                     0.0
                                     0.0
                                     0.0
                                     0.0
                                     0.0
                                     0.0
                                     0.0
                                     0.0
                                     0.0
                                   265.0
                                109473.0
                                196102.0
                                209511.0
                                192621.0
                                181498.0
                                173063.0
                                185609.0
                                207236.0
                                193124.0
                                217532.0
                                197933.0
                                219690.0
                                229289.0
                                180226.0
                                144511.0
                                165143.0
                                174785.0
                                183183.0
                                173183.0
                                131765.0
                                141959.0
                                160213.0
                                197287.0
                                200851.0
                                161409.0
                                120882.0
                                165226.0
                                193445.0
                                196228.0
                                132717.0
                                132154.0
                                169959.0
                                215470.0
                                180075.0
                                110576.0
                                112290.0
                                157005.0
                                173976.0
                                172196.0
                                 95533.0
                                 87948.0
                                131716.0
                                172862.0
                                156625.0
                                 39835.0
                                     0.0
                                     0.0
                                     0.0
                                     0.0
                                     0.0
                                     0.0
                                     0.0
                                     0.0
                                     0.0
                                     0.0
                                     0.0
                                     0.0
                                     0.0
                                     0.0
                                     0.0
                                     0.0
                                     0.0
                                     0.0
                                     0.0
                                     0.0
                                     0.0
                                     0.0
                                     0.0
                                     0.0
                                     0.0
                                     0.0
                                     0.0
                                     0.0
                                     0.0
                                     0.0
                                     0.0
                                     0.0
                                     0.0
                                     0.0
                                     0.0
                                     0.0
                                     0.0
                                     0.0
                                     0.0
                                     0.0
                                     0.0
                                     0.0
                                     0.0
                                     0.0
                                     0.0
                                     0.0
                                     0.0
                                     0.0
                                     0.0
                                     0.0
                                     0.0
                                     0.0
                                     0.0
                                     0.0
                                     0.0
                                   216.0
                                 68384.0
                                 98068.0
                                103732.0
                                102081.0
                                117236.0
                                140288.0
                                146687.0
                                125843.0
                                140764.0
                                154423.0
                                147455.0
                                149263.0
                                135330.0
                                110099.0
                                133730.0
                                163947.0
                                197045.0
                                204391.0
                                115266.0
                                 93640.0
                                118383.0
                                146383.0
                                160867.0
                                 90247.0
                                 82293.0
                                124680.0
                                110929.0
                                 95203.0
                                 76600.0
                                100731.0
                                123816.0
                                141237.0
                                139891.0
                                 80575.0
                                 95786.0
                                127033.0
                                156268.0
                                155017.0
                                 76761.0
                                 64293.0
                                 95797.0
                                115528.0
                                108824.0
                                 52978.0
                                     0.0
                                     0.0
                                     0.0
                                     0.0
                                     0.0
                                     0.0
                                     0.0
                                     0.0
                                     0.0
                                     0.0
                                     0.0
                                     0.0
                                     0.0
                                     0.0
                                     0.0
                                     0.0
                                     0.0
                                     0.0
                                     0.0
                                     0.0
                                     0.0
                                     0.0
                                     0.0
                                     0.0
                                     0.0
                                     0.0
                                     0.0
                                     0.0
                                     0.0
                                     0.0
                                     0.0
                                     0.0
                                     0.0
                                     0.0
                                     0.0
                                     0.0
                                     0.0
                                     0.0
                                     0.0
                                     0.0
                                     0.0
                                     0.0
                                     0.0
                                     0.0
                                     0.0
                                     0.0
                                     0.0
                                     0.0
                                     0.0
                                     0.0
                                     0.0
                                     0.0
                                     0.0
                                     0.0
                                     0.0
                                     0.0
                                   221.0
                                 36429.0
                                 53425.0
                                 67193.0
                                 77490.0
                                 75926.0
                                 84005.0
                                106895.0
                                119991.0
                                 85389.0
                                 74527.0
                                 78467.0
                                 83865.0
                                 96069.0
                                103606.0
                                104290.0
                                116923.0
                                 88120.0
                                 52932.0
                                 64607.0
                                 90117.0
                                 79744.0
                                 73810.0
                                 67158.0
                                 74487.0
                                112628.0
                                 86005.0
                                 74714.0
                                 76114.0
                                 95218.0
                                129627.0
                                151657.0
                                136986.0
                                 74180.0
                                 62215.0
                                 88303.0
                                 93105.0
                                106985.0
                                 72383.0
                                 55623.0
                                 80546.0
                                 95241.0
                                 55938.0
                                 12867.0
                                     0.0
                                     0.0
                                     0.0
                                     0.0
                                     0.0
                                     0.0
                                     0.0
                                     0.0
                                     0.0
                                     0.0
                                     0.0
                                     0.0
                                     0.0
                                     0.0
                                     0.0
                                     0.0
                                     0.0
                                     0.0
                                     0.0
                                     0.0
                                     0.0
                                     0.0
                                     0.0
                                     0.0
                                     0.0
                                     0.0
                                     0.0
                                     0.0
                                     0.0
                                     0.0
                                     0.0
                                     0.0
                                     0.0
                                     0.0
                                     0.0
                                     0.0
                                     0.0
                                     0.0
                                     0.0
                                     0.0
                                     0.0
                                     0.0
                                     0.0
                                     0.0
                                     0.0
                                     0.0
                                     0.0
                                     0.0
                                     0.0
                                     0.0
                                     0.0
                                     0.0
                                     0.0
                                     0.0
                                     0.0
                                     0.0
                                     0.0
                                     0.0
                                 19904.0
                                 27320.0
                                 37426.0
                                 47320.0
                                 65454.0
                                 68215.0
                                 76137.0
                                 62484.0
                                 75393.0
                                108718.0
                                121815.0
                                 87890.0
                                 88546.0
                                105676.0
                                105772.0
                                 43846.0
                                 42613.0
                                 51013.0
                                 70678.0
                                 48457.0
                                 52267.0
                                 52653.0
                                 59452.0
                                 78835.0
                                100524.0
                                 99055.0
                                 51542.0
                                 59020.0
                                 84409.0
                                105787.0
                                 90430.0
                                 52953.0
                                 50020.0
                                 66702.0
                                 68385.0
                                 62154.0
                                 47103.0
                                 69225.0
                                 92858.0
                                108414.0
                                 54987.0
                                  2798.0
                                     0.0
                                     0.0
                                     0.0
                                     0.0
                                     0.0
                                     0.0
                                     0.0
                                     0.0
                                     0.0
                                     0.0
                                     0.0
                                     0.0
                                     0.0
                                     0.0
                                     0.0
                                     0.0
                                     0.0
                                     0.0
                                     0.0
                                     0.0
                                     0.0
                                     0.0
                                     0.0
                                     0.0
                                     0.0
                                     0.0
                                     0.0
                                     0.0
                                     0.0
                                     0.0
                                     0.0
                                     0.0
                                     0.0
                                     0.0
                                     0.0
                                     0.0
                                     0.0
                                     0.0
                                     0.0
                                     0.0
                                     0.0
                                     0.0
                                     0.0
                                     0.0
                                     0.0
                                     0.0
                                     0.0
                                     0.0
                                     0.0
                                     0.0
                                     0.0
                                     0.0
                                     0.0
                                     0.0
                                     0.0
                                     0.0
                                     0.0
                                     0.0
                                    39.0
                                 11628.0
                                 29452.0
                                 42031.0
                                 42807.0
                                 39230.0
                                 45249.0
                                 64974.0
                                 73046.0
                                 85858.0
                                 75693.0
                                 60177.0
                                 63024.0
                                 59044.0
                                 67600.0
                                 37182.0
                                 35747.0
                                 43258.0
                                 44999.0
                                 38315.0
                                 41374.0
                                 42692.0
                                 52889.0
                                 70142.0
                                 80958.0
                                 90914.0
                                 35218.0
                                 39526.0
                                 49709.0
                                 50200.0
                                 45023.0
                                 29396.0
                                 38918.0
                                 55909.0
                                 55104.0
                                 43903.0
                                 46222.0
                                 53815.0
                                 80602.0
                                 93442.0
                                 63364.0
                                  2296.0
                                     0.0
                                     0.0
                                     0.0
                                     0.0
                                     0.0
                                     0.0
                                     0.0
                                     0.0
                                     0.0
                                     0.0
                                     0.0
                                     0.0
                                     0.0
                                     0.0
                                     0.0
                                     0.0
                                     0.0
                                     0.0
                                     0.0
                                     0.0
                                     0.0
                                     0.0
                                     0.0
                                     0.0
                                     0.0
                                     0.0
                                     0.0
                                     0.0
                                     0.0
                                     0.0
                                     0.0
                                     0.0
                                     0.0
                                     0.0
                                     0.0
                                     0.0
                                     0.0
                                     0.0
                                     0.0
                                     0.0
                                     0.0
                                     0.0
                                     0.0
                                     0.0
                                     0.0
                                     0.0
                                     0.0
                                     0.0
                                     0.0
                                     0.0
                                     0.0
                                     0.0
                                     0.0
                                     0.0
                                     0.0
                                     0.0
                                     0.0
                                     0.0
                                     0.0
                                    20.0
                                 13085.0
                                 21798.0
                                 21162.0
                                 34189.0
                                 48040.0
                                 58194.0
                                 58761.0
                                 70720.0
                                 39086.0
                                 47144.0
                                 58095.0
                                 51263.0
                                 35222.0
                                 29948.0
                                 34832.0
                                 50743.0
                                 44668.0
                                 42323.0
                                 35479.0
                                 50530.0
                                 63116.0
                                 80895.0
                                 81312.0
                                 40160.0
                                 33050.0
                                 32074.0
                                 35366.0
                                 38516.0
                                 38228.0
                                 31699.0
                                 49986.0
                                 76962.0
                                 62742.0
                                 51476.0
                                 25515.0
                                 42823.0
                                 62221.0
                                 60019.0
                                 49654.0
                                  5658.0
                                     0.0
                                     0.0
                                     0.0
                                     0.0
                                     0.0
                                     0.0
                                     0.0
                                     0.0
                                     0.0
                                     0.0
                                     0.0
                                     0.0
                                     0.0
                                     0.0
                                     0.0
                                     0.0
                                     0.0
                                     0.0
                                     0.0
                                     0.0
                                     0.0
                                     0.0
                                     0.0
                                     0.0
                                     0.0
                                     0.0
                                     0.0
                                     0.0
                                     0.0
                                     0.0
                                     0.0
                                     0.0
                                     0.0
                                     0.0
                                     0.0
                                     0.0
                                     0.0
                                     0.0
                                     0.0
                                     0.0
                                     0.0
                                     0.0
                                     0.0
                                     0.0
                                     0.0
                                     0.0
                                     0.0
                                     0.0
                                     0.0
                                     0.0
                                     0.0
                                     0.0
                                     0.0
                                     0.0
                                     0.0
                                     0.0
                                     0.0
                                     0.0
                                     0.0
                                     0.0
                                    19.0
                                  5676.0
                                 15134.0
                                 25347.0
                                 33666.0
                                 35269.0
                                 39676.0
                                 37734.0
                                 23595.0
                                 23313.0
                                 30478.0
                                 25457.0
                                 22152.0
                                 30456.0
                                 36607.0
                                 38112.0
                                 46994.0
                                 61696.0
                                 63887.0
                                 33834.0
                                 39828.0
                                 52718.0
                                 50310.0
                                 32773.0
                                 21812.0
                                 27692.0
                                 30124.0
                                 40226.0
                                 26760.0
                                 38227.0
                                 50592.0
                                 73441.0
                                 70069.0
                                 61972.0
                                 20304.0
                                 34257.0
                                 36775.0
                                 31215.0
                                 16195.0
                                   113.0
                                     0.0
                                     0.0
                                     0.0
                                     0.0
                                     0.0
                                     0.0
                                     0.0
                                     0.0
                                     0.0
                                     0.0
                                     0.0
                                     0.0
                                     0.0
                                     0.0
                                     0.0
                                     0.0
                                     0.0
                                     0.0
                                     0.0
                                     0.0
                                     0.0
                                     0.0
                                     0.0
                                     0.0
                                     0.0
                                     0.0
                                     0.0
                                     0.0
                                     0.0
                                     0.0
                                     0.0
                                     0.0
                                     0.0
                                     0.0
                                     0.0
                                     0.0
                                     0.0
                                     0.0
                                     0.0
                                     0.0
                                     0.0
                                     0.0
                                     0.0
                                     0.0
                                     0.0
                                     0.0
                                     0.0
                                     0.0
                                     0.0
                                     0.0
                                     0.0
                                     0.0
                                     0.0
                                     0.0
                                     0.0
                                     0.0
                                     0.0
                                     0.0
                                     0.0
                                     0.0
                                     0.0
                                    13.0
                                  6624.0
                                 19961.0
                                 20364.0
                                 26865.0
                                 32579.0
                                 17919.0
                                 33060.0
                                 27511.0
                                 27664.0
                                 22781.0
                                 21236.0
                                 26026.0
                                 28284.0
                                 32990.0
                                 34092.0
                                 44008.0
                                 41682.0
                                 25545.0
                                 29152.0
                                 35245.0
                                 35090.0
                                 28825.0
                                 28074.0
                                 36955.0
                                 44834.0
                                 35698.0
                                 24297.0
                                 36493.0
                                 45153.0
                                 62414.0
                                 64153.0
                                 27399.0
                                 14084.0
                                 18910.0
                                 23851.0
                                 18986.0
                                  7070.0
                                     0.0
                                     0.0
                                     0.0
                                     0.0
                                     0.0
                                     0.0
                                     0.0
                                     0.0
                                     0.0
                                     0.0
                                     0.0
                                     0.0
                                     0.0
                                     0.0
                                     0.0
                                     0.0
                                     0.0
                                     0.0
                                     0.0
                                     0.0
                                     0.0
                                     0.0
                                     0.0
                                     0.0
                                     0.0
                                     0.0
                                     0.0
                                     0.0
                                     0.0
                                     0.0
                                     0.0
                                     0.0
                                     0.0
                                     0.0
                                     0.0
                                     0.0
                                     0.0
                                     0.0
                                     0.0
                                     0.0
                                     0.0
                                     0.0
                                     0.0
                                     0.0
                                     0.0
                                     0.0
                                     0.0
                                     0.0
                                     0.0
                                     0.0
                                     0.0
                                     0.0
                                     0.0
                                     0.0
                                     0.0
                                     0.0
                                     0.0
                                     0.0
                                     0.0
                                     0.0
                                     0.0
                                     0.0
                                     0.0
                                    12.0
                                  5603.0
                                 15826.0
                                 22623.0
                                 13187.0
                                  9274.0
                                 16689.0
                                 15795.0
                                 20514.0
                                 25813.0
                                 15523.0
                                 25958.0
                                 28606.0
                                 37644.0
                                 41064.0
                                 42336.0
                                 18219.0
                                 20758.0
                                 32517.0
                                 44035.0
                                 20837.0
                                 28969.0
                                 26501.0
                                 47400.0
                                 50041.0
                                 43553.0
                                 40870.0
                                 32034.0
                                 37398.0
                                 49317.0
                                 30553.0
                                 14334.0
                                 11019.0
                                 14819.0
                                 17658.0
                                 11947.0
                                  3296.0
                                     0.0
                                     0.0
                                     0.0
                                     0.0
                                     0.0
                                     0.0
                                     0.0
                                     0.0
                                     0.0
                                     0.0
                                     0.0
                                     0.0
                                     0.0
                                     0.0
                                     0.0
                                     0.0
                                     0.0
                                     0.0
                                     0.0
                                     0.0
                                     0.0
                                     0.0
                                     0.0
                                     0.0
                                     0.0
                                     0.0
                                     0.0
                                     0.0
                                     0.0
                                     0.0
                                     0.0
                                     0.0
                                     0.0
                                     0.0
                                     0.0
                                     0.0
                                     0.0
                                     0.0
                                     0.0
                                     0.0
                                     0.0
                                     0.0
                                     0.0
                                     0.0
                                     0.0
                                     0.0
                                     0.0
                                     0.0
                                     0.0
                                     0.0
                                     0.0
                                     0.0
                                     0.0
                                     0.0
                                     0.0
                                     0.0
                                     0.0
                                     0.0
                                     0.0
                                     0.0
                                     0.0
                                     0.0
                                     0.0
                                     0.0
                                    17.0
                                  3654.0
                                  7045.0
                                 10124.0
                                  8665.0
                                  9350.0
                                 13795.0
                                 14691.0
                                 12501.0
                                 13762.0
                                 14372.0
                                 20025.0
                                 31287.0
                                 36622.0
                                 27322.0
                                 20436.0
                                 14703.0
                                 24417.0
                                 36524.0
                                 16781.0
                                 19357.0
                                 18610.0
                                 27874.0
                                 29952.0
                                 36875.0
                                 25502.0
                                 25784.0
                                 24826.0
                                 28344.0
                                 22163.0
                                  8837.0
                                  9212.0
                                 11539.0
                                 12925.0
                                  7998.0
                                  1569.0
                                     0.0
                                     0.0
                                     0.0
                                     0.0
                                     0.0
                                     0.0
                                     0.0
                                     0.0
                                     0.0
                                     0.0
                                     0.0
                                     0.0
                                     0.0
                                     0.0
                                     0.0
                                     0.0
                                     0.0
                                     0.0
                                     0.0
                                     0.0
                                     0.0
                                     0.0
                                     0.0
                                     0.0
                                     0.0
                                     0.0
                                     0.0
                                     0.0
                                     0.0
                                     0.0
                                     0.0
                                     0.0
                                     0.0
                                     0.0
                                     0.0
                                     0.0
                                     0.0
                                     0.0
                                     0.0
                                     0.0
                                     0.0
                                     0.0
                                     0.0
                                     0.0
                                     0.0
                                     0.0
                                     0.0
                                     0.0
                                     0.0
                                     0.0
                                     0.0
                                     0.0
                                     0.0
                                     0.0
                                     0.0
                                     0.0
                                     0.0
                                     0.0
                                     0.0
                                     0.0
                                     0.0
                                     0.0
                                     0.0
                                     0.0
                                     0.0
                                     7.0
                                  2425.0
                                  6860.0
                                  5378.0
                                 14146.0
                                 10562.0
                                 15551.0
                                 17848.0
                                 15941.0
                                 11865.0
                                 16686.0
                                 25040.0
                                 22850.0
                                 22536.0
                                 15204.0
                                 26573.0
                                 27563.0
                                 31422.0
                                 17949.0
                                 18447.0
                                 27185.0
                                 35590.0
                                 37849.0
                                 48392.0
                                 16435.0
                                 22122.0
                                 19121.0
                                 24352.0
                                 15001.0
                                 16841.0
                                 14002.0
                                 20301.0
                                 23165.0
                                 23324.0
                                  3859.0
                                     0.0
                                     0.0
                                     0.0
                                     0.0
                                     0.0
                                     0.0
                                     0.0
                                     0.0
                                     0.0
                                     0.0
                                     0.0
                                     0.0
                                     0.0
                                     0.0
                                     0.0
                                     0.0
                                     0.0
                                     0.0
                                     0.0
                                     0.0
                                     0.0
                                     0.0
                                     0.0
                                     0.0
                                     0.0
                                     0.0
                                     0.0
                                     0.0
                                     0.0
                                     0.0
                                     0.0
                                     0.0
                                     0.0
                                     0.0
                                     0.0
                                     0.0
                                     0.0
                                     0.0
                                     0.0
                                     0.0
                                     0.0
                                     0.0
                                     0.0
                                     0.0
                                     0.0
                                     0.0
                                     0.0
                                     0.0
                                     0.0
                                     0.0
                                     0.0
                                     0.0
                                     0.0
                                     0.0
                                     0.0
                                     0.0
                                     0.0
                                     0.0
                                     0.0
                                     0.0
                                     0.0
                                     0.0
                                     0.0
                                     0.0
                                     0.0
                                     0.0
                                     5.0
                                  1791.0
                                  8942.0
                                 11332.0
                                 17271.0
                                 16907.0
                                 16138.0
                                 25776.0
                                 10717.0
                                 32486.0
                                 26729.0
                                 23154.0
                                 17159.0
                                  9138.0
                                 26217.0
                                 17908.0
                                 16685.0
                                 20784.0
                                 14979.0
                                 23792.0
                                 41060.0
                                 25115.0
                                 23490.0
                                 14635.0
                                 15071.0
                                 18155.0
                                 22225.0
                                 17934.0
                                 16610.0
                                 22835.0
                                 18951.0
                                 39160.0
                                 31907.0
                                  8642.0
                                     0.0
                                     0.0
                                     0.0
                                     0.0
                                     0.0
                                     0.0
                                     0.0
                                     0.0
                                     0.0
                                     0.0
                                     0.0
                                     0.0
                                     0.0
                                     0.0
                                     0.0
                                     0.0
                                     0.0
                                     0.0
                                     0.0
                                     0.0
                                     0.0
                                     0.0
                                     0.0
                                     0.0
                                     0.0
                                     0.0
                                     0.0
                                     0.0
                                     0.0
                                     0.0
                                     0.0
                                     0.0
                                     0.0
                                     0.0
                                     0.0
                                     0.0
                                     0.0
                                     0.0
                                     0.0
                                     0.0
                                     0.0
                                     0.0
                                     0.0
                                     0.0
                                     0.0
                                     0.0
                                     0.0
                                     0.0
                                     0.0
                                     0.0
                                     0.0
                                     0.0
                                     0.0
                                     0.0
                                     0.0
                                     0.0
                                     0.0
                                     0.0
                                     0.0
                                     0.0
                                     0.0
                                     0.0
                                     0.0
                                     0.0
                                     0.0
                                     0.0
                                     0.0
                                    11.0
                                  3916.0
                                 13005.0
                                 12136.0
                                 10356.0
                                 18278.0
                                  8998.0
                                  9244.0
                                 15670.0
                                 15998.0
                                 10242.0
                                  9528.0
                                 11316.0
                                 14788.0
                                 17839.0
                                 15858.0
                                 16635.0
                                 11953.0
                                 14609.0
                                 26241.0
                                 21712.0
                                 17449.0
                                  8134.0
                                 13437.0
                                 15959.0
                                 28777.0
                                 17958.0
                                 14943.0
                                 28542.0
                                 35679.0
                                 46029.0
                                 24423.0
                                  1791.0
                                     0.0
                                     0.0
                                     0.0
                                     0.0
                                     0.0
                                     0.0
                                     0.0
                                     0.0
                                     0.0
                                     0.0
                                     0.0
                                     0.0
                                     0.0
                                     0.0
                                     0.0
                                     0.0
                                     0.0
                                     0.0
                                     0.0
                                     0.0
                                     0.0
                                     0.0
                                     0.0
                                     0.0
                                     0.0
                                     0.0
                                     0.0
                                     0.0
                                     0.0
                                     0.0
                                     0.0
                                     0.0
                                     0.0
                                     0.0
                                     0.0
                                     0.0
                                     0.0
                                     0.0
                                     0.0
                                     0.0
                                     0.0
                                     0.0
                                     0.0
                                     0.0
                                     0.0
                                     0.0
                                     0.0
                                     0.0
                                     0.0
                                     0.0
                                     0.0
                                     0.0
                                     0.0
                                     0.0
                                     0.0
                                     0.0
                                     0.0
                                     0.0
                                     0.0
                                     0.0
                                     0.0
                                     0.0
                                     0.0
                                     0.0
                                     0.0
                                     0.0
                                     0.0
                                     0.0
                                     0.0
                                  5650.0
                                  8429.0
                                 11018.0
                                  7784.0
                                 15938.0
                                 11469.0
                                 24217.0
                                 19002.0
                                 17598.0
                                  9231.0
                                 20518.0
                                 23655.0
                                 22992.0
                                 20723.0
                                 26186.0
                                 11728.0
                                 12410.0
                                 16154.0
                                 19474.0
                                 16160.0
                                 12202.0
                                 18841.0
                                 26241.0
                                 28088.0
                                  8919.0
                                  8337.0
                                 10587.0
                                 14178.0
                                 15248.0
                                  7886.0
                                   433.0
                                     0.0
                                     0.0
                                     0.0
                                     0.0
                                     0.0
                                     0.0
                                     0.0
                                     0.0
                                     0.0
                                     0.0
                                     0.0
                                     0.0
                                     0.0
                                     0.0
                                     0.0
                                     0.0
                                     0.0
                                     0.0
                                     0.0
                                     0.0
                                     0.0
                                     0.0
                                     0.0
                                     0.0
                                     0.0
                                     0.0
                                     0.0
                                     0.0
                                     0.0
                                     0.0
                                     0.0
                                     0.0
                                     0.0
                                     0.0
                                     0.0
                                     0.0
                                     0.0
                                     0.0
                                     0.0
                                     0.0
                                     0.0
                                     0.0
                                     0.0
                                     0.0
                                     0.0
                                     0.0
                                     0.0
                                     0.0
                                     0.0
                                     0.0
                                     0.0
                                     0.0
                                     0.0
                                     0.0
                                     0.0
                                     0.0
                                     0.0
                                     0.0
                                     0.0
                                     0.0
                                     0.0
                                     0.0
                                     0.0
                                     0.0
                                     0.0
                                     0.0
                                     0.0
                                     0.0
                                     0.0
                                     4.0
                                  4110.0
                                  4723.0
                                  3770.0
                                  9934.0
                                 12009.0
                                 11321.0
                                 17243.0
                                  7790.0
                                 13630.0
                                 17099.0
                                 21093.0
                                 33359.0
                                 19328.0
                                 13110.0
                                 16752.0
                                 14640.0
                                 25600.0
                                 27589.0
                                  7569.0
                                 14788.0
                                 16442.0
                                 26442.0
                                 18925.0
                                  7624.0
                                 10855.0
                                 13175.0
                                 17503.0
                                 18857.0
                                  6483.0
                                    42.0
                                     0.0
                                     0.0
                                     0.0
                                     0.0
                                     0.0
                                     0.0
                                     0.0
                                     0.0
                                     0.0
                                     0.0
                                     0.0
                                     0.0
                                     0.0
                                     0.0
                                     0.0
                                     0.0
                                     0.0
                                     0.0
                                     0.0
                                     0.0
                                     0.0
                                     0.0
                                     0.0
                                     0.0
                                     0.0
                                     0.0
                                     0.0
                                     0.0
                                     0.0
                                     0.0
                                     0.0
                                     0.0
                                     0.0
                                     0.0
                                     0.0
                                     0.0
                                     0.0
                                     0.0
                                     0.0
                                     0.0
                                     0.0
                                     0.0
                                     0.0
                                     0.0
                                     0.0
                                     0.0
                                     0.0
                                     0.0
                                     0.0
                                     0.0
                                     0.0
                                     0.0
                                     0.0
                                     0.0
                                     0.0
                                     0.0
                                     0.0
                                     0.0
                                     0.0
                                     0.0
                                     0.0
                                     0.0
                                     0.0
                                     0.0
                                     0.0
                                     0.0
                                     0.0
                                     0.0
                                     0.0
                                     0.0
                                     3.0
                                  1570.0
                                  4436.0
                                  3910.0
                                  6090.0
                                  8885.0
                                  8643.0
                                  8000.0
                                 11481.0
                                 12286.0
                                 13521.0
                                 24805.0
                                 14724.0
                                 10878.0
                                 12388.0
                                 15798.0
                                 18296.0
                                 17994.0
                                  7983.0
                                 10034.0
                                 15956.0
                                 16604.0
                                 22631.0
                                 20075.0
                                  7218.0
                                 13885.0
                                 17609.0
                                 17773.0
                                  3673.0
                                     0.0
                                     0.0
                                     0.0
                                     0.0
                                     0.0
                                     0.0
                                     0.0
                                     0.0
                                     0.0
                                     0.0
                                     0.0
                                     0.0
                                     0.0
                                     0.0
                                     0.0
                                     0.0
                                     0.0
                                     0.0
                                     0.0
                                     0.0
                                     0.0
                                     0.0
                                     0.0
                                     0.0
                                     0.0
                                     0.0
                                     0.0
                                     0.0
                                     0.0
                                     0.0
                                     0.0
                                     0.0
                                     0.0
                                     0.0
                                     0.0
                                     0.0
                                     0.0
                                     0.0
                                     0.0
                                     0.0
                                     0.0
                                     0.0
                                     0.0
                                     0.0
                                     0.0
                                     0.0
                                     0.0
                                     0.0
                                     0.0
                                     0.0
                                     0.0
                                     0.0
                                     0.0
                                     0.0
                                     0.0
                                     0.0
                                     0.0
                                     0.0
                                     0.0
                                     0.0
                                     0.0
                                     0.0
                                     0.0
                                     0.0
                                     0.0
                                     0.0
                                     0.0
                                     0.0
                                     0.0
                                     0.0
                                     0.0
                                     0.0
                                     6.0
                                  1521.0
                                  4235.0
                                  4471.0
                                  7342.0
                                  8051.0
                                  5890.0
                                  6061.0
                                 11858.0
                                 15258.0
                                 17772.0
                                 16396.0
                                 12403.0
                                  6829.0
                                 22565.0
                                 36417.0
                                 11755.0
                                 17180.0
                                 10666.0
                                 26367.0
                                 18507.0
                                 14516.0
                                 10186.0
                                  8159.0
                                  9658.0
                                 12363.0
                                 10324.0
                                  2189.0
                                     0.0
                                     0.0
                                     0.0
                                     0.0
                                     0.0
                                     0.0
                                     0.0
                                     0.0
                                     0.0
                                     0.0
                                     0.0
                                     0.0
                                     0.0
                                     0.0
                                     0.0
                                     0.0
                                     0.0
                                     0.0
                                     0.0
                                     0.0
                                     0.0
                                     0.0
                                     0.0
                                     0.0
                                     0.0
                                     0.0
                                     0.0
                                     0.0
                                     0.0
                                     0.0
                                     0.0
                                     0.0
                                     0.0
                                     0.0
                                     0.0
                                     0.0
                                     0.0
                                     0.0
                                     0.0
                                     0.0
                                     0.0
                                     0.0
                                     0.0
                                     0.0
                                     0.0
                                     0.0
                                     0.0
                                     0.0
                                     0.0
                                     0.0
                                     0.0
                                     0.0
                                     0.0
                                     0.0
                                     0.0
                                     0.0
                                     0.0
                                     0.0
                                     0.0
                                     0.0
                                     0.0
                                     0.0
                                     0.0
                                     0.0
                                     0.0
                                     0.0
                                     0.0
                                     0.0
                                     0.0
                                     0.0
                                     0.0
                                     0.0
                                     0.0
                                     8.0
                                  1756.0
                                  4093.0
                                  5346.0
                                  4258.0
                                 14142.0
                                  5284.0
                                 24169.0
                                 17751.0
                                 18746.0
                                  8660.0
                                 10007.0
                                 11410.0
                                 10844.0
                                 16842.0
                                  9863.0
                                 23892.0
                                 19353.0
                                 20101.0
                                 22873.0
                                 14910.0
                                  7854.0
                                  5817.0
                                  7068.0
                                  9062.0
                                  7187.0
                                   937.0
                                     0.0
                                     0.0
                                     0.0
                                     0.0
                                     0.0
                                     0.0
                                     0.0
                                     0.0
                                     0.0
                                     0.0
                                     0.0
                                     0.0
                                     0.0
                                     0.0
                                     0.0
                                     0.0
                                     0.0
                                     0.0
                                     0.0
                                     0.0
                                     0.0
                                     0.0
                                     0.0
                                     0.0
                                     0.0
                                     0.0
                                     0.0
                                     0.0
                                     0.0
                                     0.0
                                     0.0
                                     0.0
                                     0.0
                                     0.0
                                     0.0
                                     0.0
                                     0.0
                                     0.0
                                     0.0
                                     0.0
                                     0.0
                                     0.0
                                     0.0
                                     0.0
                                     0.0
                                     0.0
                                     0.0
                                     0.0
                                     0.0
                                     0.0
                                     0.0
                                     0.0
                                     0.0
                                     0.0
                                     0.0
                                     0.0
                                     0.0
                                     0.0
                                     0.0
                                     0.0
                                     0.0
                                     0.0
                                     0.0
                                     0.0
                                     0.0
                                     0.0
                                     0.0
                                     0.0
                                     0.0
                                     0.0
                                     0.0
                                     0.0
                                     0.0
                                     0.0
                                     5.0
                                  1531.0
                                  2148.0
                                  2818.0
                                  4984.0
                                  5043.0
                                 15867.0
                                 14149.0
                                 13500.0
                                  5557.0
                                  6531.0
                                  9454.0
                                 11492.0
                                 20216.0
                                 10821.0
                                  5896.0
                                  8593.0
                                 10078.0
                                 15325.0
                                 19418.0
                                  6897.0
                                  5951.0
                                 16851.0
                                 19171.0
                                 25997.0
                                   663.0
                                     0.0
                                     0.0
                                     0.0
                                     0.0
                                     0.0
                                     0.0
                                     0.0
                                     0.0
                                     0.0
                                     0.0
                                     0.0
                                     0.0
                                     0.0
                                     0.0
                                     0.0
                                     0.0
                                     0.0
                                     0.0
                                     0.0
                                     0.0
                                     0.0
                                     0.0
                                     0.0
                                     0.0
                                     0.0
                                     0.0
                                     0.0
                                     0.0
                                     0.0
                                     0.0
                                     0.0
                                     0.0
                                     0.0
                                     0.0
                                     0.0
                                     0.0
                                     0.0
                                     0.0
                                     0.0
                                     0.0
                                     0.0
                                     0.0
                                     0.0
                                     0.0
                                     0.0
                                     0.0
                                     0.0
                                     0.0
                                     0.0
                                     0.0
                                     0.0
                                     0.0
                                     0.0
                                     0.0
                                     0.0
                                     0.0
                                     0.0
                                     0.0
                                     0.0
                                     0.0
                                     0.0
                                     0.0
                                     0.0
                                     0.0
                                     0.0
                                     0.0
                                     0.0
                                     0.0
                                     0.0
                                     0.0
                                     0.0
                                     0.0
                                     0.0
                                     0.0
                                     0.0
                                     6.0
                                  2697.0
                                  3254.0
                                  2700.0
                                  5999.0
                                 19695.0
                                 17794.0
                                  9093.0
                                  6300.0
                                  4357.0
                                  9462.0
                                 10178.0
                                  8883.0
                                  4284.0
                                  5330.0
                                  7858.0
                                  9277.0
                                 15594.0
                                  8622.0
                                  5496.0
                                  6715.0
                                  9535.0
                                 11441.0
                                  7746.0
                                  1888.0
                                     0.0
                                     0.0
                                     0.0
                                     0.0
                                     0.0
                                     0.0
                                     0.0
                                     0.0
                                     0.0
                                     0.0
                                     0.0
                                     0.0
                                     0.0
                                     0.0
                                     0.0
                                     0.0
                                     0.0
                                     0.0
                                     0.0
                                     0.0
                                     0.0
                                     0.0
                                     0.0
                                     0.0
                                     0.0
                                     0.0
                                     0.0
                                     0.0
                                     0.0
                                     0.0
                                     0.0
                                     0.0
                                     0.0
                                     0.0
                                     0.0
                                     0.0
                                     0.0
                                     0.0
                                     0.0
                                     0.0
                                     0.0
                                     0.0
                                     0.0
                                     0.0
                                     0.0
                                     0.0
                                     0.0
                                     0.0
                                     0.0
                                     0.0
                                     0.0
                                     0.0
                                     0.0
                                     0.0
                                     0.0
                                     0.0
                                     0.0
                                     0.0
                                     0.0
                                     0.0
                                     0.0
                                     0.0
                                     0.0
                                     0.0
                                     0.0
                                     0.0
                                     0.0
                                     0.0
                                     0.0
                                     0.0
                                     0.0
                                     0.0
                                     0.0
                                     0.0
                                     0.0
                                     0.0
                                     3.0
                                   847.0
                                  8476.0
                                  4778.0
                                  7952.0
                                  5509.0
                                  9750.0
                                  5815.0
                                 10953.0
                                  8060.0
                                 16389.0
                                 20666.0
                                  8727.0
                                  5131.0
                                 23663.0
                                 25686.0
                                 32100.0
                                 23798.0
                                  3178.0
                                 12247.0
                                 13290.0
                                 14644.0
                                 11317.0
                                   129.0
                                     0.0
                                     0.0
                                     0.0
                                     0.0
                                     0.0
                                     0.0
                                     0.0
                                     0.0
                                     0.0
                                     0.0
                                     0.0
                                     0.0
                                     0.0
                                     0.0
                                     0.0
                                     0.0
                                     0.0
                                     0.0
                                     0.0
                                     0.0
                                     0.0
                                     0.0
                                     0.0
                                     0.0
                                     0.0
                                     0.0
                                     0.0
                                     0.0
                                     0.0
                                     0.0
                                     0.0
                                     0.0
                                     0.0
                                     0.0
                                     0.0
                                     0.0
                                     0.0
                                     0.0
                                     0.0
                                     0.0
                                     0.0
                                     0.0
                                     0.0
                                     0.0
                                     0.0
                                     0.0
                                     0.0
                                     0.0
                                     0.0
                                     0.0
                                     0.0
                                     0.0
                                     0.0
                                     0.0
                                     0.0
                                     0.0
                                     0.0
                                     0.0
                                     0.0
                                     0.0
                                     0.0
                                     0.0
                                     0.0
                                     0.0
                                     0.0
                                     0.0
                                     0.0
                                     0.0
                                     0.0
                                     0.0
                                     0.0
                                     0.0
                                     0.0
                                     0.0
                                     0.0
                                     0.0
                                     0.0
                                     4.0
                                  1109.0
                                  2321.0
                                  5768.0
                                 12590.0
                                 11716.0
                                  4617.0
                                 15368.0
                                 16954.0
                                 10128.0
                                 14440.0
                                  3376.0
                                  4438.0
                                  5339.0
                                  7081.0
                                  9826.0
                                  7702.0
                                  2567.0
                                  6973.0
                                  5025.0
                                 10488.0
                                  7628.0
                                    77.0
                                     0.0
                                     0.0
                                     0.0
                                     0.0
                                     0.0
                                     0.0
                                     0.0
                                     0.0
                                     0.0
                                     0.0
                                     0.0
                                     0.0
                                     0.0
                                     0.0
                                     0.0
                                     0.0
                                     0.0
                                     0.0
                                     0.0
                                     0.0
                                     0.0
                                     0.0
                                     0.0
                                     0.0
                                     0.0
                                     0.0
                                     0.0
                                     0.0
                                     0.0
                                     0.0
                                     0.0
                                     0.0
                                     0.0
                                     0.0
                                     0.0
                                     0.0
                                     0.0
                                     0.0
                                     0.0
                                     0.0
                                     0.0
                                     0.0
                                     0.0
                                     0.0
                                     0.0
                                     0.0
                                     0.0
                                     0.0
                                     0.0
                                     0.0
                                     0.0
                                     0.0
                                     0.0
                                     0.0
                                     0.0
                                     0.0
                                     0.0
                                     0.0
                                     0.0
                                     0.0
                                     0.0
                                     0.0
                                     0.0
                                     0.0
                                     0.0
                                     0.0
                                     0.0
                                     0.0
                                     0.0
                                     0.0
                                     0.0
                                     0.0
                                     0.0
                                     0.0
                                     0.0
                                     0.0
                                     0.0
                                     0.0
                                     4.0
                                  1416.0
                                  4219.0
                                  3005.0
                                 10731.0
                                  2540.0
                                  4234.0
                                 11381.0
                                 14125.0
                                 13064.0
                                 11344.0
                                 10725.0
                                 14929.0
                                  8909.0
                                 26892.0
                                  3342.0
                                  3920.0
                                  5011.0
                                  5844.0
                                  5043.0
                                  2040.0
                                    15.0
                                     0.0
                                     0.0
                                     0.0
                                     0.0
                                     0.0
                                     0.0
                                     0.0
                                     0.0
                                     0.0
                                     0.0
                                     0.0
                                     0.0
                                     0.0
                                     0.0
                                     0.0
                                     0.0
                                     0.0
                                     0.0
                                     0.0
                                     0.0
                                     0.0
                                     0.0
                                     0.0
                                     0.0
                                     0.0
                                     0.0
                                     0.0
                                     0.0
                                     0.0
                                     0.0
                                     0.0
                                     0.0
                                     0.0
                                     0.0
                                     0.0
                                     0.0
                                     0.0
                                     0.0
                                     0.0
                                     0.0
                                     0.0
                                     0.0
                                     0.0
                                     0.0
                                     0.0
                                     0.0
                                     0.0
                                     0.0
                                     0.0
                                     0.0
                                     0.0
                                     0.0
                                     0.0
                                     0.0
                                     0.0
                                     0.0
                                     0.0
                                     0.0
                                     0.0
                                     0.0
                                     0.0
                                     0.0
                                     0.0
                                     0.0
                                     0.0
                                     0.0
                                     0.0
                                     0.0
                                     0.0
                                     0.0
                                     0.0
                                     0.0
                                     0.0
                                     0.0
                                     0.0
                                     0.0
                                     0.0
                                     0.0
                                     0.0
                                     0.0
                                  1262.0
                                  3442.0
                                  3348.0
                                  3646.0
                                  6714.0
                                 15843.0
                                  8056.0
                                 10152.0
                                  6262.0
                                  5516.0
                                 16385.0
                                  8134.0
                                 16387.0
                                 15588.0
                                  8793.0
                                 13050.0
                                 13993.0
                                  9505.0
                                  1453.0
                                     7.0
                                     0.0
                                     0.0
                                     0.0
                                     0.0
                                     0.0
                                     0.0
                                     0.0
                                     0.0
                                     0.0
                                     0.0
                                     0.0
                                     0.0
                                     0.0
                                     0.0
                                     0.0
                                     0.0
                                     0.0
                                     0.0
                                     0.0
                                     0.0
                                     0.0
                                     0.0
                                     0.0
                                     0.0
                                     0.0
                                     0.0
                                     0.0
                                     0.0
                                     0.0
                                     0.0
                                     0.0
                                     0.0
                                     0.0
                                     0.0
                                     0.0
                                     0.0
                                     0.0
                                     0.0
                                     0.0
                                     0.0
                                     0.0
                                     0.0
                                     0.0
                                     0.0
                                     0.0
                                     0.0
                                     0.0
                                     0.0
                                     0.0
                                     0.0
                                     0.0
                                     0.0
                                     0.0
                                     0.0
                                     0.0
                                     0.0
                                     0.0
                                     0.0
                                     0.0
                                     0.0
                                     0.0
                                     0.0
                                     0.0
                                     0.0
                                     0.0
                                     0.0
                                     0.0
                                     0.0
                                     0.0
                                     0.0
                                     0.0
                                     0.0
                                     0.0
                                     0.0
                                     0.0
                                     0.0
                                     0.0
                                     0.0
                                     0.0
                                     0.0
                                     2.0
                                   798.0
                                  7553.0
                                  2059.0
                                  4878.0
                                  4572.0
                                  4908.0
                                  3278.0
                                  2756.0
                                  3722.0
                                  5315.0
                                  7882.0
                                  6176.0
                                  2062.0
                                  6169.0
                                 11554.0
                                 14538.0
                                 12954.0
                                  1795.0
                                     0.0
                                     0.0
                                     0.0
                                     0.0
                                     0.0
                                     0.0
                                     0.0
                                     0.0
                                     0.0
                                     0.0
                                     0.0
                                     0.0
                                     0.0
                                     0.0
                                     0.0
                                     0.0
                                     0.0
                                     0.0
                                     0.0
                                     0.0
                                     0.0
                                     0.0
                                     0.0
                                     0.0
                                     0.0
                                     0.0
                                     0.0
                                     0.0
                                     0.0
                                     0.0
                                     0.0
                                     0.0
                                     0.0
                                     0.0
                                     0.0
                                     0.0
                                     0.0
                                     0.0
                                     0.0
                                     0.0
                                     0.0
                                     0.0
                                     0.0
                                     0.0
                                     0.0
                                     0.0
                                     0.0
                                     0.0
                                     0.0
                                     0.0
                                     0.0
                                     0.0
                                     0.0
                                     0.0
                                     0.0
                                     0.0
                                     0.0
                                     0.0
                                     0.0
                                     0.0
                                     0.0
                                     0.0
                                     0.0
                                     0.0
                                     0.0
                                     0.0
                                     0.0
                                     0.0
                                     0.0
                                     0.0
                                     0.0
                                     0.0
                                     0.0
                                     0.0
                                     0.0
                                     0.0
                                     0.0
                                     0.0
                                     0.0
                                     0.0
                                     0.0
                                     0.0
                                     2.0
                                   696.0
                                  1732.0
                                  2487.0
                                  8383.0
                                 13901.0
                                  3669.0
                                  2874.0
                                  5043.0
                                  5109.0
                                  8391.0
                                 10078.0
                                  3622.0
                                  3210.0
                                  4609.0
                                  6352.0
                                  6672.0
                                  2958.0
                                     0.0
                                     0.0
                                     0.0
                                     0.0
                                     0.0
                                     0.0
                                     0.0
                                     0.0
                                     0.0
                                     0.0
                                     0.0
                                     0.0
                                     0.0
                                     0.0
                                     0.0
                                     0.0
                                     0.0
                                     0.0
                                     0.0
                                     0.0
                                     0.0
                                     0.0
                                     0.0
                                     0.0
                                     0.0
                                     0.0
                                     0.0
                                     0.0
                                     0.0
                                     0.0
                                     0.0
                                     0.0
                                     0.0
                                     0.0
                                     0.0
                                     0.0
                                     0.0
                                     0.0
                                     0.0
                                     0.0
                                     0.0
                                     0.0
                                     0.0
                                     0.0
                                     0.0
                                     0.0
                                     0.0
                                     0.0
                                     0.0
                                     0.0
                                     0.0
                                     0.0
                                     0.0
                                     0.0
                                     0.0
                                     0.0
                                     0.0
                                     0.0
                                     0.0
                                     0.0
                                     0.0
                                     0.0
                                     0.0
                                     0.0
                                     0.0
                                     0.0
                                     0.0
                                     0.0
                                     0.0
                                     0.0
                                     0.0
                                     0.0
                                     0.0
                                     0.0
                                     0.0
                                     0.0
                                     0.0
                                     0.0
                                     0.0
                                     0.0
                                     0.0
                                     0.0
                                     0.0
                                     0.0
                                   807.0
                                  3469.0
                                 11091.0
                                  4700.0
                                  3715.0
                                  2583.0
                                  6386.0
                                 10050.0
                                 15402.0
                                  7088.0
                                  2293.0
                                 10890.0
                                  3381.0
                                 12650.0
                                 13031.0
                                  8837.0
                                     0.0
                                     0.0
                                     0.0
                                     0.0
                                     0.0
                                     0.0
                                     0.0
                                     0.0
                                     0.0
                                     0.0
                                     0.0
                                     0.0
                                     0.0
                                     0.0
                                     0.0
                                     0.0
                                     0.0
                                     0.0
                                     0.0
                                     0.0
                                     0.0
                                     0.0
                                     0.0
                                     0.0
                                     0.0
                                     0.0
                                     0.0
                                     0.0
                                     0.0
                                     0.0
                                     0.0
                                     0.0
                                     0.0
                                     0.0
                                     0.0
                                     0.0
                                     0.0
                                     0.0
                                     0.0
                                     0.0
                                     0.0
                                     0.0
                                     0.0
                                     0.0
                                     0.0
                                     0.0
                                     0.0
                                     0.0
                                     0.0
                                     0.0
                                     0.0
                                     0.0
                                     0.0
                                     0.0
                                     0.0
                                     0.0
                                     0.0
                                     0.0
                                     0.0
                                     0.0
                                     0.0
                                     0.0
                                     0.0
                                     0.0
                                     0.0
                                     0.0
                                     0.0
                                     0.0
                                     0.0
                                     0.0
                                     0.0
                                     0.0
                                     0.0
                                     0.0
                                     0.0
                                     0.0
                                     0.0
                                     0.0
                                     0.0
                                     0.0
                                     0.0
                                     0.0
                                     0.0
                                     0.0
                                     6.0
                                  2548.0
                                  3377.0
                                 11329.0
                                  3554.0
                                 10228.0
                                  5442.0
                                 14421.0
                                 15337.0
                                  3644.0
                                  2510.0
                                  3995.0
                                  3554.0
                                  6040.0
                                  5826.0
                                  1969.0
                                     0.0
                                     0.0
                                     0.0
                                     0.0
                                     0.0
                                     0.0
                                     0.0
                                     0.0
                                     0.0
                                     0.0
                                     0.0
                                     0.0
                                     0.0
                                     0.0
                                     0.0
                                     0.0
                                     0.0
                                     0.0
                                     0.0
                                     0.0
                                     0.0
                                     0.0
                                     0.0
                                     0.0
                                     0.0
                                     0.0
                                     0.0
                                     0.0
                                     0.0
                                     0.0
                                     0.0
                                     0.0
                                     0.0
                                     0.0
                                     0.0
                                     0.0
                                     0.0
                                     0.0
                                     0.0
                                     0.0
                                     0.0
                                     0.0
                                     0.0
                                     0.0
                                     0.0
                                     0.0
                                     0.0
                                     0.0
                                     0.0
                                     0.0
                                     0.0
                                     0.0
                                     0.0
                                     0.0
                                     0.0
                                     0.0
                                     0.0
                                     0.0
                                     0.0
                                     0.0
                                     0.0
                                     0.0
                                     0.0
                                     0.0
                                     0.0
                                     0.0
                                     0.0
                                     0.0
                                     0.0
                                     0.0
                                     0.0
                                     0.0
                                     0.0
                                     0.0
                                     0.0
                                     0.0
                                     0.0
                                     0.0
                                     0.0
                                     0.0
                                     0.0
                                     0.0
                                     0.0
                                     0.0
                                     0.0
                                     5.0
                                   764.0
                                  4131.0
                                  1438.0
                                  3644.0
                                  7236.0
                                 13069.0
                                  9158.0
                                  6570.0
                                 13729.0
                                  3718.0
                                 14931.0
                                 16929.0
                                 17960.0
                                   109.0
                                     0.0
                                     0.0
                                     0.0
                                     0.0
                                     0.0
                                     0.0
                                     0.0
                                     0.0
                                     0.0
                                     0.0
                                     0.0
                                     0.0
                                     0.0
                                     0.0
                                     0.0
                                     0.0
                                     0.0
                                     0.0
                                     0.0
                                     0.0
                                     0.0
                                     0.0
                                     0.0
                                     0.0
                                     0.0
                                     0.0
                                     0.0
                                     0.0
                                     0.0
                                     0.0
                                     0.0
                                     0.0
                                     0.0
                                     0.0
                                     0.0
                                     0.0
                                     0.0
                                     0.0
                                     0.0
                                     0.0
                                     0.0
                                     0.0
                                     0.0
                                     0.0
                                     0.0
                                     0.0
                                     0.0
                                     0.0
                                     0.0
                                     0.0
                                     0.0
                                     0.0
                                     0.0
                                     0.0
                                     0.0
                                     0.0
                                     0.0
                                     0.0
                                     0.0
                                     0.0
                                     0.0
                                     0.0
                                     0.0
                                     0.0
                                     0.0
                                     0.0
                                     0.0
                                     0.0
                                     0.0
                                     0.0
                                     0.0
                                     0.0
                                     0.0
                                     0.0
                                     0.0
                                     0.0
                                     0.0
                                     0.0
                                     0.0
                                     0.0
                                     0.0
                                     0.0
                                     0.0
                                     0.0
                                     0.0
                                     0.0
                                     2.0
                                   519.0
                                  1005.0
                                  9128.0
                                 14639.0
                                 11294.0
                                 11682.0
                                  3991.0
                                  2361.0
                                  8378.0
                                  5199.0
                                 12252.0
                                 17773.0
                                  1652.0
                                     0.0
                                     0.0
                                     0.0
                                     0.0
                                     0.0
                                     0.0
                                     0.0
                                     0.0
                                     0.0
                                     0.0
                                     0.0
                                     0.0
                                     0.0
                                     0.0
                                     0.0
                                     0.0
                                     0.0
                                     0.0
                                     0.0
                                     0.0
                                     0.0
                                     0.0
                                     0.0
                                     0.0
                                     0.0
                                     0.0
                                     0.0
                                     0.0
                                     0.0
                                     0.0
                                     0.0
                                     0.0
                                     0.0
                                     0.0
                                     0.0
                                     0.0
                                     0.0
                                     0.0
                                     0.0
                                     0.0
                                     0.0
                                     0.0
                                     0.0
                                     0.0
                                     0.0
                                     0.0
                                     0.0
                                     0.0
                                     0.0
                                     0.0
                                     0.0
                                     0.0
                                     0.0
                                     0.0
                                     0.0
                                     0.0
                                     0.0
                                     0.0
                                     0.0
                                     0.0
                                     0.0
                                     0.0
                                     0.0
                                     0.0
                                     0.0
                                     0.0
                                     0.0
                                     0.0
                                     0.0
                                     0.0
                                     0.0
                                     0.0
                                     0.0
                                     0.0
                                     0.0
                                     0.0
                                     0.0
                                     0.0
                                     0.0
                                     0.0
                                     0.0
                                     0.0
                                     0.0
                                     0.0
                                     0.0
                                     0.0
                                     0.0
                                     0.0
                                   828.0
                                  3467.0
                                  6074.0
                                 12185.0
                                  6137.0
                                  1831.0
                                  1593.0
                                  2152.0
                                  3147.0
                                  3940.0
                                  2448.0
                                     8.0
                                     0.0
                                     0.0
                                     0.0
                                     0.0
                                     0.0
                                     0.0
                                     0.0
                                     0.0
                                     0.0
                                     0.0
                                     0.0
                                     0.0
                                     0.0
                                     0.0
                                     0.0
                                     0.0
                                     0.0
                                     0.0
                                     0.0
                                     0.0
                                     0.0
                                     0.0
                                     0.0
                                     0.0
                                     0.0
                                     0.0
                                     0.0
                                     0.0
                                     0.0
                                     0.0
                                     0.0
                                     0.0
                                     0.0
                                     0.0
                                     0.0
                                     0.0
                                     0.0
                                     0.0
                                     0.0
                                     0.0
                                     0.0
                                     0.0
                                     0.0
                                     0.0
                                     0.0
                                     0.0
                                     0.0
                                     0.0
                                     0.0
                                     0.0
                                     0.0
                                     0.0
                                     0.0
                                     0.0
                                     0.0
                                     0.0
                                     0.0
                                     0.0
                                     0.0
                                     0.0
                                     0.0
                                     0.0
                                     0.0
                                     0.0
                                     0.0
                                     0.0
                                     0.0
                                     0.0
                                     0.0
                                     0.0
                                     0.0
                                     0.0
                                     0.0
                                     0.0
                                     0.0
                                     0.0
                                     0.0
                                     0.0
                                     0.0
                                     0.0
                                     0.0
                                     0.0
                                     0.0
                                     0.0
                                     0.0
                                     0.0
                                     0.0
                                     0.0
                                     3.0
                                   755.0
                                  2450.0
                                  2574.0
                                  3022.0
                                  1547.0
                                  3014.0
                                  2355.0
                                  4431.0
                                  3540.0
                                  5205.0
                                     7.0
                                     0.0
                                     0.0
                                     0.0
                                     0.0
                                     0.0
                                     0.0
                                     0.0
                                     0.0
                                     0.0
                                     0.0
                                     0.0
                                     0.0
                                     0.0
                                     0.0
                                     0.0
                                     0.0
                                     0.0
                                     0.0
                                     0.0
                                     0.0
                                     0.0
                                     0.0
                                     0.0
                                     0.0
                                     0.0
                                     0.0
                                     0.0
                                     0.0
                                     0.0
                                     0.0
                                     0.0
                                     0.0
                                     0.0
                                     0.0
                                     0.0
                                     0.0
                                     0.0
                                     0.0
                                     0.0
                                     0.0
                                     0.0
                                     0.0
                                     0.0
                                     0.0
                                     0.0
                                     0.0
                                     0.0
                                     0.0
                                     0.0
                                     0.0
                                     0.0
                                     0.0
                                     0.0
                                     0.0
                                     0.0
                                     0.0
                                     0.0
                                     0.0
                                     0.0
                                     0.0
                                     0.0
                                     0.0
                                     0.0
                                     0.0
                                     0.0
                                     0.0
                                     0.0
                                     0.0
                                     0.0
                                     0.0
                                     0.0
                                     0.0
                                     0.0
                                     0.0
                                     0.0
                                     0.0
                                     0.0
                                     0.0
                                     0.0
                                     0.0
                                     0.0
                                     0.0
                                     0.0
                                     0.0
                                     0.0
                                     0.0
                                     0.0
                                     0.0
                                     0.0
                                     6.0
                                  1015.0
                                  2113.0
                                  1684.0
                                   993.0
                                  2666.0
                                  2536.0
                                  5883.0
                                  6488.0
                                  1444.0
                                     0.0
                                     0.0
                                     0.0
                                     0.0
                                     0.0
                                     0.0
                                     0.0
                                     0.0
                                     0.0
                                     0.0
                                     0.0
                                     0.0
                                     0.0
                                     0.0
                                     0.0
                                     0.0
                                     0.0
                                     0.0
                                     0.0
                                     0.0
                                     0.0
                                     0.0
                                     0.0
                                     0.0
                                     0.0
                                     0.0
                                     0.0
                                     0.0
                                     0.0
                                     0.0
                                     0.0
                                     0.0
                                     0.0
                                     0.0
                                     0.0
                                     0.0
                                     0.0
                                     0.0
                                     0.0
                                     0.0
                                     0.0
                                     0.0
                                     0.0
                                     0.0
                                     0.0
                                     0.0
                                     0.0
                                     0.0
                                     0.0
                                     0.0
                                     0.0
                                     0.0
                                     0.0
                                     0.0
                                     0.0
                                     0.0
                                     0.0
                                     0.0
                                     0.0
                                     0.0
                                     0.0
                                     0.0
                                     0.0
                                     0.0
                                     0.0
                                     0.0
                                     0.0
                                     0.0
                                     0.0
                                     0.0
                                     0.0
                                     0.0
                                     0.0
                                     0.0
                                     0.0
                                     0.0
                                     0.0
                                     0.0
                                     0.0
                                     0.0
                                     0.0
                                     0.0
                                     0.0
                                     0.0
                                     0.0
                                     0.0
                                     0.0
                                     0.0
                                     0.0
                                     0.0
                                     0.0
                                     3.0
                                   815.0
                                   767.0
                                   666.0
                                  4688.0
                                  1962.0
                                 10747.0
                                 11048.0
                                   737.0
                                     0.0
                                     0.0
                                     0.0
                                     0.0
                                     0.0
                                     0.0
                                     0.0
                                     0.0
                                     0.0
                                     0.0
                                     0.0
                                     0.0
                                     0.0
                                     0.0
                                     0.0
                                     0.0
                                     0.0
                                     0.0
                                     0.0
                                     0.0
                                     0.0
                                     0.0
                                     0.0
                                     0.0
                                     0.0
                                     0.0
                                     0.0
                                     0.0
                                     0.0
                                     0.0
                                     0.0
                                     0.0
                                     0.0
                                     0.0
                                     0.0
                                     0.0
                                     0.0
                                     0.0
                                     0.0
                                     0.0
                                     0.0
                                     0.0
                                     0.0
                                     0.0
                                     0.0
                                     0.0
                                     0.0
                                     0.0
                                     0.0
                                     0.0
                                     0.0
                                     0.0
                                     0.0
                                     0.0
                                     0.0
                                     0.0
                                     0.0
                                     0.0
                                     0.0
                                     0.0
                                     0.0
                                     0.0
                                     0.0
                                     0.0
                                     0.0
                                     0.0
                                     0.0
                                     0.0
                                     0.0
                                     0.0
                                     0.0
                                     0.0
                                     0.0
                                     0.0
                                     0.0
                                     0.0
                                     0.0
                                     0.0
                                     0.0
                                     0.0
                                     0.0
                                     0.0
                                     0.0
                                     0.0
                                     0.0
                                     0.0
                                     0.0
                                     0.0
                                     0.0
                                     0.0
                                     0.0
                                     0.0
                                     0.0
                                   277.0
                                  7032.0
                                  1418.0
                                  1960.0
                                  2945.0
                                  2625.0
                                   341.0
                                     0.0
                                     0.0
                                     0.0
                                     0.0
                                     0.0
                                     0.0
                                     0.0
                                     0.0
                                     0.0
                                     0.0
                                     0.0
                                     0.0
                                     0.0
                                     0.0
                                     0.0
                                     0.0
                                     0.0
                                     0.0
                                     0.0
                                     0.0
                                     0.0
                                     0.0
                                     0.0
                                     0.0
                                     0.0
                                     0.0
                                     0.0
                                     0.0
                                     0.0
                                     0.0
                                     0.0
                                     0.0
                                     0.0
                                     0.0
                                     0.0
                                     0.0
                                     0.0
                                     0.0
                                     0.0
                                     0.0
                                     0.0
                                     0.0
                                     0.0
                                     0.0
                                     0.0
                                     0.0
                                     0.0
                                     0.0
                                     0.0
                                     0.0
                                     0.0
                                     0.0
                                     0.0
                                     0.0
                                     0.0
                                     0.0
                                     0.0
                                     0.0
                                     0.0
                                     0.0
                                     0.0
                                     0.0
                                     0.0
                                     0.0
                                     0.0
                                     0.0
                                     0.0
                                     0.0
                                     0.0
                                     0.0
                                     0.0
                                     0.0
                                     0.0
                                     0.0
                                     0.0
                                     0.0
                                     0.0
                                     0.0
                                     0.0
                                     0.0
                                     0.0
                                     0.0
                                     0.0
                                     0.0
                                     0.0
                                     0.0
                                     0.0
                                     0.0
                                     0.0
                                     0.0
                                     0.0
                                     0.0
                                     0.0
                                     0.0
                                   403.0
                                  1194.0
                                  2966.0
                                  4161.0
                                  3662.0
                                    98.0
                                     0.0
                                     0.0
                                     0.0
                                     0.0
                                     0.0
                                     0.0
                                     0.0
                                     0.0
                                     0.0
                                     0.0
                                     0.0
                                     0.0
                                     0.0
                                     0.0
                                     0.0
                                     0.0
                                     0.0
                                     0.0
                                     0.0
                                     0.0
                                     0.0
                                     0.0
                                     0.0
                                     0.0
                                     0.0
                                     0.0
                                     0.0
                                     0.0
                                     0.0
                                     0.0
                                     0.0
                                     0.0
                                     0.0
                                     0.0
                                     0.0
                                     0.0
                                     0.0
                                     0.0
                                     0.0
                                     0.0
                                     0.0
                                     0.0
                                     0.0
                                     0.0
                                     0.0
                                     0.0
                                     0.0
                                     0.0
                                     0.0
                                     0.0
                                     0.0
                                     0.0
                                     0.0
                                     0.0
                                     0.0
                                     0.0
                                     0.0
                                     0.0
                                     0.0
                                     0.0
                                     0.0
                                     0.0
                                     0.0
                                     0.0
                                     0.0
                                     0.0
                                     0.0
                                     0.0
                                     0.0
                                     0.0
                                     0.0
                                     0.0
                                     0.0
                                     0.0
                                     0.0
                                     0.0
                                     0.0
                                     0.0
                                     0.0
                                     0.0
                                     0.0
                                     0.0
                                     0.0
                                     0.0
                                     0.0
                                     0.0
                                     0.0
                                     0.0
                                     0.0
                                     0.0
                                     0.0
                                     0.0
                                     0.0
                                     0.0
                                     1.0
                                   539.0
                                  3182.0
                                  3394.0
                                  3128.0
                                     0.0
                                     0.0
                                     0.0
                                     0.0
                                     0.0
                                     0.0
                                     0.0
                                     0.0
                                     0.0
                                     0.0
                                     0.0
                                     0.0
                                     0.0
                                     0.0
                                     0.0
                                     0.0
                                     0.0
                                     0.0
                                     0.0
                                     0.0
                                     0.0
                                     0.0
                                     0.0
                                     0.0
                                     0.0
                                     0.0
                                     0.0
                                     0.0
                                     0.0
                                     0.0
                                     0.0
                                     0.0
                                     0.0
                                     0.0
                                     0.0
                                     0.0
                                     0.0
                                     0.0
                                     0.0
                                     0.0
                                     0.0
                                     0.0
                                     0.0
                                     0.0
                                     0.0
                                     0.0
                                     0.0
                                     0.0
                                     0.0
                                     0.0
                                     0.0
                                     0.0
                                     0.0
                                     0.0
                                     0.0
                                     0.0
                                     0.0
                                     0.0
                                     0.0
                                     0.0
                                     0.0
                                     0.0
                                     0.0
                                     0.0
                                     0.0
                                     0.0
                                     0.0
                                     0.0
                                     0.0
                                     0.0
                                     0.0
                                     0.0
                                     0.0
                                     0.0
                                     0.0
                                     0.0
                                     0.0
                                     0.0
                                     0.0
                                     0.0
                                     0.0
                                     0.0
                                     0.0
                                     0.0
                                     0.0
                                     0.0
                                     0.0
                                     0.0
                                     0.0
                                     0.0
                                     0.0
                                     0.0
                                     0.0
                                     0.0
                                     0.0
                                     0.0
                                     3.0
                                   857.0
                                  1359.0
                                   471.0
                                     0.0
                                     0.0
                                     0.0
                                     0.0
                                     0.0
                                     0.0
                                     0.0
                                     0.0
                                     0.0
                                     0.0
                                     0.0
                                     0.0
                                     0.0
                                     0.0
                                     0.0
                                     0.0
                                     0.0
                                     0.0
                                     0.0
                                     0.0
                                     0.0
                                     0.0
                                     0.0
                                     0.0
                                     0.0
                                     0.0
                                     0.0
                                     0.0
                                     0.0
                                     0.0
                                     0.0
                                     0.0
                                     0.0
                                     0.0
                                     0.0
                                     0.0
                                     0.0
                                     0.0
                                     0.0
                                     0.0
                                     0.0
                                     0.0
                                     0.0
                                     0.0
                                     0.0
                                     0.0
                                     0.0
                                     0.0
                                     0.0
                                     0.0
                                     0.0
                                     0.0
                                     0.0
                                     0.0
                                     0.0
                                     0.0
                                     0.0
                                     0.0
                                     0.0
                                     0.0
                                     0.0
                                     0.0
                                     0.0
                                     0.0
                                     0.0
                                     0.0
                                     0.0
                                     0.0
                                     0.0
                                     0.0
                                     0.0
                                     0.0
                                     0.0
                                     0.0
                                     0.0
                                     0.0
                                     0.0
                                     0.0
                                     0.0
                                     0.0
                                     0.0
                                     0.0
                                     0.0
                                     0.0
                                     0.0
                                     0.0
                                     0.0
                                     0.0
                                     0.0
                                     0.0
                                     0.0
                                     0.0
                                     0.0
                                     0.0
                                     0.0
                                     0.0
                                     0.0
                                     2.0
                                   451.0
                                     3.0
                                     0.0
                                     0.0
                                     0.0
                                     0.0
                                     0.0
                                     0.0
                                     0.0
                                     0.0
                                     0.0
                                     0.0
                                     0.0
                                     0.0
                                     0.0
                                     0.0
                                     0.0
                                     0.0
                                     0.0
                                     0.0
                                     0.0
                                     0.0
                                     0.0
                                     0.0
                                     0.0
                                     0.0
                                     0.0
                                     0.0
                                     0.0
                                     0.0
                                     0.0
                                     0.0
                                     0.0
                                     0.0
                                     0.0
                                     0.0
                                     0.0
                                     0.0
                                     0.0
                                     0.0
                                     0.0
                                     0.0
                                     0.0
                                     0.0
                                     0.0
                                     0.0
                                     0.0
                                     0.0
                                     0.0
                                     0.0
                                     0.0
                                     0.0
                                     0.0
                                     0.0
                                     0.0
                                     0.0
                                     0.0
                                     0.0
                                     0.0
                                     0.0
                                     0.0
                                     0.0
                                     0.0
                                     0.0
                                     0.0
                                     0.0
                                     0.0
                                     0.0
                                     0.0
                                     0.0
                                     0.0
                                     0.0
                                     0.0
                                     0.0
                                     0.0
                                     0.0
                                     0.0
                                     0.0
                                     0.0
                                     0.0
                                     0.0
                                     0.0
                                     0.0
                                     0.0
                                     0.0
                                     0.0
                                     0.0
                                     0.0
                                     0.0
                                     0.0
                                     0.0
                                     0.0
                                     0.0
                                     0.0
                                     0.0
                                     0.0
                                     0.0
                                     0.0
                                     0.0
                                     0.0
                                     0.0
                                     0.0
                                     0.0
                                     0.0
                                     0.0
                                     0.0
                                     0.0
                                     0.0
                                     0.0
                                     0.0
                                     0.0
                                     0.0
                                     0.0
                                     0.0
                                     0.0
                                     0.0
                                     0.0
                                     0.0
                                     0.0
                                     0.0
                                     0.0
                                     0.0
                                     0.0
                                     0.0
                                     0.0
                                     0.0
                                     0.0
                                     0.0
                                     0.0
                                     0.0
                                     0.0
                                     0.0
                                     0.0
                                     0.0
                                     0.0
                                     0.0
                                     0.0
                                     0.0
                                     0.0
                                     0.0
                                     0.0
                                     0.0
                                     0.0
                                     0.0
                                     0.0
                                     0.0
                                     0.0
                                     0.0
                                     0.0
                                     0.0
                                     0.0
                                     0.0
                                     0.0
                                     0.0
                                     0.0
                                     0.0
                                     0.0
                                     0.0
                                     0.0
                                     0.0
                                     0.0
                                     0.0
                                     0.0
                                     0.0
                                     0.0
                                     0.0
                                     0.0
                                     0.0
                                     0.0
                                     0.0
                                     0.0
                                     0.0
                                     0.0
                                     0.0
                                     0.0
                                     0.0
                                     0.0
                                     0.0
                                     0.0
                                     0.0
                                     0.0
                                     0.0
                                     0.0
                                     0.0
                                     0.0
                                     0.0
                                     0.0
                                     0.0
                                     0.0
                                     0.0
                                     0.0
                                     0.0
                                     0.0
                                     0.0
                                     0.0
                                     0.0
                                     0.0
                                     0.0
                                     0.0
                                     0.0
                                     0.0
                                     0.0
                                     0.0
                                     0.0
                                     0.0
                                     0.0
                                     0.0
                                     0.0
                                     0.0
                                     0.0
                                     0.0
                                     0.0
                                     0.0
                                     0.0
                                     0.0
                                     0.0
                                     0.0
                                     0.0
                                     0.0
                                     0.0
                                     0.0
                                     0.0
                                     0.0
                                     0.0
                                     0.0
                                     0.0
                                     0.0
                                     0.0
                                     0.0
                                     0.0
                                     0.0
                                     0.0
                                     0.0
                                     0.0
                                     0.0
                                     0.0
                                     0.0
                                     0.0
                                     0.0
                                     0.0
                                     0.0
                                     0.0
                                     0.0
                                     0.0
                                     0.0
                                     0.0
                                     0.0
                                     0.0
                                     0.0
                                     0.0
                                     0.0
                                     0.0
                                     0.0
                                     0.0
                                     0.0
                                     0.0
                                     0.0
                                     0.0
                                     0.0
                                     0.0
                                     0.0
                                     0.0
                                     0.0
                                     0.0
                                     0.0
                                     0.0
                                     0.0
                                     0.0
                                     0.0
                                     0.0
                                     0.0
                                     0.0
                                     0.0
                                     0.0
                                     0.0
                                     0.0
                                     0.0
                                     0.0
                                     0.0
                                     0.0
                                     0.0
                                     0.0
                                     0.0
                                     0.0
                                     0.0
                                     0.0
                                     0.0
                                     0.0
                                     0.0
                                     0.0
                                     0.0
                                     0.0
                                     0.0
                                     0.0
                                     0.0
                                     0.0
                                     0.0
                                     0.0
                                     0.0
                                     0.0
                                     0.0
                                     0.0
                                     0.0
                                     0.0
                                     0.0
                                     0.0
                                     0.0
                                     0.0
                                     0.0
                                     0.0
                                     0.0
                                     0.0
                                     0.0
                                     0.0
                                     0.0
                                     0.0
                                     0.0
                                     0.0
                                     0.0
                                     0.0
                                     0.0
                                     0.0
                                     0.0
                                     0.0
                                     0.0
                                     0.0
                                     0.0
                                     0.0
                                     0.0
                                     0.0
                                     0.0
                                     0.0
                                     0.0
                                     0.0
                                     0.0
                                     0.0
                                     0.0
                                     0.0
                                     0.0
                                     0.0
                                     0.0
                                     0.0
                                     0.0
                                     0.0
                                     0.0
                                     0.0
                                     0.0
                                     0.0
                                     0.0
                                     0.0
                                     0.0
                                     0.0
                                     0.0
                                     0.0
                                     0.0
                                     0.0
                                     0.0
                                     0.0
                                     0.0
                                     0.0
                                     0.0
                                     0.0
                                     0.0
                                     0.0
                                     0.0
                                     0.0
                                     0.0
                                     0.0
                                     0.0
                                     0.0
                                     0.0
                                     0.0
                                     0.0
                                     0.0
                                     0.0
                                     0.0
                                     0.0
                                     0.0
                                     0.0
                                     0.0
                                     0.0
                                     0.0
                                     0.0
                                     0.0
                                     0.0
                                     0.0
                                     0.0
                                     0.0
                                     0.0
                                     0.0
                                     0.0
                                     0.0
                                     0.0
                                     0.0
                                     0.0
                                     0.0
                                     0.0
                                     0.0
                                     0.0
                                     0.0
                                     0.0
                                     0.0
                                     0.0
                                     0.0
                                     0.0
                                     0.0
                                     0.0
                                     0.0
                                     0.0
                                     0.0
                                     0.0
                                     0.0
                                     0.0
                                     0.0
                                     0.0
                                     0.0
                                     0.0
                                     0.0
                                     0.0
                                     0.0
                                     0.0
                                     0.0
                                     0.0
                                     0.0
                                     0.0
                                     0.0
                                     0.0
                                     0.0
                                     0.0
                                     0.0
                                     0.0
                                     0.0
                                     0.0
                                     0.0
                                     0.0
                                     0.0
                                     0.0
                                     0.0
                                     0.0
                                     0.0
                                     0.0
                                     0.0
                                     0.0
                                     0.0
                                     0.0
                                     0.0
                                     0.0
                                     0.0
                                     0.0
                                     0.0
                                     0.0
                                     0.0
                                     0.0
                                     0.0
                                     0.0
                                     0.0
                                     0.0
                                     0.0
                                     0.0
                                     0.0
                                     0.0
                                     0.0
                                     0.0
                                     0.0
                                     0.0
                                     0.0
                                     0.0
                                     0.0
                                     0.0
                                     0.0
                                     0.0
                                     0.0
                                     0.0
                                     0.0
                                     0.0
                                     0.0
                                     0.0
                                     0.0
                                     0.0
                                     0.0
                                     0.0
                                     0.0
                                     0.0
                                     0.0
                                     0.0
                                     0.0
                                     0.0
                                     0.0
                                     0.0
                                     0.0
                                     0.0
                                     0.0
                                     0.0
                                     0.0
                                     0.0
                                     0.0
                                     0.0
                                     0.0
                                     0.0
                                     0.0
                                     0.0
                                     0.0
                                     0.0
                                     0.0
                                     0.0
                                     0.0
                                     0.0
                                     0.0
                                     0.0
                                     0.0
                                     0.0
                                     0.0
                                     0.0
                                     0.0
                                     0.0
                                     0.0
                                     0.0
                                     0.0
                                     0.0
                                     0.0
                                     0.0
                                     0.0
                                     0.0
                                     0.0
                                     0.0
                                     0.0
                                     0.0
                                     0.0
                                     0.0
                                     0.0
                                     0.0
                                     0.0
                                     0.0
                                     0.0
                                     0.0
                                     0.0
                                     0.0
                                     0.0
                                     0.0
                                     0.0
                                     0.0
                                     0.0
                                     0.0
                                     0.0
                                     0.0
                                     0.0
                                     0.0
                                     0.0
                                     0.0
                                     0.0
                                     0.0
                                     0.0
                                     0.0
                                     0.0
                                     0.0
                                     0.0
                                     0.0
                                     0.0
                                     0.0
                                     0.0
                                     0.0
                                     0.0
                                     0.0
                                     0.0
                                     0.0
                                     0.0
                                     0.0
                                     0.0
                                     0.0
                                     0.0
                                     0.0
                                     0.0
                                     0.0
                                     0.0
                                     0.0
                                     0.0
                                     0.0
                                     0.0
                                     0.0
                                     0.0
                                     0.0
                                     0.0
                                     0.0
                                     0.0
                                     0.0
                                     0.0
                                     0.0
                                     0.0
                                     0.0
                                     0.0
                                     0.0
                                     0.0
                                     0.0
                                     0.0
                                     0.0
                                     0.0
                                     0.0
                                     0.0
                                     0.0
                                     0.0
                                     0.0
                                     0.0
                                     0.0
                                     0.0
                                     0.0
                                     0.0
                                     0.0
                                     0.0
                                     0.0
                                     0.0
                                     0.0
                                     0.0
                                     0.0
                                     0.0
                                     0.0
                                     0.0
                                     0.0
                                     0.0
                                     0.0
                                     0.0
                                     0.0
                                     0.0
                                     0.0
                                     0.0
                                     0.0
                                     0.0
                                     0.0
                                     0.0
                                     0.0
                                     0.0
                                     0.0
                                     0.0
                                     0.0
                                     0.0
                                     0.0
                                     0.0
                                     0.0
                                     0.0
                                     0.0
                                     0.0
                                     0.0
                                     0.0
                                     0.0
                                     0.0
                                     0.0
                                     0.0
                                     0.0
                                     0.0
                                     0.0
                                     0.0
                                     0.0
                                     0.0
                                     0.0
                                     0.0
                                     0.0
                                     0.0
                                     0.0
                                     0.0
                                     0.0
                                     0.0
                                     0.0
                                     0.0
                                     0.0
                                     0.0
                                     0.0
                                     0.0
                                     0.0
                                     0.0
                                     0.0
                                     0.0
                                     0.0
                                     0.0
                                     0.0
                                     0.0
                                     0.0
                                     0.0
                                     0.0
                                     0.0
                                     0.0
                                     0.0
                                     0.0
                                     0.0
                                     0.0
                                     0.0
                                     0.0
                                     0.0
                                     0.0
                                     0.0
                                     0.0
                                     0.0
                                     0.0
                                     0.0
                                     0.0
                                     0.0
                                     0.0
                                     0.0
                                     0.0
                                     0.0
                                     0.0
                                     0.0
                                     0.0
                                     0.0
                                     0.0
                                     0.0
                                     0.0
                                     0.0
                                     0.0
                                     0.0
                                     0.0
                                     0.0
                                     0.0
                                     0.0
                                     0.0
                                     0.0
                                     0.0
                                     0.0
                                     0.0
                                     0.0
                                     0.0
                                     0.0
                                     0.0
                                     0.0
                                     0.0
                                     0.0
                                     0.0
                                     0.0
                                     0.0
                                     0.0
                                     0.0
                                     0.0
                                     0.0
                                     0.0
                                     0.0
                                     0.0
                                     0.0
                                     0.0
                                     0.0
                                     0.0
                                     0.0
                                     0.0
                                     0.0
                                     0.0
                                     0.0
                                     0.0
                                     0.0
                                     0.0
                                     0.0
                                     0.0
                                     0.0
                                     0.0
                                     0.0
                                     0.0
                                     0.0
                                     0.0
                                     0.0
                                     0.0
                                     0.0
                                     0.0
                                     0.0
                                     0.0
                                     0.0
                                     0.0
                                     0.0
                                     0.0
                                     0.0
                                     0.0
                                     0.0
                                     0.0
                                     0.0
                                     0.0
                                     0.0
                                     0.0
                                     0.0
                                     0.0
                                     0.0
                                     0.0
                                     0.0
                                     0.0
                                     0.0
                                     0.0
                                     0.0
                                     0.0
                                     0.0
                                     0.0
                                     0.0
                                     0.0
                                     0.0
                                     0.0
                                     0.0
                                     0.0
                                     0.0
                                     0.0
                                     0.0
                                     0.0
                                     0.0
                                     0.0
                                     0.0
                                     0.0
                                     0.0
                                     0.0
                                     0.0
                                     0.0
                                     0.0
                                     0.0
                                     0.0
                                     0.0
                                     0.0
                                     0.0
                                     0.0
                                     0.0
                                     0.0
                                     0.0
                                     0.0
                                     0.0
                                     0.0
                                     0.0
                                     0.0
                                     0.0
                                     0.0
                                     0.0
                                     0.0
                                     0.0
                                     0.0
                                     0.0
                                     0.0
                                     0.0
                                     0.0
                                     0.0
                                     0.0
                                     0.0
                                     0.0
                                     0.0
                                     0.0
                                     0.0
                                     0.0
                                     0.0
                                     0.0
                                     0.0
                                     0.0
                                     0.0
                                     0.0
                                     0.0
                                     0.0
                                     0.0
                                     0.0
                                     0.0
                                     0.0
                                     0.0
                                     0.0
                                     0.0
                                     0.0
                                     0.0
                                     0.0
                                     0.0
                                     0.0
                                     0.0
                                     0.0
                                     0.0
                                     0.0
                                     0.0
                                     0.0
                                     0.0
                                     0.0
                                     0.0
                                     0.0
                                     0.0
                                     0.0
                                     0.0
                                     0.0
                                     0.0
                                     0.0
                                     0.0
                                     0.0
                                     0.0
                                     0.0
                                     0.0
                                     0.0
                                     0.0
                                     0.0
                                     0.0
                                     0.0
                                     0.0
                                     0.0
                                     0.0
                                     0.0
                                     0.0
                                     0.0
                                     0.0
                                     0.0
                                     0.0
                                     0.0
                                     0.0
                                     0.0
                                     0.0
                                     0.0
                                     0.0
                                     0.0
                                     0.0
                                     0.0
                                     0.0
                                     0.0
                                     0.0
                                     0.0
                                     0.0
                                     0.0
                                     0.0
                                     0.0
                                     0.0
                                     0.0
                                     0.0
                                     0.0
                                     0.0
                                     0.0
                                     0.0
                                     0.0
                                     0.0
                                     0.0
                                     0.0
                                     0.0
                                     0.0
                                     0.0
                                     0.0
                                     0.0
                                     0.0
                                     0.0
                                     0.0
                                     0.0
                                     0.0
                                     0.0
                                     0.0
                                     0.0
                                     0.0
                                     0.0
                                     0.0
                                     0.0
                                     0.0
                                     0.0
                                     0.0
                                     0.0
                                     0.0
                                     0.0
                                     0.0
                                     0.0
                                     0.0
                                     0.0
                                     0.0
                                     0.0
                                     0.0
                                     0.0
                                     0.0
                                     0.0
                                     0.0
                                     0.0
                                     0.0
                                     0.0
                                     0.0
                                     0.0
                                     0.0
                                     0.0
                                     0.0
                                     0.0
                                     0.0
                                     0.0
                                     0.0
                                     0.0
                                     0.0
                                     0.0
                                     0.0
                                     0.0
                                     0.0
                                     0.0
                                     0.0
                                     0.0
                                     0.0
                                     0.0
                                     0.0
                                     0.0
                                     0.0
                                     0.0
                                     0.0
                                     0.0
                                     0.0
                                     0.0
                                     0.0
                                     0.0
                                     0.0
                                     0.0
                                     0.0
                                     0.0
                                     0.0
                                     0.0
                                     0.0
                                     0.0
                                     0.0
                                     0.0
                                     0.0
                                     0.0
                                     0.0
                                     0.0
                                     0.0
                                     0.0
                                     0.0
                                     0.0
                                     0.0
                                     0.0
                                     0.0
                                     0.0
                                     0.0
                                     0.0
                                     0.0
                                     0.0
                                     0.0
                                     0.0
                                     0.0
                                     0.0
                                     0.0
                                     0.0
                                     0.0
                                     0.0
                                     0.0
                                     0.0
                                     0.0
                                     0.0
                                     0.0
                                     0.0
                                     0.0
                                     0.0
                                     0.0
                                     0.0
                                     0.0
                                     0.0
                                     0.0
                                     0.0
                                     0.0
                                     0.0
                                     0.0
                                     0.0
                                     0.0
                                     0.0
                                     0.0
                                     0.0
                                     0.0
                                     0.0
                                     0.0
                                     0.0
                                     0.0
                                     0.0
                                     0.0
                                     0.0
                                     0.0
                                     0.0
                                     0.0
                                     0.0
                                     0.0
                                     0.0
                                     0.0
                                     0.0
                                     0.0
                                     0.0
                                     0.0
                                     0.0
                                     0.0
                                     0.0
                                     0.0
                                     0.0
                                     0.0
                                     0.0
                                     0.0
                                     0.0
                                     0.0
                                     0.0
                                     0.0
                                     0.0
                                     0.0
                                     0.0
                                     0.0
                                     0.0
                                     0.0
                                     0.0
                                     0.0
                                     0.0
                                     0.0
                                     0.0
                                     0.0
                                     0.0
                                     0.0
                                     0.0
                                     0.0
                                     0.0
                                     0.0
                                     0.0
                                     0.0
                                     0.0
                                     0.0
                                     0.0
                                     0.0
                                     0.0
                                     0.0
                                     0.0
                                     0.0
                                     0.0
                                     0.0
                                     0.0
                                     0.0
                                     0.0
                                     0.0
                                     0.0
                                     0.0
                                     0.0
                                     0.0
                                     0.0
                                     0.0
                                     0.0
                                     0.0
                                     0.0
                                     0.0
                                     0.0
                                     0.0
                                     0.0
                                     0.0
                                     0.0
                                     0.0
                                     0.0
                                     0.0
                                     0.0
                                     0.0
                                     0.0
                                     0.0
                                     0.0
                                     0.0
                                     0.0
                                     0.0
                                     0.0
                                     0.0
                                     0.0
                                     0.0
                                     0.0
                                     0.0
                                     0.0
                                     0.0
                                     0.0
                                     0.0
                                     0.0
                                     0.0
                                     0.0
                                     0.0
                                     0.0
                                     0.0
                                     0.0
                                     0.0
                                     0.0
                                     0.0
                                     0.0
                                     0.0
                                     0.0
                                     0.0
                                     0.0
                                     0.0
                                     0.0
                                     0.0
                                     0.0
                                     0.0
                                     0.0
                                     0.0
                                     0.0
                                     0.0
                                     0.0
                                     0.0
                                     0.0
                                     0.0
                                     0.0
                                     0.0
                                     0.0
                                     0.0
                                     0.0
                                     0.0
                                     0.0
                                     0.0
                                     0.0
                                     0.0
                                     0.0
                                     0.0
                                     0.0
                                     0.0
                                     0.0
                                     0.0
                                     0.0
                                     0.0
                                     0.0
                                     0.0
                                     0.0
                                     0.0
                                     0.0
                                     0.0
                                     0.0
                                     0.0
                                     0.0
                                     0.0
                                     0.0
                                     0.0
                                     0.0
                                     0.0
                                     0.0
                                     0.0
                                     0.0
                                     0.0
                                     0.0
                                     0.0
                                     0.0
                                     0.0
                                     0.0
                                     0.0
                                     0.0
                                     0.0
                                     0.0
                                     0.0
                                     0.0
                                     0.0
                                     0.0
                                     0.0
                                     0.0
                                     0.0
                                     0.0
                                     0.0
                                     0.0
                                     0.0
                                     0.0
                                     0.0
                                     0.0
                                     0.0
                                     0.0
                                     0.0
                                     0.0
                                     0.0
                                     0.0
                                     0.0
                                     0.0
                                     0.0
                                     0.0
                                     0.0
                                     0.0
                                     0.0
                                     0.0
                                     0.0
                                     0.0
                                     0.0
                                     0.0
                                     0.0
                                     0.0
                                     0.0
                                     0.0
                                     0.0
                                     0.0
                                     0.0
                                     0.0
                                     0.0
                                     0.0
                                     0.0
                                     0.0
                                     0.0
                                     0.0
                                     0.0
                                     0.0
                                     0.0
                                     0.0
                                     0.0
                                     0.0
                                     0.0
                                     0.0
                                     0.0
                                     0.0
                                     0.0
                                     0.0
                                     0.0
                                     0.0
                                     0.0
                                     0.0
                                     0.0
                                     0.0
                                     0.0
                                     0.0
                                     0.0
                                     0.0
                                     0.0
                                     0.0
                                     0.0
                                     0.0
                                     0.0
                                     0.0
                                     0.0
                                     0.0
                                     0.0
                                     0.0
                                     0.0
                                     0.0
                                     0.0
                                     0.0
                                     0.0
                                     0.0
                                     0.0
                                     0.0
                                     0.0
                                     0.0
                                     0.0
                                     0.0
                                     0.0
                                     0.0
                                     0.0
                                     0.0
                                     0.0
                                     0.0
                                     0.0
                                     0.0
                                     0.0
                                     0.0
                                     0.0
                                     0.0
                                     0.0
                                     0.0
                                     0.0
                                     0.0
                                     0.0
                                     0.0
                                     0.0
                                     0.0
                                     0.0
                                     0.0
                                     0.0
                                     0.0
                                     0.0
                                     0.0
                                     0.0
                                     0.0
                                     0.0
                                     0.0
                                     0.0
                                     0.0
                                     0.0
                                     0.0
                                     0.0
                                     0.0
                                     0.0
                                     0.0
                                     0.0
                                     0.0
                                     0.0
                                     0.0
                                     0.0
                                     0.0
                                     0.0
                                     0.0
                                     0.0
                                     0.0
                                     0.0
                                     0.0
                                     0.0
                                     0.0
                                     0.0
                                     0.0
                                     0.0
                                     0.0
                                     0.0
                                     0.0
                                     0.0
                                     0.0
                                     0.0
                                     0.0
                                     0.0
                                     0.0
                                     0.0
                                     0.0
                                     0.0
                                     0.0
                                     0.0
                                     0.0
                                     0.0
                                     0.0
                                     0.0
                                     0.0
                                     0.0
                                     0.0
                                     0.0
                                     0.0
                                     0.0
                                     0.0
                                     0.0
                                     0.0
                                     0.0
                                     0.0
                                     0.0
                                     0.0
                                     0.0
                                     0.0
                                     0.0
                                     0.0
                                     0.0
                                     0.0
                                     0.0
                                     0.0
                                     0.0
                                     0.0
                                     0.0
                                     0.0
                                     0.0
                                     0.0
                                     0.0
                                     0.0
                                     0.0
                                     0.0
                                     0.0
                                     0.0
                                     0.0
                                     0.0
                                     0.0
                                     0.0
                                     0.0
                                     0.0
                                     0.0
                                     0.0
                                     0.0
                                     0.0
                                     0.0
                                     0.0
                                     0.0
                                     0.0
                                     0.0
                                     0.0
                                     0.0
                                     0.0
                                     0.0
                                     0.0
                                     0.0
                                     0.0
                                     0.0
                                     0.0
                                     0.0
                                     0.0
                                     0.0
                                     0.0
                                     0.0
                                     0.0
                                     0.0
                                     0.0
                                     0.0
                                     0.0
                                     0.0
                                     0.0
                                     0.0
                                     0.0
                                     0.0
                                     0.0
                                     0.0
                                     0.0
                                     0.0
                                     0.0
                                     0.0
                                     0.0
                                     0.0
                                     0.0
                                     0.0
                                     0.0
                                     0.0
                                     0.0
                                     0.0
                                     0.0
                                     0.0
                                     0.0
                                     0.0
                                     0.0
                                     0.0
                                     0.0
                                     0.0
                                     0.0
                                     0.0
                                     0.0
                                     0.0
                                     0.0
                                     0.0
                                     0.0
                                     0.0
                                     0.0
                                     0.0
                                     0.0
                                     0.0
                                     0.0
                                     0.0
                                     0.0
                                     0.0
                                     0.0
                                     0.0
                                     0.0
                                     0.0
                                     0.0
                                     0.0
                                     0.0
                                     0.0
                                     0.0
                                     0.0
                                     0.0
                                     0.0
                                     0.0
                                     0.0
                                     0.0
                                     0.0
                                     0.0
                                     0.0
                                     0.0
                                     0.0
                                     0.0
                                     0.0
                                     0.0
                                     0.0
                                     0.0
                                     0.0
                                     0.0
                                     0.0
                                     0.0
                                     0.0
                                     0.0
                                     0.0
                                     0.0
                                     0.0
                                     0.0
                                     0.0
                                     0.0
                                     0.0
                                     0.0
                                     0.0
                                     0.0
                                     0.0
                                     0.0
                                     0.0
                                     0.0
                                     0.0
                                     0.0
                                     0.0
                                     0.0
                                     0.0
                                     0.0
                                     0.0
                                     0.0
                                     0.0
                                     0.0
                                     0.0
                                     0.0
                                     0.0
                                     0.0
                                     0.0
                                     0.0
                                     0.0
                                     0.0
                                     0.0
                                     0.0
                                     0.0
                                     0.0
                                     0.0
                                     0.0
                                     0.0
                                     0.0
                                     0.0
                                     0.0
                                     0.0
                                     0.0
                                     0.0
                                     0.0
                                     0.0
                                     0.0
                                     0.0
                                     0.0
                                     0.0
                                     0.0
                                     0.0
                                     0.0
                                     0.0
                                     0.0
                                     0.0
                                     0.0
                                     0.0
                                     0.0
                                     0.0
                                     0.0
                                     0.0
                                     0.0
                                     0.0
                                     0.0
                                     0.0
                                     0.0
                                     0.0
                                     0.0
                                     0.0
                                     0.0
                                     0.0
                                     0.0
                                     0.0
                                     0.0
                                     0.0
                                     0.0
                                     0.0
                                     0.0
                                     0.0
                                     0.0
                                     0.0
                                     0.0
                                     0.0
                                     0.0
                                     0.0
                                     0.0
                                     0.0
                                     0.0
                                     0.0
                                     0.0
                                     0.0
                                     0.0
                                     0.0
                                     0.0
                                     0.0
                                     0.0
                                     0.0
                                     0.0
                                     0.0
                                     0.0
                                     0.0
                                     0.0
                                     0.0
                                     0.0
                                     0.0
                                     0.0
                                     0.0
                                     0.0
                                     0.0
                                     0.0
                                     0.0
                                     0.0
                                     0.0
                                     0.0
                                     0.0
                                     0.0
                                     0.0
                                     0.0
                                     0.0
                                     0.0
                                     0.0
                                     0.0
                                     0.0
                                     0.0
                                     0.0
                                     0.0
                                     0.0
                                     0.0
                                     0.0
                                     0.0
                                     0.0
                                     0.0
                                     0.0
                                     0.0
                                     0.0
                                     0.0
                                     0.0
                                     0.0
                                     0.0
                                     0.0
                                     0.0
                                     0.0
                                     0.0
                                     0.0
                                     0.0
                                     0.0
                                     0.0
                                     0.0
                                     0.0
                                     0.0
                                     0.0
                                     0.0
                                     0.0
                                     0.0
                                     0.0
                                     0.0
                                     0.0
                                     0.0
                                     0.0
                                     0.0
                                     0.0
                                     0.0
                                     0.0
                                     0.0
                                     0.0
                                     0.0
                                     0.0
                                     0.0
                                     0.0
                                     0.0
                                     0.0
                                     0.0
                                     0.0
                                     0.0
                                     0.0
                                     0.0
                                     0.0
                                     0.0
                                     0.0
                                     0.0
                                     0.0
                                     0.0
                                     0.0
                                     0.0
                                     0.0
                                     0.0
                                     0.0
                                     0.0
                                     0.0
                                     0.0
                                     0.0
                                     0.0
                                     0.0
                                     0.0
                                     0.0
                                     0.0
