    1    2   57                                     1.0
    1    4   47                                     1.0
    1    4   48                                     1.0
    1    4   82                                     1.0
    1    5   44                                     1.0
    1    6   37                                     1.0
    1    6   58                                     1.0
    1    7   35                                     1.0
    1    7   40                                     1.0
    1    7   44                                     1.0
    1    8   35                                     5.0
    1    8   40                                     4.0
    1    8   41                                     1.0
    1    8   42                                     1.0
    1    9   30                                     2.0
    1    9   35                                     4.0
    1    9   37                                     8.0
    1    9   38                                     1.0
    1    9   39                                     1.0
    1    9   40                                     3.0
    1   10   38                                     4.0
    1   13   41                                     2.0
    1   13   44                                     2.0
    1   14   41                                     4.0
    1   14   44                                     2.0
    1   14   53                                     1.0
    1   15   43                                     5.0
    1   15   49                                     6.0
    1   15   50                                     1.0
    1   15   53                                     1.0
    1   15   54                                     1.0
    1   16   50                                     3.0
    1   16   51                                     2.0
    1   16   79                                     4.0
    1   17   79                                     1.0
    1   18   60                                     1.0
    1   19   51                                     2.0
    1   20   51                                     1.0
    1   20   65                                     1.0
    1   20   75                                     1.0
    1   20   83                                     1.0
    1   21   69                                     1.0
    1   21   75                                     4.0
    1   21   85                                     5.0
    1   22   86                                     1.0
    1   23   87                                     1.0
    1   26   82                                     1.0
    1   26   95                                     5.0
    1   27   95                                     1.0
    1   28   95                                     2.0
    1   31   97                                     1.0
    2    5   35                                     1.0
    2    6   39                                     1.0
    2    6   40                                     2.0
    2    7   35                                     1.0
    2    7   36                                     1.0
    2    7   37                                     1.0
    2    7   38                                     1.0
    2    7   41                                     2.0
    2    7   81                                     2.0
    2    8   30                                     1.0
    2    8   36                                     3.0
    2    8   37                                     2.0
    2    8   38                                     2.0
    2    8   39                                     1.0
    2    8   41                                     4.0
    2    9   31                                     4.0
    2    9   41                                     4.0
    2    9   43                                     1.0
    2   11   41                                     1.0
    2   11   44                                     1.0
    2   12   42                                     1.0
    2   12   44                                     1.0
    2   13   42                                     2.0
    2   14   39                                     1.0
    2   14   40                                     4.0
    2   14   42                                     3.0
    2   14   49                                     4.0
    2   15   43                                     1.0
    2   15   45                                     3.0
    2   15   46                                     2.0
    2   15   49                                     2.0
    2   16   46                                     2.0
    2   16   63                                     5.0
    2   17   63                                     1.0
    2   18   51                                     1.0
    2   18   80                                     1.0
    2   19   51                                     3.0
    2   19   70                                     1.0
    2   19   84                                     1.0
    2   20   49                                     6.0
    2   20   51                                     3.0
    2   21   75                                     1.0
    2   22   76                                     1.0
    2   24   70                                     1.0
    2   25   70                                     3.0
    2   25   71                                     1.0
    2   26   71                                     3.0
    3    4   39                                     1.0
    3    5   36                                     1.0
    3    5   43                                     1.0
    3    6   35                                     1.0
    3    6   41                                     2.0
    3    6   81                                     1.0
    3    7   38                                     1.0
    3    7   39                                     1.0
    3    7   40                                     2.0
    3    7   41                                     1.0
    3    7   42                                     1.0
    3    7   43                                     1.0
    3    8   32                                     1.0
    3    8   35                                     1.0
    3    8   37                                     2.0
    3    8   38                                     3.0
    3    8   39                                     2.0
    3    8   40                                     1.0
    3    8   43                                     3.0
    3    9   24                                     3.0
    3    9   25                                     1.0
    3    9   27                                     2.0
    3    9   35                                     3.0
    3    9   37                                     1.0
    3    9   38                                     3.0
    3    9   39                                     2.0
    3    9   43                                     2.0
    3   10   25                                     1.0
    3   10   27                                     1.0
    3   10   45                                     1.0
    3   12   44                                     1.0
    3   12   45                                     1.0
    3   13   40                                     1.0
    3   13   41                                     1.0
    3   13   44                                     2.0
    3   13   45                                     3.0
    3   14   41                                     4.0
    3   14   43                                     2.0
    3   14   44                                     1.0
    3   14   45                                     1.0
    3   14   49                                     3.0
    3   14   56                                     1.0
    3   15   41                                     4.0
    3   15   43                                     1.0
    3   15   44                                     4.0
    3   15   47                                     6.0
    3   15   58                                     4.0
    3   16   41                                     2.0
    3   16   57                                     1.0
    3   16   58                                     1.0
    3   16   59                                     1.0
    3   16   66                                     4.0
    3   17   66                                     1.0
    3   18   52                                     1.0
    3   18   67                                     1.0
    3   18   71                                     1.0
    3   19   49                                     1.0
    3   19   50                                     2.0
    3   19   52                                     5.0
    3   20   50                                     4.0
    3   20   63                                     4.0
    3   21   64                                     3.0
    3   21   73                                     3.0
    3   21   74                                     2.0
    3   21   81                                     4.0
    3   22   75                                     1.0
    3   22   81                                     2.0
    3   23   76                                     1.0
    3   23   81                                     1.0
    3   25   65                                     6.0
    3   25   81                                     1.0
    3   26   93                                     5.0
    3   27   93                                     1.0
    3   28   84                                     1.0
    3   28   93                                     1.0
    4    4   41                                     1.0
    4    5   40                                     1.0
    4    6   38                                     1.0
    4    6   42                                     1.0
    4    6   43                                     1.0
    4    6   70                                     1.0
    4    7   35                                     1.0
    4    7   37                                     1.0
    4    7   39                                     1.0
    4    7   41                                     2.0
    4    7   43                                     1.0
    4    7   69                                     1.0
    4    8   27                                     1.0
    4    8   28                                     1.0
    4    8   33                                     2.0
    4    8   35                                     3.0
    4    8   37                                     2.0
    4    8   41                                     3.0
    4    9   24                                     1.0
    4    9   25                                     2.0
    4    9   27                                     1.0
    4    9   28                                     2.0
    4    9   33                                     2.0
    4    9   37                                     1.0
    4    9   38                                     3.0
    4    9   43                                     1.0
    4   11   40                                     1.0
    4   11   44                                     1.0
    4   11   46                                     1.0
    4   12   41                                     1.0
    4   12   45                                     1.0
    4   12   46                                     1.0
    4   13   43                                     2.0
    4   13   45                                     3.0
    4   13   46                                     2.0
    4   13   49                                     2.0
    4   14   43                                     2.0
    4   14   44                                     1.0
    4   14   45                                     1.0
    4   14   46                                     1.0
    4   14   47                                     3.0
    4   14   48                                     2.0
    4   14   49                                     3.0
    4   15   39                                     6.0
    4   15   44                                     5.0
    4   15   47                                     2.0
    4   16   42                                     1.0
    4   16   67                                     2.0
    4   16   88                                     1.0
    4   17   52                                     2.0
    4   17   67                                     2.0
    4   17   88                                     2.0
    4   18   50                                     1.0
    4   18   52                                     1.0
    4   18   88                                     1.0
    4   19   51                                     5.0
    4   19   52                                     5.0
    4   19   64                                     1.0
    4   19   88                                     1.0
    4   20   47                                     7.0
    4   20   51                                     1.0
    4   20   60                                     7.0
    4   20   61                                     3.0
    4   20   84                                     1.0
    4   21   61                                     3.0
    4   21   68                                     5.0
    4   22   68                                     1.0
    4   23   69                                     1.0
    4   23   84                                     1.0
    4   25   63                                     6.0
    4   25   71                                     3.0
    4   26   65                                     1.0
    4   26   71                                     2.0
    4   26   72                                     1.0
    4   26   77                                     5.0
    4   27   73                                     1.0
    4   27   77                                     2.0
    4   27   80                                     1.0
    4   32   84                                     1.0
    4   32   95                                     1.0
    5    6   35                                     1.0
    5    6   37                                     1.0
    5    7   37                                     2.0
    5    7   38                                     2.0
    5    7   39                                     1.0
    5    7   41                                     1.0
    5    7   93                                     1.0
    5    8   28                                     1.0
    5    8   33                                     2.0
    5    8   34                                     2.0
    5    8   36                                     1.0
    5    8   37                                     1.0
    5    8   38                                     2.0
    5    8   42                                     1.0
    5    8   43                                     2.0
    5    8   45                                     2.0
    5    9   21                                     2.0
    5    9   22                                     1.0
    5    9   26                                     2.0
    5    9   27                                     3.0
    5    9   33                                     3.0
    5    9   39                                     2.0
    5    9   46                                     1.0
    5   10   45                                     1.0
    5   11   84                                     1.0
    5   12   43                                     1.0
    5   12   84                                     1.0
    5   13   40                                     4.0
    5   13   44                                     1.0
    5   13   84                                     2.0
    5   14   40                                     5.0
    5   14   41                                     1.0
    5   14   45                                     5.0
    5   15   38                                     1.0
    5   15   41                                     3.0
    5   15   44                                     1.0
    5   15   53                                     1.0
    5   16   52                                     1.0
    5   16   57                                     5.0
    5   16   61                                     4.0
    5   16   72                                     1.0
    5   17   51                                     1.0
    5   17   59                                     1.0
    5   17   61                                     1.0
    5   17   72                                     1.0
    5   17   73                                     2.0
    5   17   91                                     2.0
    5   18   67                                     1.0
    5   18   73                                     1.0
    5   18   91                                     1.0
    5   19   48                                     1.0
    5   19   67                                     1.0
    5   19   71                                     1.0
    5   19   91                                     1.0
    5   20   48                                     5.0
    5   20   57                                     4.0
    5   20   69                                     1.0
    5   20   89                                     1.0
    5   21   57                                     2.0
    5   21   67                                     4.0
    5   21   68                                     1.0
    5   21   71                                     1.0
    5   21   84                                     1.0
    5   22   62                                     1.0
    5   22   69                                     1.0
    5   22   84                                     3.0
    5   23   84                                     1.0
    5   24   75                                     1.0
    5   24   84                                     1.0
    5   25   63                                     1.0
    5   25   64                                     5.0
    5   25   70                                     1.0
    5   26   64                                     1.0
    5   26   65                                     1.0
    5   26   95                                     4.0
    5   27   95                                     1.0
    5   27   96                                     1.0
    5   28   85                                     1.0
    5   29   72                                     1.0
    5   29   87                                     1.0
    5   29   97                                     1.0
    5   30   84                                     2.0
    5   31   84                                     4.0
    5   32   84                                     1.0
    6    7   33                                     1.0
    6    7   34                                     2.0
    6    7   36                                     1.0
    6    8   23                                     1.0
    6    8   26                                     1.0
    6    8   27                                     1.0
    6    8   30                                     2.0
    6    8   32                                     1.0
    6    8   33                                     1.0
    6    8   38                                     1.0
    6    8   39                                     1.0
    6    8   40                                     1.0
    6    8   43                                     1.0
    6    9   21                                     1.0
    6    9   22                                     2.0
    6    9   23                                     1.0
    6    9   25                                     1.0
    6    9   39                                     1.0
    6   10   84                                     1.0
    6   11   43                                     1.0
    6   11   44                                     1.0
    6   12   38                                     1.0
    6   12   40                                     2.0
    6   12   44                                     2.0
    6   12   48                                     1.0
    6   13   38                                     2.0
    6   13   42                                     2.0
    6   13   45                                     1.0
    6   13   46                                     1.0
    6   14   38                                     5.0
    6   14   41                                     2.0
    6   14   44                                     1.0
    6   14   46                                     3.0
    6   15   36                                     5.0
    6   15   38                                     1.0
    6   15   39                                     1.0
    6   15   51                                     3.0
    6   15   52                                     4.0
    6   15   53                                     3.0
    6   16   52                                     4.0
    6   16   53                                     2.0
    6   16   62                                     2.0
    6   16   63                                     1.0
    6   16   68                                     1.0
    6   17   52                                     1.0
    6   17   57                                     1.0
    6   17   62                                     2.0
    6   17   63                                     1.0
    6   17   68                                     4.0
    6   17   75                                     2.0
    6   17   92                                     1.0
    6   18   61                                     1.0
    6   18   62                                     1.0
    6   18   68                                     2.0
    6   18   75                                     2.0
    6   18   92                                     2.0
    6   19   46                                     4.0
    6   19   49                                     1.0
    6   19   71                                     1.0
    6   19   75                                     1.0
    6   19   92                                     1.0
    6   20   46                                     2.0
    6   20   74                                     1.0
    6   20   84                                     1.0
    6   20   91                                     1.0
    6   21   55                                     5.0
    6   21   57                                     1.0
    6   21   68                                     4.0
    6   21   79                                     2.0
    6   21   85                                     1.0
    6   21   92                                     1.0
    6   22   56                                     1.0
    6   22   68                                     1.0
    6   22   79                                     3.0
    6   22   85                                     3.0
    6   23   56                                     1.0
    6   23   79                                     1.0
    6   23   85                                     2.0
    6   24   65                                     1.0
    6   24   85                                     1.0
    6   24   91                                     1.0
    6   26   79                                     1.0
    6   26   84                                     1.0
    6   26   91                                     4.0
    6   27   91                                     2.0
    6   29   91                                     1.0
    6   30   81                                     1.0
    6   30   83                                     1.0
    6   31   78                                     1.0
    7    7   30                                     1.0
    7    7   32                                     1.0
    7    8   23                                     1.0
    7    8   25                                     1.0
    7    8   41                                     1.0
    7    9   18                                     1.0
    7    9   20                                     1.0
    7    9   23                                     1.0
    7   10   44                                     1.0
    7   10   49                                     1.0
    7   11   43                                     1.0
    7   11   44                                     1.0
    7   12   40                                     1.0
    7   12   42                                     2.0
    7   12   43                                     2.0
    7   12   44                                     1.0
    7   13   39                                     2.0
    7   13   42                                     2.0
    7   13   43                                     1.0
    7   13   46                                     1.0
    7   14   38                                     1.0
    7   14   39                                     4.0
    7   14   40                                     4.0
    7   14   43                                     4.0
    7   14   46                                     2.0
    7   15   36                                     1.0
    7   15   39                                     1.0
    7   15   44                                     3.0
    7   15   52                                     2.0
    7   15   54                                     1.0
    7   16   37                                     3.0
    7   16   38                                     1.0
    7   16   39                                     4.0
    7   16   47                                     1.0
    7   16   51                                     3.0
    7   16   54                                     2.0
    7   16   56                                     3.0
    7   16   62                                     2.0
    7   17   38                                     1.0
    7   17   39                                     1.0
    7   17   45                                     1.0
    7   17   47                                     1.0
    7   17   56                                     2.0
    7   17   62                                     9.0
    7   17   63                                     2.0
    7   17   65                                     2.0
    7   17   68                                     1.0
    7   17   69                                     4.0
    7   17   76                                     2.0
    7   17   92                                     1.0
    7   18   45                                     3.0
    7   18   46                                     1.0
    7   18   47                                     4.0
    7   18   53                                     1.0
    7   18   62                                     2.0
    7   18   63                                     1.0
    7   18   65                                     2.0
    7   18   68                                     1.0
    7   18   69                                     2.0
    7   18   76                                     4.0
    7   18   92                                     2.0
    7   18   93                                     3.0
    7   19   44                                     1.0
    7   19   45                                     1.0
    7   19   47                                     5.0
    7   19   62                                     1.0
    7   19   63                                     1.0
    7   19   68                                     1.0
    7   19   69                                     1.0
    7   19   76                                     2.0
    7   19   93                                     2.0
    7   20   44                                     3.0
    7   20   46                                     1.0
    7   20   52                                     4.0
    7   20   54                                     5.0
    7   20   55                                     1.0
    7   20   58                                     1.0
    7   20   61                                     1.0
    7   20   63                                     1.0
    7   20   68                                     1.0
    7   20   69                                     1.0
    7   20   76                                     1.0
    7   20   92                                     1.0
    7   20   93                                     1.0
    7   21   52                                     1.0
    7   21   53                                     1.0
    7   21   71                                     3.0
    7   21   76                                     1.0
    7   21   81                                     1.0
    7   22   68                                     1.0
    7   22   71                                     2.0
    7   22   81                                     3.0
    7   22   83                                     3.0
    7   22   86                                     8.0
    7   22   93                                     1.0
    7   23   51                                     2.0
    7   23   68                                     1.0
    7   23   81                                     1.0
    7   23   83                                     2.0
    7   23   85                                     1.0
    7   23   86                                     2.0
    7   24   51                                     4.0
    7   24   69                                     1.0
    7   24   76                                     1.0
    7   24   81                                     1.0
    7   24   84                                     1.0
    7   24   86                                     2.0
    7   25   58                                     5.0
    7   25   94                                     1.0
    7   26   65                                     1.0
    7   26   71                                     5.0
    7   26   86                                     2.0
    7   26   91                                     2.0
    7   27   71                                     1.0
    7   27   82                                     1.0
    7   27   91                                     3.0
    7   28   71                                     1.0
    7   28   91                                     1.0
    7   29   77                                     1.0
    7   29   85                                     1.0
    7   29   89                                     1.0
    7   30   92                                     1.0
    7   35   85                                     1.0
    8   10   42                                     1.0
    8   10   43                                     1.0
    8   10   44                                     1.0
    8   11   42                                     1.0
    8   11   44                                     1.0
    8   11   46                                     1.0
    8   11   60                                     1.0
    8   12   40                                     2.0
    8   12   41                                     1.0
    8   12   42                                     1.0
    8   12   43                                     1.0
    8   12   44                                     1.0
    8   12   45                                     1.0
    8   12   60                                     1.0
    8   13   36                                     1.0
    8   13   37                                     3.0
    8   13   40                                     2.0
    8   13   41                                     2.0
    8   13   43                                     2.0
    8   13   44                                     2.0
    8   13   46                                     2.0
    8   14   34                                     1.0
    8   14   36                                     4.0
    8   14   37                                     1.0
    8   14   39                                     1.0
    8   14   41                                     2.0
    8   14   44                                     2.0
    8   14   47                                     1.0
    8   14   50                                     1.0
    8   15   34                                     4.0
    8   15   38                                     2.0
    8   15   39                                     1.0
    8   15   44                                     1.0
    8   15   45                                     1.0
    8   15   46                                     4.0
    8   16   31                                     4.0
    8   16   44                                     1.0
    8   16   47                                     1.0
    8   16   48                                     2.0
    8   16   54                                     5.0
    8   16   55                                     5.0
    8   16   57                                     1.0
    8   17   26                                     2.0
    8   17   31                                     1.0
    8   17   44                                     1.0
    8   17   46                                     5.0
    8   17   47                                     1.0
    8   17   48                                     2.0
    8   17   54                                     1.0
    8   17   55                                     3.0
    8   17   56                                     5.0
    8   17   57                                     5.0
    8   17   58                                     4.0
    8   17   62                                     4.0
    8   17   65                                     1.0
    8   17   66                                     2.0
    8   17   76                                     1.0
    8   18   39                                     1.0
    8   18   44                                     2.0
    8   18   46                                     4.0
    8   18   47                                     5.0
    8   18   50                                     2.0
    8   18   55                                     1.0
    8   18   56                                     2.0
    8   18   57                                     1.0
    8   18   58                                     1.0
    8   18   62                                     3.0
    8   18   65                                     2.0
    8   18   66                                     6.0
    8   18   67                                     1.0
    8   18   68                                     1.0
    8   18   69                                     2.0
    8   18   76                                     1.0
    8   18   77                                     1.0
    8   19   38                                     1.0
    8   19   44                                     4.0
    8   19   45                                     2.0
    8   19   46                                     1.0
    8   19   47                                     4.0
    8   19   48                                     1.0
    8   19   51                                     1.0
    8   19   53                                     1.0
    8   19   54                                     1.0
    8   19   62                                     2.0
    8   19   63                                     1.0
    8   19   65                                     1.0
    8   19   66                                     2.0
    8   19   68                                     1.0
    8   19   69                                     1.0
    8   19   77                                     1.0
    8   20   46                                     1.0
    8   20   49                                     4.0
    8   20   51                                     1.0
    8   20   52                                     5.0
    8   20   53                                     4.0
    8   20   55                                     1.0
    8   20   64                                     1.0
    8   20   65                                     1.0
    8   20   66                                     1.0
    8   20   68                                     1.0
    8   20   69                                     2.0
    8   20   77                                     2.0
    8   20   93                                     1.0
    8   21   43                                     5.0
    8   21   47                                     5.0
    8   21   49                                     3.0
    8   21   61                                     1.0
    8   21   62                                     1.0
    8   21   63                                     3.0
    8   21   65                                     1.0
    8   21   67                                     2.0
    8   21   71                                     2.0
    8   21   72                                     2.0
    8   21   77                                     3.0
    8   21   78                                     1.0
    8   22   43                                     1.0
    8   22   47                                     1.0
    8   22   52                                     1.0
    8   22   53                                     1.0
    8   22   55                                     1.0
    8   22   63                                     2.0
    8   22   64                                     1.0
    8   22   72                                     6.0
    8   22   77                                     3.0
    8   22   84                                     2.0
    8   22   85                                     6.0
    8   22   86                                     7.0
    8   22   87                                     3.0
    8   22   89                                     2.0
    8   22   93                                     1.0
    8   22   94                                     1.0
    8   23   49                                     1.0
    8   23   52                                     1.0
    8   23   69                                     1.0
    8   23   71                                     1.0
    8   23   72                                     2.0
    8   23   77                                     1.0
    8   23   84                                     2.0
    8   23   85                                     3.0
    8   23   86                                     3.0
    8   23   87                                     1.0
    8   23   89                                     1.0
    8   23   90                                     1.0
    8   24   48                                     1.0
    8   24   49                                     5.0
    8   24   52                                     4.0
    8   24   71                                     1.0
    8   24   72                                     1.0
    8   24   77                                     1.0
    8   24   78                                     1.0
    8   24   84                                     1.0
    8   24   86                                     2.0
    8   24   87                                     1.0
    8   24   90                                     1.0
    8   25   64                                     4.0
    8   25   71                                     1.0
    8   25   85                                     1.0
    8   25   86                                     1.0
    8   25   88                                     1.0
    8   25   90                                     1.0
    8   25   95                                     1.0
    8   26   58                                     2.0
    8   26   64                                     3.0
    8   26   82                                     4.0
    8   26   86                                     2.0
    8   26   90                                     4.0
    8   26   95                                     1.0
    8   26   96                                     1.0
    8   27   73                                     1.0
    8   27   78                                     1.0
    8   27   83                                     1.0
    8   27   84                                     1.0
    8   27   86                                     1.0
    8   27   90                                     1.0
    8   27   95                                     3.0
    8   27   96                                     3.0
    8   28   66                                     1.0
    8   28   83                                     1.0
    8   28   89                                     1.0
    8   28   91                                     1.0
    8   28   95                                     1.0
    8   28   96                                     1.0
    8   29   84                                     1.0
    8   29   91                                     1.0
    8   29   92                                     1.0
    8   29   95                                     1.0
    8   29   96                                     1.0
    8   30   59                                     7.0
    8   30   95                                     1.0
    8   30   96                                     1.0
    8   31   87                                     1.0
    8   31   88                                     1.0
    8   31   92                                     1.0
    8   31   99                                     4.0
    8   32   99                                     2.0
    8   34   94                                     1.0
    8   34   99                                     1.0
    8   35   93                                     1.0
    9   10   42                                     1.0
    9   10   44                                     1.0
    9   11   37                                     1.0
    9   11   40                                     1.0
    9   11   41                                     1.0
    9   11   43                                     1.0
    9   11   45                                     1.0
    9   11   46                                     1.0
    9   12   31                                     1.0
    9   12   39                                     1.0
    9   12   41                                     3.0
    9   12   42                                     2.0
    9   12   43                                     1.0
    9   12   44                                     3.0
    9   13   31                                     1.0
    9   13   36                                     2.0
    9   13   38                                     3.0
    9   13   39                                     1.0
    9   13   41                                     1.0
    9   13   42                                     3.0
    9   13   44                                     1.0
    9   14   32                                     2.0
    9   14   36                                     2.0
    9   14   37                                     4.0
    9   14   38                                     2.0
    9   14   41                                     1.0
    9   14   42                                     1.0
    9   14   46                                     1.0
    9   14   47                                     4.0
    9   15   31                                     4.0
    9   15   34                                     2.0
    9   15   39                                     1.0
    9   15   43                                     3.0
    9   15   48                                     1.0
    9   15   49                                     3.0
    9   16   24                                     3.0
    9   16   27                                     5.0
    9   16   39                                     1.0
    9   16   41                                     2.0
    9   16   44                                     2.0
    9   16   45                                     2.0
    9   16   46                                     1.0
    9   16   47                                     1.0
    9   16   48                                     5.0
    9   16   49                                     5.0
    9   16   50                                     1.0
    9   16   55                                     2.0
    9   17   22                                     1.0
    9   17   24                                     1.0
    9   17   27                                     3.0
    9   17   41                                     2.0
    9   17   42                                     2.0
    9   17   45                                     1.0
    9   17   47                                     1.0
    9   17   48                                     4.0
    9   17   49                                    10.0
    9   17   50                                     3.0
    9   17   54                                     2.0
    9   17   55                                     7.0
    9   17   57                                     3.0
    9   17   58                                     2.0
    9   17   87                                     2.0
    9   18   22                                     1.0
    9   18   25                                     2.0
    9   18   42                                     1.0
    9   18   43                                     6.0
    9   18   45                                     4.0
    9   18   47                                     3.0
    9   18   48                                     5.0
    9   18   49                                     5.0
    9   18   50                                     5.0
    9   18   55                                     4.0
    9   18   56                                     2.0
    9   18   57                                     3.0
    9   18   58                                     3.0
    9   18   66                                     1.0
    9   18   68                                     1.0
    9   18   69                                     1.0
    9   18   87                                     1.0
    9   19   22                                     1.0
    9   19   25                                     1.0
    9   19   30                                     1.0
    9   19   41                                     1.0
    9   19   42                                     3.0
    9   19   43                                     3.0
    9   19   45                                     4.0
    9   19   48                                     3.0
    9   19   49                                     1.0
    9   19   50                                     2.0
    9   19   52                                     2.0
    9   19   53                                     2.0
    9   19   55                                     3.0
    9   19   56                                     1.0
    9   19   57                                     4.0
    9   19   58                                     3.0
    9   19   62                                     1.0
    9   19   66                                     1.0
    9   19   68                                     2.0
    9   19   69                                     2.0
    9   19   77                                     1.0
    9   20   20                                     1.0
    9   20   25                                     1.0
    9   20   42                                     3.0
    9   20   44                                     4.0
    9   20   48                                    11.0
    9   20   49                                     2.0
    9   20   50                                     1.0
    9   20   52                                     2.0
    9   20   53                                     2.0
    9   20   57                                     2.0
    9   20   58                                     3.0
    9   20   66                                     2.0
    9   20   69                                     2.0
    9   20   80                                     1.0
    9   21   42                                     5.0
    9   21   48                                     2.0
    9   21   49                                     1.0
    9   21   51                                     1.0
    9   21   53                                     2.0
    9   21   56                                     1.0
    9   21   57                                     2.0
    9   21   59                                     7.0
    9   21   61                                     2.0
    9   21   62                                     2.0
    9   21   63                                     3.0
    9   21   68                                     1.0
    9   21   69                                     1.0
    9   21   70                                     1.0
    9   21   71                                     1.0
    9   21   73                                     2.0
    9   21   84                                     1.0
    9   22   49                                     1.0
    9   22   52                                     2.0
    9   22   53                                     1.0
    9   22   54                                     1.0
    9   22   57                                     1.0
    9   22   58                                     3.0
    9   22   59                                     4.0
    9   22   61                                     3.0
    9   22   62                                     2.0
    9   22   63                                     3.0
    9   22   66                                     3.0
    9   22   67                                     3.0
    9   22   68                                    12.0
    9   22   71                                     2.0
    9   22   73                                     9.0
    9   22   81                                     1.0
    9   22   86                                     4.0
    9   22   87                                     1.0
    9   22   88                                     2.0
    9   22   90                                     2.0
    9   22   91                                     4.0
    9   23   48                                     1.0
    9   23   50                                     2.0
    9   23   51                                     1.0
    9   23   52                                     2.0
    9   23   63                                     2.0
    9   23   67                                     2.0
    9   23   68                                     5.0
    9   23   69                                     2.0
    9   23   70                                     2.0
    9   23   71                                     2.0
    9   23   73                                     3.0
    9   23   81                                     2.0
    9   23   84                                     3.0
    9   23   85                                     2.0
    9   23   86                                     4.0
    9   23   87                                     4.0
    9   23   88                                     4.0
    9   23   90                                     2.0
    9   23   91                                     4.0
    9   23   96                                     2.0
    9   24   43                                     1.0
    9   24   48                                     5.0
    9   24   50                                     4.0
    9   24   52                                     3.0
    9   24   53                                     2.0
    9   24   54                                     1.0
    9   24   63                                     1.0
    9   24   64                                     1.0
    9   24   67                                     1.0
    9   24   68                                     2.0
    9   24   70                                     2.0
    9   24   71                                     1.0
    9   24   72                                     1.0
    9   24   73                                     4.0
    9   24   79                                     1.0
    9   24   80                                     2.0
    9   24   81                                     1.0
    9   24   84                                     1.0
    9   24   86                                     3.0
    9   24   87                                     3.0
    9   24   88                                     5.0
    9   24   91                                     3.0
    9   24   96                                     1.0
    9   25   38                                     1.0
    9   25   47                                     1.0
    9   25   54                                     4.0
    9   25   56                                     7.0
    9   25   64                                     1.0
    9   25   66                                     1.0
    9   25   67                                     2.0
    9   25   68                                     2.0
    9   25   71                                     1.0
    9   25   81                                     1.0
    9   25   85                                     1.0
    9   25   86                                     3.0
    9   25   91                                     1.0
    9   25   92                                     2.0
    9   25   95                                     1.0
    9   25   96                                     2.0
    9   26   54                                     3.0
    9   26   62                                     5.0
    9   26   66                                     5.0
    9   26   69                                     3.0
    9   26   72                                     1.0
    9   26   73                                     4.0
    9   26   75                                     2.0
    9   26   77                                     1.0
    9   26   84                                     1.0
    9   26   87                                     1.0
    9   26   88                                     3.0
    9   26   89                                     1.0
    9   26   97                                     4.0
    9   27   38                                     1.0
    9   27   52                                     1.0
    9   27   54                                     2.0
    9   27   65                                     1.0
    9   27   66                                     1.0
    9   27   67                                     1.0
    9   27   69                                     2.0
    9   27   74                                     1.0
    9   27   75                                     5.0
    9   27   77                                     3.0
    9   27   82                                     1.0
    9   27   85                                     4.0
    9   27   86                                     2.0
    9   27   87                                     1.0
    9   27   89                                     3.0
    9   27   94                                     3.0
    9   27   95                                     3.0
    9   27   96                                     3.0
    9   27   97                                     9.0
    9   28   66                                     1.0
    9   28   68                                     1.0
    9   28   70                                     1.0
    9   28   71                                     1.0
    9   28   75                                     1.0
    9   28   77                                     1.0
    9   28   85                                     2.0
    9   28   89                                     1.0
    9   28   91                                     1.0
    9   28   92                                     1.0
    9   28   93                                     2.0
    9   28   94                                     2.0
    9   28   95                                     2.0
    9   28   96                                     2.0
    9   28   97                                     3.0
    9   29   59                                     2.0
    9   29   73                                     1.0
    9   29   85                                     1.0
    9   29   87                                     1.0
    9   29   88                                     1.0
    9   29   89                                     1.0
    9   29   91                                     1.0
    9   29   92                                     2.0
    9   29   94                                     1.0
    9   29   95                                     1.0
    9   29   96                                     1.0
    9   29   97                                     3.0
    9   30   58                                     6.0
    9   30   59                                     5.0
    9   30   97                                     3.0
    9   31   78                                     1.0
    9   31   81                                     5.0
    9   31   84                                     2.0
    9   31   85                                     3.0
    9   31   88                                     1.0
    9   31   89                                     3.0
    9   31   93                                     3.0
    9   31   94                                     1.0
    9   31   96                                     1.0
    9   32   59                                     1.0
    9   32   72                                     1.0
    9   32   81                                     1.0
    9   32   82                                     1.0
    9   32   85                                     1.0
    9   32   93                                     2.0
    9   33   81                                     1.0
    9   33   85                                     1.0
    9   33   87                                     1.0
    9   33   94                                     1.0
    9   34   87                                     1.0
    9   34   94                                     1.0
    9   34   98                                     2.0
    9   34   99                                     1.0
    9   35   97                                     1.0
    9   36   89                                     1.0
   10   11   39                                     1.0
   10   11   43                                     1.0
   10   11   44                                     1.0
   10   11   59                                     1.0
   10   12   30                                     1.0
   10   12   33                                     1.0
   10   12   36                                     1.0
   10   12   39                                     1.0
   10   12   40                                     1.0
   10   12   41                                     1.0
   10   12   42                                     1.0
   10   12   45                                     1.0
   10   13   33                                     1.0
   10   13   35                                     1.0
   10   13   36                                     2.0
   10   13   37                                     1.0
   10   13   39                                     1.0
   10   13   40                                     1.0
   10   13   43                                     2.0
   10   13   47                                     2.0
   10   14   31                                     2.0
   10   14   32                                     2.0
   10   14   33                                     2.0
   10   14   35                                     2.0
   10   14   37                                     1.0
   10   14   41                                     2.0
   10   14   43                                     2.0
   10   14   45                                     1.0
   10   14   46                                     2.0
   10   14   87                                     1.0
   10   15   24                                     3.0
   10   15   29                                     4.0
   10   15   34                                     3.0
   10   15   37                                     3.0
   10   15   42                                     2.0
   10   15   49                                     2.0
   10   16   23                                     1.0
   10   16   24                                     4.0
   10   16   25                                     1.0
   10   16   26                                     3.0
   10   16   31                                     1.0
   10   16   32                                     1.0
   10   16   33                                     1.0
   10   16   34                                     1.0
   10   16   38                                     3.0
   10   16   39                                     1.0
   10   16   43                                     6.0
   10   16   45                                     7.0
   10   16   46                                     3.0
   10   16   47                                     1.0
   10   16   48                                     2.0
   10   16   49                                     3.0
   10   16   50                                     6.0
   10   16   87                                     1.0
   10   17   20                                     1.0
   10   17   24                                     1.0
   10   17   33                                     2.0
   10   17   34                                     2.0
   10   17   35                                     1.0
   10   17   38                                     1.0
   10   17   39                                     5.0
   10   17   41                                     1.0
   10   17   43                                     8.0
   10   17   44                                     2.0
   10   17   45                                     1.0
   10   17   46                                     5.0
   10   17   47                                     5.0
   10   17   48                                     1.0
   10   17   49                                     4.0
   10   17   50                                     8.0
   10   17   73                                     2.0
   10   18   21                                     1.0
   10   18   23                                     1.0
   10   18   24                                     1.0
   10   18   27                                     1.0
   10   18   33                                     3.0
   10   18   34                                     3.0
   10   18   35                                     6.0
   10   18   39                                     9.0
   10   18   43                                     4.0
   10   18   44                                     2.0
   10   18   46                                     6.0
   10   18   47                                     5.0
   10   18   48                                     3.0
   10   18   49                                     7.0
   10   18   50                                     4.0
   10   18   52                                     1.0
   10   18   54                                     1.0
   10   18   73                                     1.0
   10   19   19                                     1.0
   10   19   21                                     1.0
   10   19   23                                     1.0
   10   19   33                                     1.0
   10   19   34                                     3.0
   10   19   35                                     3.0
   10   19   38                                     2.0
   10   19   39                                     4.0
   10   19   40                                     1.0
   10   19   42                                     4.0
   10   19   43                                     1.0
   10   19   44                                     7.0
   10   19   45                                     2.0
   10   19   46                                     4.0
   10   19   47                                     5.0
   10   19   49                                     5.0
   10   19   50                                     3.0
   10   19   52                                     1.0
   10   19   55                                     2.0
   10   20   24                                     1.0
   10   20   25                                     2.0
   10   20   34                                     2.0
   10   20   35                                     7.0
   10   20   38                                     3.0
   10   20   39                                     4.0
   10   20   40                                     2.0
   10   20   41                                     4.0
   10   20   42                                     1.0
   10   20   43                                     3.0
   10   20   44                                     1.0
   10   20   45                                     1.0
   10   20   49                                     3.0
   10   20   50                                     3.0
   10   20   52                                     1.0
   10   20   55                                     1.0
   10   21   23                                     2.0
   10   21   26                                     1.0
   10   21   34                                     1.0
   10   21   35                                     2.0
   10   21   39                                     4.0
   10   21   41                                     3.0
   10   21   43                                     1.0
   10   21   44                                     2.0
   10   21   45                                     1.0
   10   21   47                                     2.0
   10   21   50                                     1.0
   10   21   52                                     4.0
   10   21   54                                     7.0
   10   21   56                                     3.0
   10   21   57                                     1.0
   10   21   62                                     3.0
   10   22   23                                     1.0
   10   22   34                                     1.0
   10   22   39                                     1.0
   10   22   42                                     3.0
   10   22   48                                     2.0
   10   22   49                                     1.0
   10   22   50                                     3.0
   10   22   51                                     1.0
   10   22   52                                     4.0
   10   22   53                                     1.0
   10   22   54                                     8.0
   10   22   55                                     4.0
   10   22   56                                    10.0
   10   22   58                                     1.0
   10   22   59                                     2.0
   10   22   60                                     1.0
   10   22   61                                     3.0
   10   22   62                                     9.0
   10   22   64                                     2.0
   10   22   65                                     6.0
   10   23   34                                     1.0
   10   23   35                                     2.0
   10   23   39                                     1.0
   10   23   42                                     2.0
   10   23   43                                     1.0
   10   23   44                                     1.0
   10   23   49                                     1.0
   10   23   51                                     1.0
   10   23   52                                     2.0
   10   23   53                                    12.0
   10   23   54                                     2.0
   10   23   55                                     3.0
   10   23   56                                     4.0
   10   23   57                                     1.0
   10   23   58                                     3.0
   10   23   59                                     3.0
   10   23   60                                     2.0
   10   23   61                                     7.0
   10   23   62                                     4.0
   10   23   64                                     2.0
   10   23   65                                     6.0
   10   23   71                                     2.0
   10   23   76                                     2.0
   10   23   78                                     2.0
   10   23   79                                     2.0
   10   23   80                                     2.0
   10   23   86                                     2.0
   10   23   87                                     2.0
   10   24   38                                     2.0
   10   24   39                                     2.0
   10   24   42                                     1.0
   10   24   44                                     2.0
   10   24   47                                     3.0
   10   24   49                                     5.0
   10   24   51                                     7.0
   10   24   52                                     1.0
   10   24   53                                     5.0
   10   24   54                                     1.0
   10   24   56                                     4.0
   10   24   57                                     2.0
   10   24   58                                     3.0
   10   24   59                                     4.0
   10   24   60                                     1.0
   10   24   61                                     3.0
   10   24   62                                     4.0
   10   24   63                                     1.0
   10   24   64                                     1.0
   10   24   65                                     4.0
   10   24   69                                     2.0
   10   24   70                                     1.0
   10   24   71                                     3.0
   10   24   76                                     1.0
   10   24   78                                     1.0
   10   24   80                                     2.0
   10   24   86                                     1.0
   10   24   87                                     1.0
   10   25   38                                     2.0
   10   25   39                                     2.0
   10   25   42                                     1.0
   10   25   47                                     1.0
   10   25   50                                     3.0
   10   25   52                                     1.0
   10   25   53                                     3.0
   10   25   54                                     6.0
   10   25   55                                     1.0
   10   25   56                                    12.0
   10   25   57                                     1.0
   10   25   58                                     1.0
   10   25   60                                     1.0
   10   25   61                                     4.0
   10   25   62                                     1.0
   10   25   63                                     1.0
   10   25   65                                     5.0
   10   25   66                                     1.0
   10   25   67                                     1.0
   10   25   69                                     3.0
   10   25   71                                     2.0
   10   25   72                                     1.0
   10   25   76                                     1.0
   10   25   79                                     1.0
   10   25   80                                     1.0
   10   25   81                                     1.0
   10   25   87                                     2.0
   10   26   31                                     1.0
   10   26   32                                     2.0
   10   26   34                                     1.0
   10   26   35                                     2.0
   10   26   38                                     2.0
   10   26   39                                     2.0
   10   26   50                                     5.0
   10   26   51                                     1.0
   10   26   54                                     1.0
   10   26   57                                     1.0
   10   26   59                                     2.0
   10   26   60                                     5.0
   10   26   61                                     3.0
   10   26   62                                     1.0
   10   26   63                                     2.0
   10   26   66                                     1.0
   10   26   69                                     1.0
   10   26   71                                     1.0
   10   26   72                                     1.0
   10   26   77                                     1.0
   10   26   78                                     1.0
   10   26   79                                     4.0
   10   26   80                                     1.0
   10   26   81                                     1.0
   10   26   88                                     3.0
   10   27   31                                     2.0
   10   27   32                                     1.0
   10   27   38                                     2.0
   10   27   39                                     2.0
   10   27   53                                     2.0
   10   27   54                                     1.0
   10   27   55                                     1.0
   10   27   56                                     1.0
   10   27   60                                     2.0
   10   27   62                                     1.0
   10   27   65                                     4.0
   10   27   66                                     4.0
   10   27   67                                     1.0
   10   27   68                                     1.0
   10   27   69                                     4.0
   10   27   71                                     1.0
   10   27   72                                     1.0
   10   27   73                                    12.0
   10   27   75                                     1.0
   10   27   78                                     3.0
   10   27   79                                     9.0
   10   27   84                                     1.0
   10   27   85                                     2.0
   10   27   86                                     3.0
   10   27   87                                     2.0
   10   27   88                                     3.0
   10   27   90                                     2.0
   10   27   91                                     1.0
   10   27   92                                     2.0
   10   27   93                                     4.0
   10   27   94                                     8.0
   10   27   96                                     8.0
   10   27   97                                     6.0
   10   28   32                                     1.0
   10   28   42                                     1.0
   10   28   45                                     2.0
   10   28   58                                     1.0
   10   28   59                                     1.0
   10   28   61                                     1.0
   10   28   62                                     1.0
   10   28   64                                     1.0
   10   28   65                                     1.0
   10   28   66                                     5.0
   10   28   70                                     1.0
   10   28   72                                     1.0
   10   28   73                                    10.0
   10   28   74                                     3.0
   10   28   77                                     1.0
   10   28   78                                     2.0
   10   28   79                                     3.0
   10   28   81                                     1.0
   10   28   82                                     2.0
   10   28   84                                     2.0
   10   28   85                                     4.0
   10   28   86                                     1.0
   10   28   91                                     1.0
   10   28   93                                     2.0
   10   28   94                                     4.0
   10   28   96                                     6.0
   10   28   97                                     5.0
   10   28   98                                     2.0
   10   29   31                                     1.0
   10   29   38                                     1.0
   10   29   39                                     2.0
   10   29   59                                     2.0
   10   29   61                                     2.0
   10   29   62                                     2.0
   10   29   72                                     1.0
   10   29   73                                     4.0
   10   29   74                                     4.0
   10   29   78                                     1.0
   10   29   79                                     3.0
   10   29   84                                     1.0
   10   29   85                                     5.0
   10   29   86                                     1.0
   10   29   89                                     2.0
   10   29   91                                     1.0
   10   29   93                                     1.0
   10   29   94                                     4.0
   10   29   96                                     3.0
   10   29   97                                     2.0
   10   29   98                                     1.0
   10   30   58                                     7.0
   10   30   59                                     4.0
   10   30   61                                     1.0
   10   30   70                                     1.0
   10   30   71                                     2.0
   10   30   75                                     1.0
   10   30   78                                     1.0
   10   30   79                                     4.0
   10   30   83                                     1.0
   10   30   84                                     1.0
   10   30   85                                     1.0
   10   30   86                                     1.0
   10   30   87                                     1.0
   10   30   88                                     1.0
   10   30   89                                     2.0
   10   30   91                                     1.0
   10   30   93                                     1.0
   10   30   94                                     4.0
   10   30   96                                     1.0
   10   30   97                                     2.0
   10   30   98                                     1.0
   10   31   59                                     1.0
   10   31   62                                     1.0
   10   31   68                                     1.0
   10   31   71                                     4.0
   10   31   72                                     4.0
   10   31   73                                     3.0
   10   31   74                                     6.0
   10   31   75                                     1.0
   10   31   82                                     5.0
   10   31   85                                     3.0
   10   31   93                                     3.0
   10   31   96                                     3.0
   10   31   97                                     2.0
   10   31   99                                     2.0
   10   32   57                                     2.0
   10   32   58                                     1.0
   10   32   67                                     2.0
   10   32   72                                     1.0
   10   32   75                                     1.0
   10   32   76                                     1.0
   10   32   81                                     1.0
   10   32   84                                     1.0
   10   32   85                                     2.0
   10   32   86                                     2.0
   10   32   88                                     1.0
   10   32   89                                     3.0
   10   32   90                                     2.0
   10   32   92                                     1.0
   10   32   93                                     2.0
   10   32   94                                     2.0
   10   32   95                                     2.0
   10   32   96                                     3.0
   10   32   97                                     8.0
   10   32   98                                     4.0
   10   32   99                                     3.0
   10   33   49                                     1.0
   10   33   55                                     1.0
   10   33   70                                     1.0
   10   33   71                                     1.0
   10   33   74                                     3.0
   10   33   86                                     1.0
   10   33   88                                     1.0
   10   33   89                                     1.0
   10   33   93                                     1.0
   10   33   94                                     1.0
   10   33   96                                     2.0
   10   33   97                                     2.0
   10   33   98                                     4.0
   10   33   99                                     1.0
   10   33  100                                     1.0
   10   34   37                                     1.0
   10   34   38                                     1.0
   10   34   73                                     1.0
   10   34   86                                     2.0
   10   34   88                                     1.0
   10   34   95                                     1.0
   10   34   97                                     2.0
   10   34   98                                     3.0
   10   34   99                                     3.0
   10   35   78                                     3.0
   10   35   79                                     1.0
   10   35   80                                     3.0
   10   35   93                                     1.0
   10   35   96                                     1.0
   10   35  100                                     1.0
   10   36   72                                     1.0
   10   36   76                                     1.0
   10   36   78                                     1.0
   10   36   79                                     3.0
   10   36   81                                     1.0
   10   36   89                                     1.0
   10   36   92                                     1.0
   10   36   93                                     3.0
   10   36   96                                     1.0
   10   36   97                                     1.0
   10   36   98                                     5.0
   10   37   82                                     1.0
   10   37   89                                     1.0
   10   37   91                                     2.0
   10   37   92                                     1.0
   10   37   93                                     1.0
   10   37   98                                     2.0
   10   38   97                                     2.0
   10   38   98                                     3.0
   10   38   99                                     1.0
   10   39   97                                     1.0
   10   40   97                                     1.0
   10   44   80                                     1.0
   10   44   81                                     1.0
   10   48   85                                     1.0
   11   11   35                                     1.0
   11   12   33                                     1.0
   11   12   39                                     1.0
   11   12   40                                     1.0
   11   12   43                                     1.0
   11   13   32                                     1.0
   11   13   35                                     2.0
   11   13   37                                     1.0
   11   13   38                                     2.0
   11   13   40                                     1.0
   11   13   43                                     1.0
   11   14   27                                     1.0
   11   14   28                                     2.0
   11   14   31                                     1.0
   11   14   34                                     3.0
   11   14   37                                     1.0
   11   14   41                                     1.0
   11   14   44                                     2.0
   11   14   49                                     1.0
   11   14   53                                     1.0
   11   15   21                                     1.0
   11   15   23                                     2.0
   11   15   24                                     2.0
   11   15   27                                     2.0
   11   15   28                                     1.0
   11   15   29                                     1.0
   11   15   31                                     2.0
   11   15   32                                     2.0
   11   15   38                                     1.0
   11   15   40                                     2.0
   11   15   42                                     2.0
   11   15   43                                     1.0
   11   15   44                                     1.0
   11   15   45                                     3.0
   11   15   48                                     1.0
   11   15   50                                     1.0
   11   15   73                                     1.0
   11   16   23                                     4.0
   11   16   24                                     2.0
   11   16   31                                     1.0
   11   16   32                                     1.0
   11   16   34                                     3.0
   11   16   37                                     3.0
   11   16   38                                     6.0
   11   16   40                                     3.0
   11   16   41                                     9.0
   11   16   44                                     1.0
   11   16   45                                     6.0
   11   16   48                                     1.0
   11   16   49                                     3.0
   11   16   51                                     1.0
   11   16   70                                     1.0
   11   17   22                                     2.0
   11   17   23                                     1.0
   11   17   24                                     1.0
   11   17   25                                     1.0
   11   17   27                                     1.0
   11   17   30                                     2.0
   11   17   31                                     8.0
   11   17   32                                     5.0
   11   17   34                                     1.0
   11   17   37                                     1.0
   11   17   38                                     6.0
   11   17   40                                     1.0
   11   17   41                                     6.0
   11   17   42                                     1.0
   11   17   43                                     2.0
   11   17   45                                     6.0
   11   17   46                                     3.0
   11   17   47                                     1.0
   11   17   48                                     2.0
   11   17   49                                     1.0
   11   17   50                                     1.0
   11   17   52                                     1.0
   11   17   69                                     1.0
   11   17   70                                     1.0
   11   18   20                                     1.0
   11   18   23                                     1.0
   11   18   27                                     4.0
   11   18   30                                     1.0
   11   18   31                                    10.0
   11   18   32                                     8.0
   11   18   34                                     1.0
   11   18   38                                     3.0
   11   18   40                                     2.0
   11   18   41                                     4.0
   11   18   42                                     2.0
   11   18   43                                     6.0
   11   18   44                                     1.0
   11   18   45                                    10.0
   11   18   46                                     2.0
   11   18   47                                     3.0
   11   18   48                                     2.0
   11   18   49                                     1.0
   11   18   50                                     3.0
   11   18   52                                     2.0
   11   19   21                                     1.0
   11   19   27                                     1.0
   11   19   31                                     3.0
   11   19   32                                     6.0
   11   19   35                                     2.0
   11   19   36                                     1.0
   11   19   38                                     4.0
   11   19   40                                     6.0
   11   19   41                                     1.0
   11   19   42                                    10.0
   11   19   43                                     4.0
   11   19   45                                     6.0
   11   19   47                                     4.0
   11   19   48                                     1.0
   11   19   49                                     4.0
   11   19   51                                     2.0
   11   20   27                                     1.0
   11   20   31                                     1.0
   11   20   32                                     3.0
   11   20   34                                     1.0
   11   20   36                                     2.0
   11   20   38                                     3.0
   11   20   41                                     5.0
   11   20   42                                     6.0
   11   20   43                                     3.0
   11   20   46                                     6.0
   11   20   47                                     1.0
   11   20   50                                     3.0
   11   20   51                                     2.0
   11   21   31                                     2.0
   11   21   32                                     4.0
   11   21   35                                     3.0
   11   21   44                                     3.0
   11   21   46                                     2.0
   11   21   48                                    10.0
   11   21   50                                     1.0
   11   21   51                                     3.0
   11   21   53                                     4.0
   11   21   54                                     5.0
   11   22   26                                     1.0
   11   22   33                                     2.0
   11   22   36                                     3.0
   11   22   37                                     1.0
   11   22   39                                     2.0
   11   22   40                                     6.0
   11   22   43                                     3.0
   11   22   44                                     7.0
   11   22   45                                     2.0
   11   22   46                                     4.0
   11   22   47                                    10.0
   11   22   48                                     6.0
   11   22   49                                     1.0
   11   22   50                                     3.0
   11   22   51                                     5.0
   11   22   52                                    11.0
   11   22   53                                     4.0
   11   22   54                                     5.0
   11   22   55                                     1.0
   11   22   56                                     1.0
   11   23   26                                     1.0
   11   23   30                                     1.0
   11   23   32                                     3.0
   11   23   33                                     1.0
   11   23   34                                     1.0
   11   23   35                                     7.0
   11   23   36                                     2.0
   11   23   37                                     2.0
   11   23   38                                     1.0
   11   23   39                                     1.0
   11   23   40                                     9.0
   11   23   41                                     1.0
   11   23   42                                     2.0
   11   23   43                                     6.0
   11   23   44                                     8.0
   11   23   45                                    13.0
   11   23   46                                     2.0
   11   23   47                                     9.0
   11   23   48                                     2.0
   11   23   50                                     6.0
   11   23   51                                     2.0
   11   23   52                                     8.0
   11   23   53                                     3.0
   11   23   54                                     6.0
   11   23   55                                     2.0
   11   24   26                                     1.0
   11   24   29                                     2.0
   11   24   30                                     1.0
   11   24   31                                     2.0
   11   24   33                                     1.0
   11   24   34                                     1.0
   11   24   35                                     2.0
   11   24   36                                     1.0
   11   24   37                                     1.0
   11   24   40                                     3.0
   11   24   43                                     1.0
   11   24   44                                     3.0
   11   24   45                                     9.0
   11   24   47                                     2.0
   11   24   48                                     7.0
   11   24   50                                     4.0
   11   24   51                                     2.0
   11   24   52                                     5.0
   11   24   53                                     2.0
   11   24   55                                     1.0
   11   24   56                                     3.0
   11   24   61                                     1.0
   11   25   28                                     1.0
   11   25   29                                     3.0
   11   25   30                                     2.0
   11   25   35                                     3.0
   11   25   36                                     1.0
   11   25   37                                     1.0
   11   25   40                                     3.0
   11   25   43                                     2.0
   11   25   44                                     2.0
   11   25   45                                     3.0
   11   25   47                                     4.0
   11   25   48                                     1.0
   11   25   49                                     6.0
   11   25   51                                     8.0
   11   25   52                                     3.0
   11   25   54                                    11.0
   11   25   57                                     3.0
   11   26   29                                     1.0
   11   26   32                                     1.0
   11   26   33                                     1.0
   11   26   35                                     2.0
   11   26   36                                     1.0
   11   26   44                                     1.0
   11   26   45                                     2.0
   11   26   46                                     1.0
   11   26   50                                     1.0
   11   26   51                                     1.0
   11   26   55                                     7.0
   11   26   56                                     2.0
   11   26   57                                     1.0
   11   26   58                                     2.0
   11   26   62                                     3.0
   11   26   64                                     2.0
   11   26   65                                     7.0
   11   26   66                                     1.0
   11   26   68                                     1.0
   11   26   70                                     4.0
   11   26   73                                     3.0
   11   27   28                                     2.0
   11   27   29                                     1.0
   11   27   30                                     2.0
   11   27   37                                     1.0
   11   27   39                                     3.0
   11   27   40                                     3.0
   11   27   43                                     1.0
   11   27   44                                     1.0
   11   27   45                                     3.0
   11   27   47                                     3.0
   11   27   49                                     2.0
   11   27   50                                     1.0
   11   27   51                                     1.0
   11   27   53                                     6.0
   11   27   54                                     3.0
   11   27   55                                     4.0
   11   27   56                                     5.0
   11   27   57                                    12.0
   11   27   58                                     7.0
   11   27   62                                     3.0
   11   27   63                                     1.0
   11   27   64                                     6.0
   11   27   65                                     9.0
   11   27   66                                     7.0
   11   27   67                                     9.0
   11   27   68                                     4.0
   11   27   69                                     1.0
   11   27   70                                     2.0
   11   27   71                                     3.0
   11   27   72                                     1.0
   11   27   73                                     4.0
   11   27   80                                     2.0
   11   27   83                                     1.0
   11   28   34                                     1.0
   11   28   42                                     1.0
   11   28   44                                     2.0
   11   28   45                                     8.0
   11   28   46                                     2.0
   11   28   47                                     2.0
   11   28   52                                     4.0
   11   28   53                                     1.0
   11   28   54                                     7.0
   11   28   55                                     2.0
   11   28   56                                     2.0
   11   28   57                                     1.0
   11   28   58                                     5.0
   11   28   59                                     1.0
   11   28   62                                     3.0
   11   28   63                                     3.0
   11   28   64                                    10.0
   11   28   65                                     3.0
   11   28   66                                     6.0
   11   28   67                                     3.0
   11   28   68                                     3.0
   11   28   69                                     2.0
   11   28   70                                     4.0
   11   28   71                                     1.0
   11   28   72                                     2.0
   11   28   73                                     2.0
   11   28   80                                     4.0
   11   28   83                                     2.0
   11   28   88                                     1.0
   11   29   36                                     2.0
   11   29   38                                     1.0
   11   29   39                                     3.0
   11   29   43                                     6.0
   11   29   45                                     2.0
   11   29   47                                     1.0
   11   29   53                                     1.0
   11   29   54                                     3.0
   11   29   58                                     2.0
   11   29   59                                     9.0
   11   29   62                                     3.0
   11   29   63                                     2.0
   11   29   64                                     7.0
   11   29   65                                     2.0
   11   29   66                                     3.0
   11   29   67                                     3.0
   11   29   68                                     2.0
   11   29   70                                     3.0
   11   29   72                                     1.0
   11   29   73                                     1.0
   11   29   80                                     1.0
   11   29   81                                     2.0
   11   29   83                                     1.0
   11   30   33                                     3.0
   11   30   36                                     1.0
   11   30   39                                     3.0
   11   30   43                                     3.0
   11   30   45                                     2.0
   11   30   47                                     1.0
   11   30   53                                     1.0
   11   30   54                                     3.0
   11   30   56                                    13.0
   11   30   58                                     8.0
   11   30   59                                     3.0
   11   30   61                                     4.0
   11   30   62                                     1.0
   11   30   63                                     3.0
   11   30   64                                     6.0
   11   30   65                                     3.0
   11   30   66                                     5.0
   11   30   67                                     6.0
   11   30   69                                     1.0
   11   30   70                                     3.0
   11   30   81                                     1.0
   11   30   83                                     1.0
   11   31   36                                     1.0
   11   31   39                                     3.0
   11   31   43                                     3.0
   11   31   44                                     2.0
   11   31   45                                     2.0
   11   31   51                                     3.0
   11   31   53                                     1.0
   11   31   54                                     6.0
   11   31   62                                     2.0
   11   31   63                                     5.0
   11   31   64                                     3.0
   11   31   65                                     1.0
   11   31   66                                     1.0
   11   31   67                                     3.0
   11   31   68                                     5.0
   11   31   69                                     2.0
   11   31   70                                     1.0
   11   31   72                                     4.0
   11   31   73                                     1.0
   11   31   79                                     2.0
   11   31   80                                     8.0
   11   31   81                                     1.0
   11   31   84                                     1.0
   11   31   90                                     1.0
   11   31   95                                     2.0
   11   32   46                                     2.0
   11   32   47                                     1.0
   11   32   51                                     2.0
   11   32   53                                     1.0
   11   32   54                                     1.0
   11   32   58                                     3.0
   11   32   59                                     1.0
   11   32   62                                     2.0
   11   32   63                                     5.0
   11   32   64                                     5.0
   11   32   65                                     4.0
   11   32   66                                     2.0
   11   32   67                                     5.0
   11   32   68                                     1.0
   11   32   69                                     2.0
   11   32   70                                     1.0
   11   32   71                                     2.0
   11   32   72                                    12.0
   11   32   73                                     1.0
   11   32   74                                     4.0
   11   32   75                                     2.0
   11   32   79                                     2.0
   11   32   80                                     8.0
   11   32   81                                     1.0
   11   32   83                                     1.0
   11   32   86                                     3.0
   11   32   87                                     3.0
   11   32   88                                     9.0
   11   32   90                                     3.0
   11   32   91                                     2.0
   11   32   92                                     6.0
   11   32   95                                     6.0
   11   32   97                                     4.0
   11   33   35                                     1.0
   11   33   39                                     5.0
   11   33   43                                     3.0
   11   33   45                                     4.0
   11   33   48                                     2.0
   11   33   51                                     1.0
   11   33   59                                     2.0
   11   33   64                                     3.0
   11   33   65                                     1.0
   11   33   67                                     1.0
   11   33   69                                     1.0
   11   33   70                                     2.0
   11   33   72                                     6.0
   11   33   74                                     4.0
   11   33   75                                     2.0
   11   33   79                                     4.0
   11   33   80                                     9.0
   11   33   84                                     3.0
   11   33   85                                     2.0
   11   33   86                                     2.0
   11   33   87                                     2.0
   11   33   88                                     5.0
   11   33   89                                     1.0
   11   33   90                                     1.0
   11   33   91                                     2.0
   11   33   92                                     6.0
   11   33   95                                     2.0
   11   33   97                                     1.0
   11   34   51                                     1.0
   11   34   59                                     1.0
   11   34   62                                     1.0
   11   34   63                                     1.0
   11   34   64                                     5.0
   11   34   65                                     2.0
   11   34   71                                     1.0
   11   34   72                                     3.0
   11   34   74                                     3.0
   11   34   75                                     1.0
   11   34   79                                     4.0
   11   34   80                                     2.0
   11   34   82                                     1.0
   11   34   84                                     2.0
   11   34   85                                     2.0
   11   34   86                                     1.0
   11   34   87                                     1.0
   11   34   88                                     2.0
   11   34   89                                     1.0
   11   34   90                                     1.0
   11   34   91                                     1.0
   11   34   92                                     3.0
   11   34   95                                     1.0
   11   34   97                                     1.0
   11   35   36                                     1.0
   11   35   48                                     1.0
   11   35   49                                     2.0
   11   35   51                                     1.0
   11   35   54                                     2.0
   11   35   55                                     1.0
   11   35   56                                     3.0
   11   35   59                                     1.0
   11   35   64                                     1.0
   11   35   65                                     1.0
   11   35   66                                     4.0
   11   35   68                                     2.0
   11   35   69                                     2.0
   11   35   70                                     1.0
   11   35   71                                     1.0
   11   35   72                                     2.0
   11   35   73                                     5.0
   11   35   75                                     1.0
   11   35   78                                     1.0
   11   35   79                                     4.0
   11   35   80                                     5.0
   11   35   85                                     2.0
   11   35   91                                     1.0
   11   35   92                                     3.0
   11   36   38                                     2.0
   11   36   47                                     1.0
   11   36   51                                     1.0
   11   36   52                                     1.0
   11   36   59                                     1.0
   11   36   72                                     3.0
   11   36   73                                     2.0
   11   36   74                                     1.0
   11   36   75                                     2.0
   11   36   76                                     2.0
   11   36   79                                     3.0
   11   36   80                                     1.0
   11   36   85                                     1.0
   11   36   86                                     1.0
   11   36   88                                     1.0
   11   36   89                                     3.0
   11   36   90                                     3.0
   11   36   95                                     1.0
   11   36   97                                     2.0
   11   36   98                                     2.0
   11   36   99                                     6.0
   11   37   42                                     1.0
   11   37   43                                     2.0
   11   37   51                                     2.0
   11   37   52                                     1.0
   11   37   53                                     2.0
   11   37   62                                     1.0
   11   37   64                                     1.0
   11   37   74                                     4.0
   11   37   76                                     2.0
   11   37   77                                     2.0
   11   37   81                                     1.0
   11   37   90                                     6.0
   11   37   92                                     2.0
   11   37   93                                     1.0
   11   37   98                                     3.0
   11   37   99                                     9.0
   11   38   63                                     3.0
   11   38   75                                     2.0
   11   38   76                                     2.0
   11   38   77                                     2.0
   11   38   78                                     1.0
   11   38   79                                     2.0
   11   38   80                                     1.0
   11   38   81                                     2.0
   11   38   83                                     1.0
   11   38   86                                     2.0
   11   38   87                                     1.0
   11   38   89                                     1.0
   11   38   90                                     2.0
   11   38   91                                     2.0
   11   38   95                                     2.0
   11   38   98                                     1.0
   11   38   99                                     3.0
   11   39   42                                     1.0
   11   39   62                                     1.0
   11   39   63                                     1.0
   11   39   65                                     2.0
   11   39   66                                     1.0
   11   39   68                                     2.0
   11   39   69                                     2.0
   11   39   77                                     1.0
   11   39   80                                     1.0
   11   39   81                                     5.0
   11   39   90                                     2.0
   11   39   96                                     1.0
   11   39   99                                     4.0
   11   39  100                                     1.0
   11   40   51                                     1.0
   11   40   57                                     1.0
   11   40   58                                     1.0
   11   40   76                                     1.0
   11   40   77                                     1.0
   11   40   80                                     1.0
   11   40   81                                     1.0
   11   40   88                                     1.0
   11   40   98                                     2.0
   11   40   99                                     2.0
   11   41   87                                     1.0
   11   41   88                                     2.0
   11   41   89                                     1.0
   11   41   90                                     4.0
   11   41   95                                     1.0
   11   41   96                                     1.0
   11   41   98                                     2.0
   11   42   54                                     1.0
   11   42   79                                     1.0
   11   42   80                                     2.0
   11   42   81                                     1.0
   11   42   90                                     3.0
   11   42   91                                     1.0
   11   43   54                                     2.0
   11   43   64                                     3.0
   11   43   72                                     2.0
   11   43   77                                     1.0
   11   43   99                                     3.0
   11   43  100                                     1.0
   11   44   75                                     1.0
   11   44   76                                     3.0
   11   44   79                                     1.0
   11   44   93                                     2.0
   11   44   94                                     1.0
   11   45   57                                     1.0
   11   46   56                                     1.0
   11   46   76                                     2.0
   11   46   82                                     1.0
   11   46   91                                     2.0
   11   47   68                                     1.0
   11   48   53                                     1.0
   11   48   99                                     1.0
   11   49   80                                     1.0
   11   49   83                                     1.0
   11   51   69                                     1.0
   11   51   95                                     1.0
   11   52   68                                     1.0
   11   52   69                                     1.0
   11   52   71                                     1.0
   11   52   81                                     2.0
   11   58   93                                     1.0
   11   60   97                                     1.0
   12   13   31                                     1.0
   12   13   34                                     1.0
   12   13   43                                     1.0
   12   14   23                                     1.0
   12   14   27                                     1.0
   12   14   28                                     2.0
   12   14   32                                     1.0
   12   14   33                                     1.0
   12   14   37                                     2.0
   12   14   39                                     1.0
   12   14   41                                     1.0
   12   14   44                                     1.0
   12   14   49                                     1.0
   12   14   51                                     1.0
   12   15   21                                     2.0
   12   15   23                                     2.0
   12   15   24                                     3.0
   12   15   30                                     2.0
   12   15   32                                     1.0
   12   15   34                                     1.0
   12   15   37                                     1.0
   12   15   38                                     5.0
   12   15   40                                     3.0
   12   15   41                                     5.0
   12   15   44                                     1.0
   12   15   45                                     1.0
   12   15   46                                     1.0
   12   15   47                                     1.0
   12   15   49                                     1.0
   12   15   50                                     1.0
   12   15   70                                     1.0
   12   16   20                                     1.0
   12   16   21                                     1.0
   12   16   22                                     3.0
   12   16   23                                     3.0
   12   16   27                                     3.0
   12   16   28                                     2.0
   12   16   30                                     5.0
   12   16   31                                     3.0
   12   16   32                                     1.0
   12   16   34                                    10.0
   12   16   37                                     6.0
   12   16   38                                     2.0
   12   16   41                                     3.0
   12   16   42                                     1.0
   12   16   43                                     1.0
   12   16   45                                     1.0
   12   16   46                                     1.0
   12   16   47                                     2.0
   12   16   51                                     1.0
   12   16   85                                     1.0
   12   16   97                                     1.0
   12   17   19                                     2.0
   12   17   20                                     1.0
   12   17   21                                     2.0
   12   17   22                                     1.0
   12   17   23                                     2.0
   12   17   24                                     2.0
   12   17   27                                     2.0
   12   17   28                                     5.0
   12   17   30                                     7.0
   12   17   34                                     4.0
   12   17   37                                     2.0
   12   17   38                                     1.0
   12   17   41                                     3.0
   12   17   42                                     3.0
   12   17   43                                     2.0
   12   17   44                                     1.0
   12   17   46                                     1.0
   12   17   47                                     1.0
   12   17   48                                     1.0
   12   17   51                                     1.0
   12   17   68                                     2.0
   12   17   85                                     2.0
   12   17   97                                     1.0
   12   18   19                                     1.0
   12   18   21                                     3.0
   12   18   23                                     3.0
   12   18   27                                     1.0
   12   18   28                                     2.0
   12   18   30                                     3.0
   12   18   34                                     2.0
   12   18   37                                     2.0
   12   18   38                                     1.0
   12   18   40                                     2.0
   12   18   41                                     2.0
   12   18   42                                     2.0
   12   18   43                                     1.0
   12   18   44                                     4.0
   12   18   45                                     2.0
   12   18   46                                     2.0
   12   18   49                                     1.0
   12   18   51                                     1.0
   12   18   52                                     1.0
   12   18   97                                     2.0
   12   19   20                                     1.0
   12   19   21                                     2.0
   12   19   23                                     2.0
   12   19   24                                     1.0
   12   19   27                                     2.0
   12   19   28                                     1.0
   12   19   29                                     1.0
   12   19   30                                     1.0
   12   19   31                                     1.0
   12   19   32                                     1.0
   12   19   34                                     1.0
   12   19   35                                     1.0
   12   19   36                                     2.0
   12   19   37                                     2.0
   12   19   38                                     2.0
   12   19   39                                     4.0
   12   19   41                                     4.0
   12   19   42                                     2.0
   12   19   43                                     3.0
   12   19   44                                     2.0
   12   19   46                                     5.0
   12   19   49                                     2.0
   12   19   51                                     1.0
   12   20   23                                     1.0
   12   20   28                                     2.0
   12   20   30                                     2.0
   12   20   31                                     2.0
   12   20   34                                     4.0
   12   20   37                                     3.0
   12   20   38                                     6.0
   12   20   39                                     3.0
   12   20   41                                     1.0
   12   20   42                                     2.0
   12   20   43                                     2.0
   12   20   45                                     2.0
   12   20   50                                     1.0
   12   21   26                                     2.0
   12   21   34                                     2.0
   12   21   37                                     3.0
   12   21   39                                     3.0
   12   21   40                                     2.0
   12   21   41                                     3.0
   12   21   42                                     6.0
   12   21   43                                     1.0
   12   21   44                                     4.0
   12   21   46                                     1.0
   12   21   47                                     7.0
   12   21   48                                     1.0
   12   21   49                                     2.0
   12   21   51                                     1.0
   12   21   52                                     1.0
   12   21   53                                     1.0
   12   21   98                                     1.0
   12   22   30                                     5.0
   12   22   32                                     3.0
   12   22   34                                    12.0
   12   22   37                                     4.0
   12   22   38                                     2.0
   12   22   39                                    10.0
   12   22   40                                     8.0
   12   22   41                                     1.0
   12   22   42                                     4.0
   12   22   43                                     4.0
   12   22   44                                     3.0
   12   22   45                                     1.0
   12   22   46                                     4.0
   12   22   47                                     3.0
   12   22   48                                     3.0
   12   22   51                                     1.0
   12   22   98                                     1.0
   12   23   26                                     1.0
   12   23   27                                     1.0
   12   23   28                                     4.0
   12   23   30                                     5.0
   12   23   31                                     2.0
   12   23   32                                     1.0
   12   23   34                                    14.0
   12   23   35                                     2.0
   12   23   37                                     6.0
   12   23   39                                     3.0
   12   23   40                                     8.0
   12   23   41                                     3.0
   12   23   42                                     3.0
   12   23   43                                     1.0
   12   23   44                                     3.0
   12   23   46                                     1.0
   12   23   47                                     1.0
   12   23   48                                     3.0
   12   23   49                                     2.0
   12   23   50                                     1.0
   12   23   51                                     2.0
   12   23   54                                     1.0
   12   23   56                                     1.0
   12   23   85                                     3.0
   12   23   98                                     3.0
   12   24   27                                     4.0
   12   24   28                                     1.0
   12   24   30                                     3.0
   12   24   31                                     1.0
   12   24   34                                     7.0
   12   24   35                                     1.0
   12   24   37                                     3.0
   12   24   39                                     2.0
   12   24   40                                     1.0
   12   24   41                                     1.0
   12   24   42                                     1.0
   12   24   46                                     1.0
   12   24   49                                     4.0
   12   24   51                                     3.0
   12   24   54                                     1.0
   12   25   27                                     2.0
   12   25   31                                     1.0
   12   25   34                                     2.0
   12   25   35                                     1.0
   12   25   37                                     3.0
   12   25   39                                     1.0
   12   25   40                                     5.0
   12   25   44                                     3.0
   12   25   46                                     1.0
   12   25   47                                     3.0
   12   25   48                                     3.0
   12   25   49                                     5.0
   12   25   51                                     1.0
   12   25   52                                     1.0
   12   25   53                                     1.0
   12   25   54                                     3.0
   12   25   56                                     6.0
   12   26   26                                     1.0
   12   26   27                                     2.0
   12   26   28                                     1.0
   12   26   33                                     1.0
   12   26   34                                     4.0
   12   26   37                                     1.0
   12   26   45                                     4.0
   12   26   47                                     3.0
   12   26   48                                     5.0
   12   26   50                                     4.0
   12   26   51                                     6.0
   12   26   52                                     1.0
   12   26   54                                     2.0
   12   26   55                                     4.0
   12   26   61                                     1.0
   12   27   33                                     1.0
   12   27   37                                     1.0
   12   27   38                                     4.0
   12   27   39                                     2.0
   12   27   40                                     1.0
   12   27   44                                     8.0
   12   27   45                                     2.0
   12   27   46                                     6.0
   12   27   47                                     8.0
   12   27   48                                     4.0
   12   27   49                                     1.0
   12   27   50                                     2.0
   12   27   51                                     2.0
   12   27   52                                     7.0
   12   27   53                                     2.0
   12   27   55                                     4.0
   12   27   56                                     4.0
   12   27   57                                     4.0
   12   27   59                                     3.0
   12   27   62                                     3.0
   12   27   66                                     1.0
   12   28   34                                     2.0
   12   28   36                                     1.0
   12   28   37                                     1.0
   12   28   38                                     2.0
   12   28   39                                     4.0
   12   28   41                                     9.0
   12   28   42                                     3.0
   12   28   43                                     1.0
   12   28   44                                     6.0
   12   28   45                                     2.0
   12   28   46                                     3.0
   12   28   47                                     6.0
   12   28   48                                     6.0
   12   28   50                                     1.0
   12   28   51                                     1.0
   12   28   52                                     4.0
   12   28   53                                     3.0
   12   28   55                                     4.0
   12   28   56                                     2.0
   12   28   57                                     3.0
   12   28   58                                     1.0
   12   28   59                                     3.0
   12   28   62                                     2.0
   12   28   74                                     1.0
   12   29   32                                     4.0
   12   29   33                                     5.0
   12   29   35                                     1.0
   12   29   36                                     2.0
   12   29   37                                     1.0
   12   29   38                                     2.0
   12   29   39                                     1.0
   12   29   40                                     2.0
   12   29   41                                     3.0
   12   29   42                                     4.0
   12   29   44                                     3.0
   12   29   45                                     3.0
   12   29   46                                     2.0
   12   29   47                                     5.0
   12   29   48                                     1.0
   12   29   50                                     1.0
   12   29   52                                     3.0
   12   29   53                                     2.0
   12   29   55                                     1.0
   12   29   56                                     1.0
   12   29   57                                     1.0
   12   29   58                                     5.0
   12   29   59                                     1.0
   12   29   62                                     1.0
   12   29   85                                     1.0
   12   30   31                                     1.0
   12   30   32                                     2.0
   12   30   33                                     2.0
   12   30   35                                     2.0
   12   30   36                                     2.0
   12   30   37                                     1.0
   12   30   38                                     1.0
   12   30   39                                     1.0
   12   30   40                                     1.0
   12   30   42                                     1.0
   12   30   44                                     2.0
   12   30   45                                     1.0
   12   30   46                                     3.0
   12   30   47                                     3.0
   12   30   48                                     1.0
   12   30   52                                     2.0
   12   30   53                                     3.0
   12   30   55                                     3.0
   12   30   56                                     2.0
   12   30   57                                     7.0
   12   30   58                                     4.0
   12   30   59                                     1.0
   12   30   62                                     1.0
   12   30   71                                     1.0
   12   31   32                                     4.0
   12   31   35                                     2.0
   12   31   36                                     1.0
   12   31   37                                     1.0
   12   31   38                                     1.0
   12   31   41                                     3.0
   12   31   42                                     2.0
   12   31   44                                     1.0
   12   31   47                                     2.0
   12   31   48                                     1.0
   12   31   50                                     2.0
   12   31   51                                     1.0
   12   31   53                                     1.0
   12   31   54                                     4.0
   12   31   57                                     1.0
   12   31   58                                     1.0
   12   31   60                                     1.0
   12   31   62                                     1.0
   12   31   64                                     1.0
   12   31   65                                     2.0
   12   31   73                                     2.0
   12   31   74                                     2.0
   12   31   76                                     2.0
   12   31   77                                     2.0
   12   31   80                                     2.0
   12   32   37                                     1.0
   12   32   40                                     1.0
   12   32   43                                     1.0
   12   32   45                                     1.0
   12   32   46                                     3.0
   12   32   47                                     2.0
   12   32   49                                     1.0
   12   32   50                                     7.0
   12   32   52                                     1.0
   12   32   53                                     4.0
   12   32   54                                     4.0
   12   32   55                                     9.0
   12   32   56                                     1.0
   12   32   57                                     1.0
   12   32   58                                     4.0
   12   32   60                                     1.0
   12   32   61                                     3.0
   12   32   62                                     1.0
   12   32   63                                     5.0
   12   32   64                                     7.0
   12   32   65                                     6.0
   12   32   70                                     3.0
   12   32   71                                     5.0
   12   32   73                                     2.0
   12   32   74                                     1.0
   12   32   75                                     1.0
   12   32   76                                     3.0
   12   32   77                                     3.0
   12   32   80                                     2.0
   12   32   81                                     3.0
   12   32   82                                     2.0
   12   32   89                                     3.0
   12   32   98                                     1.0
   12   32   99                                     1.0
   12   33   35                                     1.0
   12   33   38                                     3.0
   12   33   40                                     6.0
   12   33   41                                     2.0
   12   33   42                                     2.0
   12   33   43                                     2.0
   12   33   44                                     2.0
   12   33   45                                     2.0
   12   33   46                                     3.0
   12   33   48                                     1.0
   12   33   50                                     8.0
   12   33   51                                     1.0
   12   33   52                                     2.0
   12   33   53                                     4.0
   12   33   54                                     1.0
   12   33   55                                     3.0
   12   33   58                                     6.0
   12   33   60                                     3.0
   12   33   61                                     6.0
   12   33   63                                     1.0
   12   33   64                                     5.0
   12   33   65                                     3.0
   12   33   69                                     1.0
   12   33   70                                     2.0
   12   33   71                                     4.0
   12   33   73                                     3.0
   12   33   76                                     3.0
   12   33   77                                     2.0
   12   33   80                                     1.0
   12   33   81                                     4.0
   12   33   82                                     2.0
   12   33   83                                     2.0
   12   33   89                                     2.0
   12   33   99                                     2.0
   12   34   36                                     1.0
   12   34   37                                     1.0
   12   34   38                                     3.0
   12   34   40                                     3.0
   12   34   41                                     4.0
   12   34   45                                     1.0
   12   34   47                                     1.0
   12   34   48                                     1.0
   12   34   49                                     2.0
   12   34   50                                     5.0
   12   34   51                                     1.0
   12   34   53                                     5.0
   12   34   54                                     3.0
   12   34   55                                     3.0
   12   34   57                                     1.0
   12   34   58                                     4.0
   12   34   60                                     1.0
   12   34   61                                     3.0
   12   34   62                                     1.0
   12   34   63                                     1.0
   12   34   64                                     1.0
   12   34   65                                     2.0
   12   34   70                                     1.0
   12   34   71                                     1.0
   12   34   72                                     2.0
   12   34   73                                     3.0
   12   34   76                                     1.0
   12   34   77                                     3.0
   12   34   80                                     1.0
   12   34   81                                     2.0
   12   34   82                                     1.0
   12   34   83                                     1.0
   12   34   89                                     1.0
   12   34   95                                     1.0
   12   34   99                                     1.0
   12   35   37                                     1.0
   12   35   38                                     1.0
   12   35   39                                     2.0
   12   35   41                                     2.0
   12   35   45                                     1.0
   12   35   49                                     1.0
   12   35   50                                     5.0
   12   35   51                                     1.0
   12   35   52                                     1.0
   12   35   53                                     2.0
   12   35   54                                     3.0
   12   35   55                                     3.0
   12   35   56                                     1.0
   12   35   58                                     3.0
   12   35   60                                     2.0
   12   35   61                                     3.0
   12   35   62                                     2.0
   12   35   63                                     1.0
   12   35   64                                     3.0
   12   35   65                                     2.0
   12   35   67                                     1.0
   12   35   70                                     6.0
   12   35   72                                     4.0
   12   35   74                                     1.0
   12   35   76                                     2.0
   12   35   77                                     1.0
   12   35   78                                     1.0
   12   35   79                                     2.0
   12   35   81                                     1.0
   12   35   82                                     1.0
   12   35   84                                     1.0
   12   35   89                                     1.0
   12   36   47                                     1.0
   12   36   50                                     2.0
   12   36   51                                     1.0
   12   36   52                                     1.0
   12   36   53                                     1.0
   12   36   58                                     3.0
   12   36   60                                     2.0
   12   36   61                                     2.0
   12   36   62                                     1.0
   12   36   65                                     2.0
   12   36   70                                     1.0
   12   36   71                                     1.0
   12   36   72                                     3.0
   12   36   74                                     2.0
   12   36   76                                     7.0
   12   36   77                                     1.0
   12   36   79                                     4.0
   12   36   80                                     1.0
   12   36   82                                     1.0
   12   36   84                                     1.0
   12   36   86                                     1.0
   12   36   88                                     5.0
   12   36   90                                     1.0
   12   36   93                                     2.0
   12   36   95                                     1.0
   12   36   96                                     3.0
   12   36   97                                     2.0
   12   36  100                                     1.0
   12   37   38                                     1.0
   12   37   39                                     1.0
   12   37   41                                     2.0
   12   37   46                                     2.0
   12   37   50                                     5.0
   12   37   51                                     3.0
   12   37   53                                     2.0
   12   37   54                                     5.0
   12   37   58                                     2.0
   12   37   60                                     3.0
   12   37   62                                     2.0
   12   37   63                                     1.0
   12   37   64                                     2.0
   12   37   65                                     9.0
   12   37   70                                     1.0
   12   37   76                                    10.0
   12   37   77                                     2.0
   12   37   78                                     9.0
   12   37   80                                     1.0
   12   37   81                                     2.0
   12   37   82                                     5.0
   12   37   84                                     1.0
   12   37   88                                     5.0
   12   37   89                                     4.0
   12   37   90                                     3.0
   12   37   93                                     1.0
   12   37   94                                     2.0
   12   37   96                                     2.0
   12   37   97                                     3.0
   12   38   44                                     1.0
   12   38   48                                     2.0
   12   38   49                                     1.0
   12   38   53                                     2.0
   12   38   54                                     2.0
   12   38   55                                     2.0
   12   38   56                                     1.0
   12   38   58                                     2.0
   12   38   60                                     1.0
   12   38   62                                     4.0
   12   38   65                                     3.0
   12   38   69                                     1.0
   12   38   72                                     1.0
   12   38   74                                     2.0
   12   38   75                                     1.0
   12   38   76                                    10.0
   12   38   77                                     2.0
   12   38   78                                     7.0
   12   38   80                                     2.0
   12   38   81                                     4.0
   12   38   82                                     6.0
   12   38   84                                     1.0
   12   38   88                                     2.0
   12   38   89                                     2.0
   12   38   90                                     1.0
   12   38   94                                     1.0
   12   38   96                                     1.0
   12   38   97                                     3.0
   12   38   98                                     2.0
   12   38   99                                     2.0
   12   39   41                                     1.0
   12   39   42                                     1.0
   12   39   48                                     4.0
   12   39   49                                     1.0
   12   39   53                                     1.0
   12   39   54                                     2.0
   12   39   55                                     2.0
   12   39   56                                     2.0
   12   39   58                                     1.0
   12   39   60                                     2.0
   12   39   62                                     3.0
   12   39   65                                     3.0
   12   39   66                                     1.0
   12   39   68                                     1.0
   12   39   72                                     1.0
   12   39   76                                     2.0
   12   39   77                                     1.0
   12   39   78                                     3.0
   12   39   80                                     2.0
   12   39   81                                     2.0
   12   39   82                                     3.0
   12   39   88                                     1.0
   12   39   89                                     1.0
   12   39   90                                     1.0
   12   39   96                                     1.0
   12   39   97                                     2.0
   12   39   98                                     1.0
   12   39   99                                     2.0
   12   39  100                                     1.0
   12   40   46                                     2.0
   12   40   47                                     4.0
   12   40   48                                     2.0
   12   40   50                                     2.0
   12   40   53                                     2.0
   12   40   55                                     1.0
   12   40   56                                     4.0
   12   40   58                                     4.0
   12   40   59                                     1.0
   12   40   61                                     1.0
   12   40   62                                     3.0
   12   40   65                                     3.0
   12   40   76                                     4.0
   12   40   77                                     1.0
   12   40   79                                     1.0
   12   40   80                                     1.0
   12   40   81                                     1.0
   12   40   82                                     3.0
   12   40   94                                     1.0
   12   40   97                                     1.0
   12   40   98                                     1.0
   12   40   99                                     1.0
   12   41   47                                     1.0
   12   41   49                                     1.0
   12   41   60                                     1.0
   12   41   62                                     2.0
   12   41   64                                     3.0
   12   41   68                                     1.0
   12   41   76                                     1.0
   12   41   78                                     2.0
   12   41   79                                     1.0
   12   41   85                                     1.0
   12   41   86                                     1.0
   12   41   88                                     1.0
   12   41   89                                     1.0
   12   41   90                                     7.0
   12   41   91                                     1.0
   12   41   97                                     2.0
   12   42   46                                     2.0
   12   42   47                                     2.0
   12   42   48                                     1.0
   12   42   56                                     2.0
   12   42   62                                     1.0
   12   42   65                                     3.0
   12   42   68                                     3.0
   12   42   74                                     1.0
   12   42   77                                    10.0
   12   42   78                                     1.0
   12   42   80                                     1.0
   12   42   81                                     1.0
   12   42   84                                     1.0
   12   42   88                                     1.0
   12   42   89                                     1.0
   12   42   90                                     9.0
   12   42   97                                    10.0
   12   42   98                                     1.0
   12   43   48                                     2.0
   12   43   57                                     1.0
   12   43   58                                     2.0
   12   43   63                                     1.0
   12   43   68                                     1.0
   12   43   71                                     1.0
   12   43   72                                     1.0
   12   43   73                                     1.0
   12   43   74                                     2.0
   12   43   76                                     1.0
   12   43   77                                     9.0
   12   43   78                                     8.0
   12   43   82                                     1.0
   12   43   83                                     2.0
   12   43   90                                     3.0
   12   43   97                                     3.0
   12   44   46                                     2.0
   12   44   48                                     2.0
   12   44   50                                     1.0
   12   44   52                                     1.0
   12   44   55                                     1.0
   12   44   56                                     1.0
   12   44   58                                     1.0
   12   44   61                                     1.0
   12   44   68                                     1.0
   12   44   71                                     1.0
   12   44   73                                     2.0
   12   44   74                                     5.0
   12   44   77                                     3.0
   12   44   78                                     5.0
   12   44   79                                     2.0
   12   44   90                                     1.0
   12   44   92                                     1.0
   12   44   97                                     3.0
   12   44   98                                     1.0
   12   45   47                                     1.0
   12   45   50                                     1.0
   12   45   58                                     1.0
   12   45   62                                     2.0
   12   45   63                                     3.0
   12   45   71                                     1.0
   12   45   73                                     1.0
   12   45   74                                     2.0
   12   45   76                                     3.0
   12   45   77                                     1.0
   12   45   78                                     4.0
   12   45   79                                     1.0
   12   45   85                                     1.0
   12   45   90                                     3.0
   12   46   50                                     1.0
   12   46   52                                     1.0
   12   46   53                                     2.0
   12   46   58                                     1.0
   12   46   59                                     1.0
   12   46   61                                     2.0
   12   46   62                                     2.0
   12   46   68                                     1.0
   12   46   73                                     1.0
   12   46   74                                     2.0
   12   46   75                                     1.0
   12   46   76                                     1.0
   12   46   78                                     1.0
   12   46   79                                     1.0
   12   46   81                                     1.0
   12   46   82                                     1.0
   12   46   90                                     2.0
   12   46   97                                     2.0
   12   46   98                                     1.0
   12   47   59                                     1.0
   12   47   70                                     1.0
   12   47   77                                     2.0
   12   47   78                                     2.0
   12   47   79                                     4.0
   12   47   80                                     1.0
   12   47   92                                     8.0
   12   47   98                                     3.0
   12   48   57                                     1.0
   12   48   59                                     1.0
   12   48   61                                     1.0
   12   48   62                                     1.0
   12   48   65                                     1.0
   12   48   70                                     2.0
   12   48   73                                     1.0
   12   48   74                                     2.0
   12   48   78                                     2.0
   12   48   86                                     1.0
   12   48   92                                     2.0
   12   48   98                                     1.0
   12   49   61                                     1.0
   12   49   62                                     1.0
   12   49   65                                     2.0
   12   49   70                                     1.0
   12   49   90                                     2.0
   12   49   91                                     1.0
   12   49   92                                     2.0
   12   49   98                                     1.0
   12   50   59                                     1.0
   12   50   65                                     1.0
   12   50   70                                     1.0
   12   50   78                                     1.0
   12   50   79                                     1.0
   12   50   80                                     1.0
   12   50   83                                     1.0
   12   50   84                                     2.0
   12   50   85                                     1.0
   12   50   98                                     1.0
   12   51   54                                     1.0
   12   51   76                                     1.0
   12   51   77                                     2.0
   12   51   92                                     2.0
   12   51   93                                     1.0
   12   51   95                                     1.0
   12   51   98                                     3.0
   12   52   54                                     1.0
   12   52   59                                     2.0
   12   52   61                                     1.0
   12   52   62                                     3.0
   12   52   65                                     1.0
   12   52   70                                     1.0
   12   52   80                                     1.0
   12   52   86                                     2.0
   12   52   90                                     1.0
   12   52   99                                     1.0
   12   53   58                                     1.0
   12   53   59                                     1.0
   12   53   65                                     1.0
   12   53   73                                     1.0
   12   53   74                                     2.0
   12   53   76                                     2.0
   12   53   79                                     1.0
   12   53   86                                     2.0
   12   54   65                                     1.0
   12   54   86                                     1.0
   12   55   70                                     1.0
   12   55   82                                     2.0
   12   55   83                                     2.0
   12   56   77                                     2.0
   12   56   86                                     1.0
   12   56   92                                     2.0
   12   57   61                                     1.0
   12   58   86                                     1.0
   12   58   99                                     1.0
   12   59   91                                     1.0
   12   59   92                                     2.0
   12   60   97                                     1.0
   12   61   79                                     2.0
   12   61   96                                     1.0
   12   65   94                                     1.0
   12   65   95                                     2.0
   12   69   91                                     1.0
   12   77   90                                     1.0
   12   78   90                                     1.0
   12   79   88                                     1.0
   12   79   97                                     1.0
   13   14   21                                     1.0
   13   14   23                                     2.0
   13   14   24                                     1.0
   13   14   27                                     1.0
   13   14   30                                     1.0
   13   14   34                                     2.0
   13   14   40                                     1.0
   13   14   41                                     1.0
   13   14   42                                     1.0
   13   14   45                                     1.0
   13   15   21                                     1.0
   13   15   22                                     1.0
   13   15   23                                     1.0
   13   15   24                                     1.0
   13   15   28                                     1.0
   13   15   30                                     1.0
   13   15   31                                     2.0
   13   15   34                                     4.0
   13   15   37                                     2.0
   13   15   38                                     4.0
   13   15   85                                     1.0
   13   16   19                                     1.0
   13   16   20                                     1.0
   13   16   22                                     3.0
   13   16   24                                     2.0
   13   16   27                                     4.0
   13   16   28                                     1.0
   13   16   30                                     6.0
   13   16   31                                     3.0
   13   16   32                                     1.0
   13   16   34                                     3.0
   13   16   35                                     1.0
   13   16   38                                     3.0
   13   16   40                                     1.0
   13   16   41                                     1.0
   13   16   42                                     1.0
   13   16   43                                     1.0
   13   16   45                                     2.0
   13   16   68                                     1.0
   13   16   74                                     1.0
   13   17   20                                     1.0
   13   17   21                                     2.0
   13   17   22                                     5.0
   13   17   23                                     1.0
   13   17   24                                     4.0
   13   17   27                                     3.0
   13   17   28                                     1.0
   13   17   30                                     2.0
   13   17   31                                     2.0
   13   17   34                                     3.0
   13   17   35                                     1.0
   13   17   37                                     1.0
   13   17   38                                     1.0
   13   17   40                                     1.0
   13   17   41                                     2.0
   13   17   42                                     2.0
   13   17   44                                     2.0
   13   17   45                                     1.0
   13   17   49                                     1.0
   13   17   74                                     2.0
   13   18   20                                     1.0
   13   18   21                                     1.0
   13   18   22                                     1.0
   13   18   24                                     1.0
   13   18   26                                     1.0
   13   18   28                                     1.0
   13   18   29                                     1.0
   13   18   30                                     1.0
   13   18   34                                     1.0
   13   18   37                                     2.0
   13   18   38                                     1.0
   13   18   39                                     2.0
   13   18   41                                     1.0
   13   18   42                                     3.0
   13   18   43                                     3.0
   13   18   45                                     3.0
   13   18   49                                     1.0
   13   19   21                                     1.0
   13   19   23                                     1.0
   13   19   24                                     2.0
   13   19   25                                     1.0
   13   19   27                                     1.0
   13   19   28                                     1.0
   13   19   30                                     2.0
   13   19   32                                     1.0
   13   19   33                                     4.0
   13   19   34                                     1.0
   13   19   35                                     2.0
   13   19   37                                     1.0
   13   19   38                                     2.0
   13   19   39                                     4.0
   13   19   40                                     3.0
   13   19   41                                     2.0
   13   19   43                                     6.0
   13   19   45                                     1.0
   13   19   47                                     1.0
   13   19   98                                     1.0
   13   20   22                                     1.0
   13   20   29                                     1.0
   13   20   30                                     1.0
   13   20   33                                     2.0
   13   20   34                                     2.0
   13   20   35                                     3.0
   13   20   37                                     5.0
   13   20   39                                     4.0
   13   20   40                                     1.0
   13   20   41                                     1.0
   13   20   45                                     5.0
   13   21   25                                     1.0
   13   21   30                                     2.0
   13   21   31                                     1.0
   13   21   32                                     1.0
   13   21   34                                     3.0
   13   21   35                                     6.0
   13   21   38                                    14.0
   13   21   39                                     4.0
   13   21   41                                     1.0
   13   21   42                                     8.0
   13   21   43                                     2.0
   13   21   44                                     2.0
   13   21   85                                     1.0
   13   22   26                                     1.0
   13   22   28                                     2.0
   13   22   29                                     1.0
   13   22   30                                     8.0
   13   22   31                                     2.0
   13   22   32                                     3.0
   13   22   33                                     9.0
   13   22   34                                     6.0
   13   22   35                                     2.0
   13   22   36                                     2.0
   13   22   37                                     1.0
   13   22   38                                     6.0
   13   22   39                                     4.0
   13   22   41                                     2.0
   13   22   42                                     2.0
   13   22   43                                     2.0
   13   22   44                                     1.0
   13   22   45                                     1.0
   13   22   47                                     1.0
   13   22   49                                     1.0
   13   22   85                                     1.0
   13   23   24                                     1.0
   13   23   25                                     1.0
   13   23   27                                     3.0
   13   23   28                                     3.0
   13   23   29                                     1.0
   13   23   30                                     5.0
   13   23   32                                     1.0
   13   23   33                                     3.0
   13   23   34                                     7.0
   13   23   35                                     1.0
   13   23   36                                     2.0
   13   23   38                                     1.0
   13   23   39                                     4.0
   13   23   42                                     1.0
   13   23   43                                     1.0
   13   23   47                                     2.0
   13   23   49                                     1.0
   13   23   51                                     1.0
   13   23   54                                     1.0
   13   24   27                                     4.0
   13   24   28                                     1.0
   13   24   29                                     2.0
   13   24   33                                     1.0
   13   24   34                                     3.0
   13   24   38                                     1.0
   13   24   39                                     2.0
   13   24   42                                     2.0
   13   24   43                                     1.0
   13   24   47                                     5.0
   13   24   50                                     1.0
   13   25   26                                     1.0
   13   25   27                                     2.0
   13   25   30                                     1.0
   13   25   31                                     1.0
   13   25   33                                     1.0
   13   25   34                                     3.0
   13   25   36                                     1.0
   13   25   39                                     2.0
   13   25   46                                     5.0
   13   25   47                                     1.0
   13   25   49                                     1.0
   13   25   50                                     6.0
   13   26   28                                     1.0
   13   26   41                                     9.0
   13   26   45                                     5.0
   13   26   46                                     5.0
   13   26   47                                     4.0
   13   26   48                                     1.0
   13   26   50                                    10.0
   13   26   53                                     3.0
   13   26   54                                     4.0
   13   26   55                                     1.0
   13   26   56                                     2.0
   13   27   28                                     1.0
   13   27   33                                     2.0
   13   27   35                                     1.0
   13   27   36                                     1.0
   13   27   38                                     9.0
   13   27   39                                     2.0
   13   27   41                                     6.0
   13   27   43                                     3.0
   13   27   44                                     3.0
   13   27   45                                     7.0
   13   27   46                                     4.0
   13   27   47                                     5.0
   13   27   48                                     3.0
   13   27   50                                     1.0
   13   27   51                                     3.0
   13   27   53                                     1.0
   13   27   54                                     6.0
   13   27   91                                     3.0
   13   28   33                                     3.0
   13   28   34                                     2.0
   13   28   35                                     1.0
   13   28   36                                     2.0
   13   28   38                                     9.0
   13   28   39                                     5.0
   13   28   40                                     3.0
   13   28   41                                     1.0
   13   28   42                                     1.0
   13   28   43                                     5.0
   13   28   44                                     1.0
   13   28   45                                     4.0
   13   28   46                                     1.0
   13   28   47                                     4.0
   13   28   48                                     2.0
   13   28   51                                     1.0
   13   28   54                                     3.0
   13   28   56                                     1.0
   13   28   57                                     1.0
   13   28   58                                     1.0
   13   28   92                                     1.0
   13   29   31                                     1.0
   13   29   32                                     2.0
   13   29   33                                     5.0
   13   29   34                                     2.0
   13   29   36                                     1.0
   13   29   38                                     3.0
   13   29   39                                     2.0
   13   29   40                                     2.0
   13   29   43                                     2.0
   13   29   44                                     1.0
   13   29   45                                     2.0
   13   29   46                                     1.0
   13   29   49                                     1.0
   13   29   51                                     1.0
   13   29   54                                     1.0
   13   29   57                                     1.0
   13   29   66                                     1.0
   13   30   32                                     2.0
   13   30   34                                     3.0
   13   30   37                                     1.0
   13   30   38                                     2.0
   13   30   39                                     1.0
   13   30   43                                     1.0
   13   30   44                                     1.0
   13   30   45                                     2.0
   13   30   46                                     1.0
   13   30   51                                     1.0
   13   30   54                                     8.0
   13   30   59                                     1.0
   13   31   33                                     2.0
   13   31   36                                     1.0
   13   31   39                                     1.0
   13   31   40                                     2.0
   13   31   45                                     1.0
   13   31   47                                     1.0
   13   31   49                                     2.0
   13   31   53                                     3.0
   13   31   55                                     1.0
   13   31   61                                     3.0
   13   31   62                                     4.0
   13   31   63                                     3.0
   13   31   64                                     1.0
   13   31   65                                     4.0
   13   31   66                                     5.0
   13   32   37                                     2.0
   13   32   42                                     2.0
   13   32   43                                     4.0
   13   32   45                                     6.0
   13   32   49                                     1.0
   13   32   50                                     6.0
   13   32   53                                     6.0
   13   32   54                                     4.0
   13   32   56                                     1.0
   13   32   59                                     1.0
   13   32   61                                     2.0
   13   32   62                                     3.0
   13   32   63                                     3.0
   13   32   64                                     3.0
   13   32   65                                     1.0
   13   32   66                                     3.0
   13   32   67                                     3.0
   13   32   75                                     1.0
   13   33   37                                     3.0
   13   33   38                                     3.0
   13   33   39                                     1.0
   13   33   40                                     1.0
   13   33   41                                     1.0
   13   33   42                                     1.0
   13   33   43                                     8.0
   13   33   45                                     6.0
   13   33   47                                     1.0
   13   33   49                                     3.0
   13   33   50                                     2.0
   13   33   51                                     1.0
   13   33   52                                     1.0
   13   33   53                                     2.0
   13   33   54                                     1.0
   13   33   56                                     2.0
   13   33   59                                     2.0
   13   33   61                                     3.0
   13   33   62                                     3.0
   13   33   63                                     1.0
   13   33   64                                     1.0
   13   33   65                                     1.0
   13   33   66                                     3.0
   13   33   67                                     2.0
   13   34   38                                     5.0
   13   34   39                                     3.0
   13   34   40                                     1.0
   13   34   41                                     2.0
   13   34   43                                     4.0
   13   34   45                                     3.0
   13   34   46                                     1.0
   13   34   48                                     2.0
   13   34   49                                     2.0
   13   34   50                                     2.0
   13   34   52                                     1.0
   13   34   53                                     2.0
   13   34   54                                     1.0
   13   34   56                                     1.0
   13   34   59                                     1.0
   13   34   61                                     1.0
   13   34   62                                     2.0
   13   34   63                                     1.0
   13   34   64                                     2.0
   13   34   65                                     1.0
   13   34   66                                     1.0
   13   34   67                                     1.0
   13   35   37                                     4.0
   13   35   38                                     1.0
   13   35   39                                     2.0
   13   35   40                                     1.0
   13   35   41                                     2.0
   13   35   43                                     3.0
   13   35   44                                     1.0
   13   35   45                                     1.0
   13   35   48                                     1.0
   13   35   49                                     1.0
   13   35   50                                     3.0
   13   35   52                                     2.0
   13   35   54                                     1.0
   13   35   56                                     1.0
   13   35   59                                     1.0
   13   35   61                                     1.0
   13   35   62                                     2.0
   13   35   79                                     1.0
   13   36   40                                     1.0
   13   36   41                                     1.0
   13   36   45                                     1.0
   13   36   48                                     2.0
   13   36   50                                     1.0
   13   36   53                                     2.0
   13   36   59                                     1.0
   13   36   60                                     2.0
   13   36   61                                     1.0
   13   36   62                                     1.0
   13   36   63                                     1.0
   13   36   64                                     1.0
   13   36   66                                     1.0
   13   36   72                                     2.0
   13   36   75                                     1.0
   13   36   79                                     6.0
   13   36   80                                     2.0
   13   36   84                                     2.0
   13   37   40                                     1.0
   13   37   44                                     1.0
   13   37   46                                     1.0
   13   37   48                                     2.0
   13   37   49                                     4.0
   13   37   50                                     1.0
   13   37   52                                     1.0
   13   37   53                                     3.0
   13   37   56                                     1.0
   13   37   57                                     4.0
   13   37   60                                     6.0
   13   37   61                                     1.0
   13   37   62                                     2.0
   13   37   64                                     3.0
   13   37   67                                     1.0
   13   37   74                                     2.0
   13   37   75                                     3.0
   13   37   76                                     3.0
   13   37   77                                     3.0
   13   37   78                                     2.0
   13   37   80                                     3.0
   13   37   84                                     7.0
   13   38   39                                     1.0
   13   38   41                                     2.0
   13   38   42                                     1.0
   13   38   44                                     3.0
   13   38   47                                     1.0
   13   38   48                                     5.0
   13   38   49                                     2.0
   13   38   53                                     4.0
   13   38   54                                     2.0
   13   38   55                                     1.0
   13   38   57                                     4.0
   13   38   60                                     2.0
   13   38   61                                     2.0
   13   38   62                                     2.0
   13   38   64                                     1.0
   13   38   74                                     2.0
   13   38   75                                     1.0
   13   38   76                                     4.0
   13   38   77                                     3.0
   13   38   78                                     2.0
   13   38   79                                     2.0
   13   38   80                                     1.0
   13   38   81                                     2.0
   13   38   84                                     1.0
   13   38   85                                     1.0
   13   38   94                                     2.0
   13   39   43                                     4.0
   13   39   46                                     6.0
   13   39   48                                     4.0
   13   39   49                                     3.0
   13   39   53                                     2.0
   13   39   54                                     2.0
   13   39   55                                     2.0
   13   39   57                                     2.0
   13   39   60                                     2.0
   13   39   61                                     2.0
   13   39   62                                     1.0
   13   39   63                                     1.0
   13   39   64                                     1.0
   13   39   66                                     1.0
   13   39   72                                     1.0
   13   39   74                                     1.0
   13   39   75                                     1.0
   13   39   76                                     2.0
   13   39   77                                     1.0
   13   39   79                                     3.0
   13   39   80                                     1.0
   13   39   81                                     1.0
   13   39   84                                     1.0
   13   39   94                                     2.0
   13   40   43                                     2.0
   13   40   46                                     4.0
   13   40   47                                     1.0
   13   40   48                                     2.0
   13   40   50                                     1.0
   13   40   52                                     1.0
   13   40   53                                     2.0
   13   40   54                                     1.0
   13   40   55                                     1.0
   13   40   56                                     1.0
   13   40   57                                     2.0
   13   40   59                                     1.0
   13   40   61                                     2.0
   13   40   62                                     2.0
   13   40   64                                     1.0
   13   40   75                                     1.0
   13   40   76                                     2.0
   13   40   79                                     1.0
   13   40   90                                     1.0
   13   40   94                                     1.0
   13   41   46                                     1.0
   13   41   48                                     1.0
   13   41   54                                     2.0
   13   41   60                                     2.0
   13   41   61                                     1.0
   13   41   62                                     1.0
   13   41   64                                     1.0
   13   41   68                                     2.0
   13   41   74                                     1.0
   13   41   76                                     1.0
   13   41   78                                     1.0
   13   41   79                                     2.0
   13   41   81                                     1.0
   13   41   84                                     1.0
   13   41   89                                     2.0
   13   41   90                                     2.0
   13   41   96                                     5.0
   13   42   45                                     2.0
   13   42   46                                     2.0
   13   42   47                                     2.0
   13   42   53                                     3.0
   13   42   54                                     2.0
   13   42   55                                     2.0
   13   42   63                                     3.0
   13   42   64                                     1.0
   13   42   66                                     6.0
   13   42   67                                     3.0
   13   42   68                                     6.0
   13   42   76                                     6.0
   13   42   77                                     5.0
   13   42   78                                     1.0
   13   42   79                                     1.0
   13   42   89                                     4.0
   13   42   90                                     3.0
   13   42   95                                     1.0
   13   42   96                                     6.0
   13   42   98                                     3.0
   13   43   47                                     2.0
   13   43   50                                     2.0
   13   43   54                                     2.0
   13   43   55                                     2.0
   13   43   57                                     3.0
   13   43   58                                     4.0
   13   43   63                                     4.0
   13   43   66                                     2.0
   13   43   67                                     1.0
   13   43   68                                     2.0
   13   43   70                                     1.0
   13   43   72                                     1.0
   13   43   74                                     1.0
   13   43   76                                     7.0
   13   43   77                                     6.0
   13   43   79                                     2.0
   13   43   81                                     1.0
   13   43   83                                     1.0
   13   43   89                                     1.0
   13   43   90                                     1.0
   13   43   96                                     1.0
   13   43   98                                     1.0
   13   44   47                                     1.0
   13   44   50                                     4.0
   13   44   54                                     2.0
   13   44   55                                     2.0
   13   44   57                                     3.0
   13   44   58                                     4.0
   13   44   61                                     1.0
   13   44   63                                     2.0
   13   44   66                                     2.0
   13   44   67                                     1.0
   13   44   68                                     2.0
   13   44   72                                     2.0
   13   44   76                                     6.0
   13   44   77                                     4.0
   13   44   94                                     1.0
   13   44   96                                     1.0
   13   44   97                                     1.0
   13   44   98                                     1.0
   13   45   49                                     1.0
   13   45   50                                     3.0
   13   45   54                                     2.0
   13   45   57                                     1.0
   13   45   58                                     3.0
   13   45   61                                     2.0
   13   45   62                                     1.0
   13   45   63                                     2.0
   13   45   66                                     2.0
   13   45   67                                     1.0
   13   45   72                                     1.0
   13   45   75                                     1.0
   13   45   76                                     3.0
   13   45   77                                     2.0
   13   45   83                                     1.0
   13   45   89                                     1.0
   13   45   90                                     1.0
   13   45   98                                     1.0
   13   46   49                                     1.0
   13   46   50                                     1.0
   13   46   55                                     1.0
   13   46   57                                     1.0
   13   46   58                                     1.0
   13   46   63                                     1.0
   13   46   68                                     2.0
   13   46   72                                     1.0
   13   46   76                                     1.0
   13   46   77                                     2.0
   13   46   78                                     2.0
   13   46   80                                     1.0
   13   46   88                                     1.0
   13   46   96                                     1.0
   13   46   97                                     1.0
   13   47   49                                     2.0
   13   47   55                                     1.0
   13   47   57                                     1.0
   13   47   58                                     1.0
   13   47   62                                     2.0
   13   47   63                                     1.0
   13   47   70                                     2.0
   13   47   73                                     1.0
   13   47   76                                     6.0
   13   47   77                                     9.0
   13   47   78                                     6.0
   13   47   91                                     4.0
   13   47   92                                     4.0
   13   47   98                                     7.0
   13   48   53                                     2.0
   13   48   54                                     1.0
   13   48   57                                     3.0
   13   48   61                                     1.0
   13   48   62                                     4.0
   13   48   65                                     2.0
   13   48   66                                     3.0
   13   48   70                                     4.0
   13   48   74                                     4.0
   13   48   76                                     4.0
   13   48   77                                     6.0
   13   48   78                                     3.0
   13   48   91                                     1.0
   13   48   92                                     1.0
   13   48   98                                     2.0
   13   49   55                                     1.0
   13   49   57                                     3.0
   13   49   62                                     2.0
   13   49   65                                     4.0
   13   49   68                                     4.0
   13   49   70                                     2.0
   13   49   72                                     1.0
   13   49   74                                     4.0
   13   49   76                                     1.0
   13   49   77                                     1.0
   13   49   78                                     2.0
   13   49   90                                     1.0
   13   49   91                                     1.0
   13   49   92                                     1.0
   13   49   98                                     2.0
   13   50   57                                     2.0
   13   50   61                                     1.0
   13   50   62                                     1.0
   13   50   63                                     2.0
   13   50   65                                     2.0
   13   50   68                                     2.0
   13   50   70                                     2.0
   13   50   74                                     2.0
   13   50   77                                     2.0
   13   50   78                                     2.0
   13   50   79                                     1.0
   13   50   98                                     2.0
   13   51   53                                     1.0
   13   51   54                                     1.0
   13   51   55                                     1.0
   13   51   68                                     2.0
   13   51   76                                     2.0
   13   51   77                                     2.0
   13   51   78                                     2.0
   13   51   83                                     1.0
   13   51   89                                     2.0
   13   51   91                                     1.0
   13   51   92                                     1.0
   13   51   97                                     1.0
   13   52   57                                     1.0
   13   52   60                                     1.0
   13   52   61                                     3.0
   13   52   65                                     2.0
   13   52   68                                     2.0
   13   52   70                                     3.0
   13   52   74                                     2.0
   13   52   75                                     1.0
   13   52   77                                     1.0
   13   52   78                                     1.0
   13   52   85                                     4.0
   13   52   89                                     6.0
   13   52   91                                     6.0
   13   52   94                                     4.0
   13   52   98                                     2.0
   13   53   67                                     2.0
   13   53   70                                     2.0
   13   53   72                                     1.0
   13   53   76                                     1.0
   13   53   84                                     1.0
   13   53   85                                     4.0
   13   53   86                                     6.0
   13   53   87                                     3.0
   13   53   89                                     4.0
   13   53   91                                     4.0
   13   53   94                                     4.0
   13   54   61                                     2.0
   13   54   65                                     4.0
   13   54   66                                     1.0
   13   54   67                                     1.0
   13   54   70                                     1.0
   13   54   74                                     1.0
   13   54   76                                     1.0
   13   54   77                                     2.0
   13   54   85                                     2.0
   13   54   86                                     2.0
   13   54   87                                     1.0
   13   54   89                                     6.0
   13   54   91                                     2.0
   13   54   94                                     2.0
   13   55   61                                     1.0
   13   55   67                                     1.0
   13   55   68                                     1.0
   13   55   69                                     1.0
   13   55   70                                     1.0
   13   55   80                                     1.0
   13   55   81                                     1.0
   13   55   86                                     2.0
   13   55   87                                     1.0
   13   55   89                                     4.0
   13   55   94                                     2.0
   13   56   66                                     1.0
   13   56   69                                     1.0
   13   56   70                                     2.0
   13   56   75                                     2.0
   13   56   81                                     1.0
   13   56   85                                     1.0
   13   56   86                                     1.0
   13   56   91                                     2.0
   13   56   92                                     1.0
   13   57   61                                     1.0
   13   57   76                                     2.0
   13   57   77                                     3.0
   13   57   86                                     1.0
   13   57   87                                     2.0
   13   57   89                                     1.0
   13   57   90                                     1.0
   13   57   94                                     2.0
   13   58   85                                     1.0
   13   58   86                                     1.0
   13   58   99                                     2.0
   13   59   66                                     1.0
   13   59   89                                     1.0
   13   59   90                                     1.0
   13   60   76                                     2.0
   13   60   86                                     1.0
   13   60   87                                     2.0
   13   61   68                                     1.0
   13   61   78                                     1.0
   13   61   88                                     2.0
   13   61   89                                     1.0
   13   61   95                                     1.0
   13   62   91                                     2.0
   13   63   67                                     1.0
   13   63   90                                     2.0
   13   63   93                                     1.0
   13   64   66                                     1.0
   13   64   74                                     2.0
   13   64   95                                     1.0
   13   66   93                                     1.0
   13   66   99                                     1.0
   13   67   84                                     2.0
   13   68   83                                     1.0
   13   68   95                                     1.0
   13   69   89                                     1.0
   13   69   99                                     1.0
   13   70   86                                     1.0
   13   71   85                                     2.0
   13   72   84                                     1.0
   13   76   91                                     1.0
   13   77   90                                     1.0
   13   80   97                                     1.0
   13   81   96                                     1.0
   14   15   20                                     1.0
   14   15   24                                     1.0
   14   15   28                                     1.0
   14   15   30                                     1.0
   14   15   31                                     2.0
   14   15   37                                     1.0
   14   15   45                                     1.0
   14   16   17                                     1.0
   14   16   20                                     1.0
   14   16   22                                     2.0
   14   16   23                                     1.0
   14   16   24                                     2.0
   14   16   27                                     1.0
   14   16   31                                     1.0
   14   16   34                                     1.0
   14   16   38                                     1.0
   14   16   41                                     1.0
   14   16   50                                     1.0
   14   17   20                                     1.0
   14   17   24                                     1.0
   14   17   27                                     1.0
   14   17   30                                     1.0
   14   17   34                                     2.0
   14   17   37                                     1.0
   14   17   38                                     1.0
   14   17   40                                     1.0
   14   17   43                                     1.0
   14   17   45                                     1.0
   14   17   46                                     1.0
   14   17   47                                     1.0
   14   18   19                                     1.0
   14   18   21                                     1.0
   14   18   26                                     1.0
   14   18   30                                     1.0
   14   18   31                                     1.0
   14   18   33                                     1.0
   14   18   34                                     1.0
   14   18   35                                     3.0
   14   18   38                                     3.0
   14   18   39                                     1.0
   14   18   40                                     1.0
   14   18   41                                     1.0
   14   18   43                                     1.0
   14   18   44                                     4.0
   14   18   46                                     3.0
   14   18   47                                     1.0
   14   18   52                                     1.0
   14   18   85                                     1.0
   14   19   20                                     1.0
   14   19   23                                     1.0
   14   19   29                                     1.0
   14   19   30                                     2.0
   14   19   31                                     2.0
   14   19   32                                     5.0
   14   19   33                                     3.0
   14   19   34                                     3.0
   14   19   35                                     2.0
   14   19   37                                     3.0
   14   19   38                                     8.0
   14   19   39                                     3.0
   14   19   40                                     4.0
   14   19   42                                     2.0
   14   19   44                                     5.0
   14   19   45                                     1.0
   14   19   47                                     2.0
   14   19   50                                     1.0
   14   19   54                                     1.0
   14   20   30                                     4.0
   14   20   31                                     7.0
   14   20   32                                     4.0
   14   20   33                                     4.0
   14   20   34                                     4.0
   14   20   35                                     2.0
   14   20   37                                     1.0
   14   20   38                                     3.0
   14   20   41                                     3.0
   14   20   42                                     3.0
   14   20   43                                     1.0
   14   20   45                                     1.0
   14   21   25                                     1.0
   14   21   29                                     3.0
   14   21   30                                     5.0
   14   21   31                                     1.0
   14   21   32                                     4.0
   14   21   33                                     2.0
   14   21   34                                     6.0
   14   21   35                                     4.0
   14   21   36                                     4.0
   14   21   37                                     1.0
   14   21   38                                     9.0
   14   21   41                                     3.0
   14   21   42                                     3.0
   14   21   48                                     1.0
   14   22   25                                     1.0
   14   22   26                                     2.0
   14   22   27                                     5.0
   14   22   28                                     6.0
   14   22   29                                     1.0
   14   22   30                                     6.0
   14   22   32                                     5.0
   14   22   33                                     2.0
   14   22   34                                     3.0
   14   22   35                                     3.0
   14   22   36                                     1.0
   14   22   38                                     3.0
   14   22   42                                     1.0
   14   22   45                                     1.0
   14   22   49                                     1.0
   14   23   25                                     1.0
   14   23   26                                     1.0
   14   23   27                                     3.0
   14   23   28                                     3.0
   14   23   29                                     1.0
   14   23   30                                     3.0
   14   23   31                                     1.0
   14   23   32                                     1.0
   14   23   33                                     2.0
   14   23   34                                     1.0
   14   23   35                                     2.0
   14   23   37                                     2.0
   14   24   25                                     1.0
   14   24   26                                     3.0
   14   24   27                                     2.0
   14   24   28                                     1.0
   14   24   29                                     1.0
   14   24   33                                     1.0
   14   24   38                                     1.0
   14   24   39                                     1.0
   14   24   42                                     1.0
   14   24   47                                     1.0
   14   24   49                                     1.0
   14   24   50                                     5.0
   14   25   27                                     3.0
   14   25   31                                     1.0
   14   25   33                                     1.0
   14   25   34                                     1.0
   14   25   39                                     1.0
   14   25   41                                     2.0
   14   25   44                                     6.0
   14   25   47                                     6.0
   14   25   48                                     3.0
   14   25   50                                     6.0
   14   26   28                                     3.0
   14   26   33                                     2.0
   14   26   36                                     1.0
   14   26   37                                     2.0
   14   26   39                                     3.0
   14   26   41                                     8.0
   14   26   44                                     1.0
   14   26   46                                     1.0
   14   26   47                                     4.0
   14   26   49                                     1.0
   14   26   51                                     4.0
   14   26   53                                     3.0
   14   26   67                                     2.0
   14   26   72                                     1.0
   14   27   32                                     3.0
   14   27   34                                     2.0
   14   27   36                                     2.0
   14   27   37                                     3.0
   14   27   38                                     9.0
   14   27   39                                     5.0
   14   27   40                                     1.0
   14   27   41                                     6.0
   14   27   43                                     6.0
   14   27   45                                     1.0
   14   27   46                                     1.0
   14   27   47                                     5.0
   14   27   49                                     3.0
   14   27   50                                     1.0
   14   27   51                                     1.0
   14   27   53                                     1.0
   14   27   67                                     2.0
   14   27   72                                     3.0
   14   27   77                                     3.0
   14   28   31                                     1.0
   14   28   32                                     4.0
   14   28   33                                     2.0
   14   28   34                                     6.0
   14   28   36                                     2.0
   14   28   38                                     8.0
   14   28   39                                     2.0
   14   28   40                                     2.0
   14   28   41                                     6.0
   14   28   43                                     4.0
   14   28   47                                     2.0
   14   28   49                                     1.0
   14   28   53                                     1.0
   14   28   58                                     1.0
   14   28   67                                     1.0
   14   28   72                                     1.0
   14   28   77                                     1.0
   14   29   31                                     1.0
   14   29   32                                     2.0
   14   29   33                                     3.0
   14   29   34                                     3.0
   14   29   36                                     1.0
   14   29   38                                     2.0
   14   29   40                                     2.0
   14   29   43                                     1.0
   14   29   45                                     1.0
   14   29   49                                     1.0
   14   29   50                                     1.0
   14   29   55                                     1.0
   14   29   77                                     1.0
   14   29   92                                     1.0
   14   30   33                                     1.0
   14   30   37                                     2.0
   14   30   38                                     2.0
   14   30   41                                     1.0
   14   30   43                                     2.0
   14   30   47                                     1.0
   14   30   52                                     1.0
   14   30   54                                     1.0
   14   30   59                                     1.0
   14   30   72                                     1.0
   14   30   85                                     1.0
   14   31   33                                     2.0
   14   31   34                                     2.0
   14   31   39                                     1.0
   14   31   40                                     2.0
   14   31   44                                     1.0
   14   31   45                                     2.0
   14   31   47                                     1.0
   14   31   50                                     1.0
   14   31   52                                     1.0
   14   31   56                                     4.0
   14   31   57                                     1.0
   14   31   59                                     5.0
   14   31   61                                     2.0
   14   31   92                                     1.0
   14   32   32                                     1.0
   14   32   37                                     1.0
   14   32   41                                     3.0
   14   32   42                                     2.0
   14   32   43                                     2.0
   14   32   45                                     5.0
   14   32   49                                     7.0
   14   32   50                                     3.0
   14   32   52                                     3.0
   14   32   53                                     4.0
   14   32   55                                     1.0
   14   32   56                                     2.0
   14   32   57                                     6.0
   14   32   59                                     3.0
   14   32   61                                     2.0
   14   32   85                                     1.0
   14   32   97                                     3.0
   14   33   37                                     1.0
   14   33   38                                     2.0
   14   33   41                                     1.0
   14   33   42                                     1.0
   14   33   43                                     3.0
   14   33   45                                     7.0
   14   33   48                                     3.0
   14   33   49                                     2.0
   14   33   50                                     1.0
   14   33   52                                     1.0
   14   33   53                                     3.0
   14   33   55                                     2.0
   14   33   57                                     1.0
   14   33   58                                     1.0
   14   33   59                                     3.0
   14   33   61                                     1.0
   14   33   97                                     2.0
   14   34   37                                     4.0
   14   34   38                                     5.0
   14   34   39                                     1.0
   14   34   41                                     2.0
   14   34   42                                     1.0
   14   34   43                                     2.0
   14   34   45                                     2.0
   14   34   48                                     1.0
   14   34   49                                     2.0
   14   34   50                                     1.0
   14   34   52                                     1.0
   14   34   53                                     1.0
   14   34   54                                     1.0
   14   34   55                                     1.0
   14   34   57                                     1.0
   14   34   58                                     1.0
   14   34   61                                     1.0
   14   34   97                                     1.0
   14   35   37                                     2.0
   14   35   39                                     1.0
   14   35   41                                     2.0
   14   35   42                                     1.0
   14   35   43                                     1.0
   14   35   44                                     2.0
   14   35   48                                     1.0
   14   35   50                                     1.0
   14   35   51                                     1.0
   14   35   53                                     2.0
   14   35   55                                     1.0
   14   35   58                                     1.0
   14   35   59                                     1.0
   14   35   61                                     1.0
   14   35   67                                     1.0
   14   36   36                                     1.0
   14   36   38                                     1.0
   14   36   39                                     1.0
   14   36   43                                     1.0
   14   36   44                                     1.0
   14   36   49                                     2.0
   14   36   53                                     1.0
   14   36   60                                     1.0
   14   36   61                                     1.0
   14   36   64                                     1.0
   14   36   72                                     1.0
   14   36   83                                     2.0
   14   36   88                                     3.0
   14   37   45                                     1.0
   14   37   46                                     1.0
   14   37   48                                     2.0
   14   37   49                                     5.0
   14   37   52                                     1.0
   14   37   53                                     2.0
   14   37   55                                     1.0
   14   37   57                                     3.0
   14   37   60                                     4.0
   14   37   63                                     3.0
   14   37   69                                     1.0
   14   37   72                                     6.0
   14   37   83                                     2.0
   14   37   88                                     2.0
   14   37   93                                     2.0
   14   38   45                                     4.0
   14   38   47                                     1.0
   14   38   48                                     5.0
   14   38   49                                     3.0
   14   38   52                                     3.0
   14   38   53                                     2.0
   14   38   57                                     2.0
   14   38   59                                     1.0
   14   38   60                                     3.0
   14   38   63                                     1.0
   14   38   69                                     3.0
   14   38   72                                     3.0
   14   38   73                                     1.0
   14   38   83                                     1.0
   14   38   87                                     2.0
   14   38   88                                     1.0
   14   38   93                                     2.0
   14   39   40                                     1.0
   14   39   41                                     3.0
   14   39   43                                     5.0
   14   39   45                                     4.0
   14   39   47                                     2.0
   14   39   48                                     2.0
   14   39   49                                     3.0
   14   39   52                                     1.0
   14   39   53                                     2.0
   14   39   57                                     1.0
   14   39   58                                     1.0
   14   39   60                                     2.0
   14   39   63                                     1.0
   14   39   69                                     2.0
   14   39   72                                     1.0
   14   39   83                                     1.0
   14   39   87                                     1.0
   14   39   93                                     1.0
   14   40   44                                     1.0
   14   40   45                                     1.0
   14   40   48                                     2.0
   14   40   52                                     1.0
   14   40   53                                     1.0
   14   40   57                                     1.0
   14   40   60                                     1.0
   14   40   63                                     1.0
   14   40   73                                     1.0
   14   40   85                                     1.0
   14   40   87                                     1.0
   14   40   88                                     1.0
   14   40   93                                     1.0
   14   41   42                                     1.0
   14   41   44                                     2.0
   14   41   47                                     1.0
   14   41   48                                     2.0
   14   41   54                                     1.0
   14   41   60                                     1.0
   14   41   69                                     1.0
   14   41   72                                     1.0
   14   41   83                                     2.0
   14   41   88                                     1.0
   14   41   98                                     3.0
   14   42   44                                     1.0
   14   42   52                                     1.0
   14   42   53                                     5.0
   14   42   54                                     1.0
   14   42   60                                     1.0
   14   42   62                                     1.0
   14   42   63                                     1.0
   14   42   66                                     2.0
   14   42   68                                     4.0
   14   42   73                                     1.0
   14   42   75                                     5.0
   14   42   88                                     1.0
   14   42   94                                     4.0
   14   42   99                                     2.0
   14   43   46                                     1.0
   14   43   50                                     5.0
   14   43   52                                     1.0
   14   43   53                                     3.0
   14   43   54                                     2.0
   14   43   56                                     1.0
   14   43   57                                     3.0
   14   43   62                                     2.0
   14   43   63                                     3.0
   14   43   66                                     2.0
   14   43   68                                     1.0
   14   43   69                                     1.0
   14   43   73                                     2.0
   14   43   75                                     4.0
   14   43   93                                     1.0
   14   43   95                                     1.0
   14   43   99                                     1.0
   14   44   46                                     1.0
   14   44   49                                     1.0
   14   44   50                                     2.0
   14   44   53                                     1.0
   14   44   54                                     1.0
   14   44   56                                     3.0
   14   44   57                                     3.0
   14   44   62                                     1.0
   14   44   63                                     1.0
   14   44   64                                     1.0
   14   44   66                                     2.0
   14   44   68                                     1.0
   14   44   69                                     3.0
   14   44   73                                     4.0
   14   44   75                                     1.0
   14   44   80                                     1.0
   14   44   95                                     1.0
   14   44   99                                     1.0
   14   45   45                                     1.0
   14   45   49                                     4.0
   14   45   50                                     1.0
   14   45   52                                     1.0
   14   45   53                                     2.0
   14   45   54                                     1.0
   14   45   56                                     1.0
   14   45   57                                     2.0
   14   45   59                                     1.0
   14   45   62                                     1.0
   14   45   63                                     1.0
   14   45   66                                     1.0
   14   45   69                                     1.0
   14   45   73                                     1.0
   14   45   75                                     1.0
   14   46   57                                     1.0
   14   46   61                                     1.0
   14   46   68                                     1.0
   14   46   74                                     2.0
   14   46   75                                     1.0
   14   46   77                                     1.0
   14   46   78                                     1.0
   14   46   82                                     1.0
   14   46   86                                     1.0
   14   46   90                                     1.0
   14   46   95                                     1.0
   14   46   97                                     1.0
   14   47   48                                     1.0
   14   47   52                                     2.0
   14   47   56                                     1.0
   14   47   57                                     1.0
   14   47   58                                     2.0
   14   47   61                                     1.0
   14   47   62                                     1.0
   14   47   63                                     1.0
   14   47   69                                     2.0
   14   47   74                                     1.0
   14   47   75                                     3.0
   14   47   76                                     2.0
   14   47   77                                     9.0
   14   47   78                                     3.0
   14   47   84                                     1.0
   14   47   90                                     4.0
   14   47   97                                     3.0
   14   48   53                                     1.0
   14   48   55                                     2.0
   14   48   57                                     2.0
   14   48   58                                     4.0
   14   48   61                                     2.0
   14   48   64                                     1.0
   14   48   66                                     1.0
   14   48   69                                     2.0
   14   48   74                                     3.0
   14   48   75                                     2.0
   14   48   76                                     2.0
   14   48   77                                     4.0
   14   48   78                                     1.0
   14   48   90                                     1.0
   14   48   97                                     1.0
   14   48   99                                     1.0
   14   49   55                                     1.0
   14   49   56                                     1.0
   14   49   57                                     4.0
   14   49   58                                     2.0
   14   49   61                                     1.0
   14   49   64                                     2.0
   14   49   66                                     1.0
   14   49   67                                     2.0
   14   49   69                                     2.0
   14   49   74                                     2.0
   14   49   75                                     2.0
   14   49   76                                     1.0
   14   49   77                                     3.0
   14   49   78                                     1.0
   14   49   89                                     1.0
   14   49   90                                     1.0
   14   49   95                                     1.0
   14   49   97                                     1.0
   14   50   55                                     1.0
   14   50   56                                     2.0
   14   50   57                                     2.0
   14   50   58                                     2.0
   14   50   61                                     1.0
   14   50   64                                     1.0
   14   50   67                                     1.0
   14   50   69                                     1.0
   14   50   74                                     1.0
   14   50   75                                     1.0
   14   50   77                                     2.0
   14   50   97                                     1.0
   14   51   62                                     2.0
   14   51   67                                     1.0
   14   51   74                                     1.0
   14   51   76                                     2.0
   14   51   77                                     1.0
   14   51   78                                     1.0
   14   51   81                                     1.0
   14   51   89                                     1.0
   14   51   90                                     1.0
   14   51   96                                     1.0
   14   52   56                                     1.0
   14   52   61                                     1.0
   14   52   64                                     2.0
   14   52   69                                     1.0
   14   52   70                                     2.0
   14   52   74                                     1.0
   14   52   77                                     2.0
   14   52   85                                     2.0
   14   52   89                                     3.0
   14   52   90                                     3.0
   14   52   93                                     2.0
   14   52   97                                     1.0
   14   52  100                                     1.0
   14   53   56                                     1.0
   14   53   57                                     2.0
   14   53   61                                     2.0
   14   53   64                                     2.0
   14   53   66                                     4.0
   14   53   67                                     1.0
   14   53   70                                     4.0
   14   53   85                                     4.0
   14   53   86                                     1.0
   14   53   88                                     1.0
   14   53   89                                     1.0
   14   53   90                                     2.0
   14   53   93                                     2.0
   14   53   99                                     1.0
   14   53  100                                     2.0
   14   54   61                                     5.0
   14   54   64                                     1.0
   14   54   66                                     2.0
   14   54   69                                     1.0
   14   54   70                                     2.0
   14   54   74                                     1.0
   14   54   76                                     2.0
   14   54   85                                     3.0
   14   54   86                                     1.0
   14   54   88                                     2.0
   14   54   89                                     1.0
   14   54   90                                     1.0
   14   54   93                                     1.0
   14   54  100                                     1.0
   14   55   56                                     1.0
   14   55   57                                     1.0
   14   55   61                                     3.0
   14   55   64                                     3.0
   14   55   66                                     2.0
   14   55   67                                     1.0
   14   55   70                                     2.0
   14   55   85                                     1.0
   14   55   86                                     2.0
   14   55   88                                     1.0
   14   55   89                                     1.0
   14   55   93                                     1.0
   14   55  100                                     1.0
   14   56   66                                     2.0
   14   56   69                                     2.0
   14   56   70                                     1.0
   14   56   74                                     1.0
   14   56   76                                     1.0
   14   56   85                                     1.0
   14   56   91                                     2.0
   14   56   98                                     1.0
   14   57   60                                     1.0
   14   57   61                                     1.0
   14   57   76                                     1.0
   14   57   85                                     1.0
   14   57   86                                     1.0
   14   57   88                                     1.0
   14   57   94                                     1.0
   14   58   63                                     1.0
   14   58   74                                     1.0
   14   58   76                                     1.0
   14   58   98                                     1.0
   14   59   65                                     1.0
   14   59   66                                     1.0
   14   59   85                                     1.0
   14   59   86                                     1.0
   14   59   88                                     1.0
   14   60   75                                     1.0
   14   61   68                                     2.0
   14   61   75                                     1.0
   14   61   85                                     1.0
   14   61   88                                     1.0
   14   62   76                                     1.0
   14   62   90                                     1.0
   14   63   89                                     1.0
   14   64   87                                     1.0
   14   64   94                                     1.0
   14   64   95                                     1.0
   14   65   73                                     1.0
   14   68   83                                     1.0
   14   68   90                                     1.0
   14   71   95                                     1.0
   14   73   83                                     1.0
   14   78   88                                     1.0
   14   80   98                                     1.0
   14   82   93                                     1.0
   15   16   18                                     1.0
   15   17   18                                     1.0
   15   17   19                                     1.0
   15   17   20                                     1.0
   15   17   31                                     1.0
   15   17   38                                     1.0
   15   17   40                                     1.0
   15   17   41                                     1.0
   15   17   42                                     1.0
   15   17   43                                     1.0
   15   17   44                                     2.0
   15   17   46                                     1.0
   15   18   21                                     2.0
   15   18   22                                     1.0
   15   18   25                                     1.0
   15   18   29                                     1.0
   15   18   32                                     1.0
   15   18   34                                     1.0
   15   18   36                                     1.0
   15   18   37                                     1.0
   15   18   38                                     5.0
   15   18   39                                     2.0
   15   18   40                                     5.0
   15   18   42                                     5.0
   15   18   43                                     2.0
   15   18   44                                     1.0
   15   18   45                                     3.0
   15   18   46                                     1.0
   15   19   29                                     2.0
   15   19   30                                     3.0
   15   19   31                                     2.0
   15   19   32                                     2.0
   15   19   33                                     2.0
   15   19   34                                     3.0
   15   19   36                                     8.0
   15   19   38                                     3.0
   15   19   39                                     5.0
   15   19   41                                     1.0
   15   20   22                                     1.0
   15   20   23                                     1.0
   15   20   27                                     2.0
   15   20   29                                     1.0
   15   20   30                                     2.0
   15   20   31                                     4.0
   15   20   32                                     4.0
   15   20   33                                     4.0
   15   20   34                                     5.0
   15   20   35                                     5.0
   15   20   37                                     2.0
   15   20   38                                     6.0
   15   20   41                                     1.0
   15   20   45                                     1.0
   15   21   26                                     1.0
   15   21   27                                     1.0
   15   21   29                                     5.0
   15   21   30                                     6.0
   15   21   31                                     1.0
   15   21   32                                     3.0
   15   21   34                                     6.0
   15   21   35                                     4.0
   15   21   38                                     2.0
   15   21   41                                     1.0
   15   21   53                                     1.0
   15   22   26                                     4.0
   15   22   27                                     3.0
   15   22   28                                     5.0
   15   22   29                                     1.0
   15   22   30                                     3.0
   15   22   31                                     1.0
   15   22   33                                     1.0
   15   22   34                                     1.0
   15   22   35                                     1.0
   15   22   38                                     1.0
   15   22   42                                     1.0
   15   22   48                                     1.0
   15   22   52                                     1.0
   15   23   24                                     1.0
   15   23   25                                     1.0
   15   23   27                                     2.0
   15   23   28                                     1.0
   15   23   29                                     1.0
   15   23   30                                     1.0
   15   23   31                                     1.0
   15   23   33                                     1.0
   15   23   35                                     3.0
   15   23   37                                     1.0
   15   23   38                                     1.0
   15   23   47                                     2.0
   15   23   48                                     2.0
   15   23   49                                     1.0
   15   23   50                                     2.0
   15   23   51                                     1.0
   15   24   26                                     1.0
   15   24   29                                     1.0
   15   24   31                                     1.0
   15   24   34                                     1.0
   15   24   47                                     2.0
   15   24   48                                     5.0
   15   24   49                                     5.0
   15   24   51                                     4.0
   15   25   27                                     1.0
   15   25   30                                     1.0
   15   25   39                                     1.0
   15   25   41                                     4.0
   15   25   42                                     5.0
   15   25   44                                     6.0
   15   25   45                                     5.0
   15   25   46                                     3.0
   15   25   50                                     5.0
   15   25   54                                     3.0
   15   25   55                                     1.0
   15   26   27                                     1.0
   15   26   32                                     1.0
   15   26   33                                     1.0
   15   26   34                                     2.0
   15   26   36                                     8.0
   15   26   39                                     9.0
   15   26   41                                     3.0
   15   26   42                                     4.0
   15   26   43                                     5.0
   15   26   44                                     5.0
   15   26   46                                     3.0
   15   26   49                                     5.0
   15   26   53                                     2.0
   15   26   54                                     2.0
   15   27   32                                     3.0
   15   27   34                                     3.0
   15   27   36                                     2.0
   15   27   38                                     8.0
   15   27   39                                     3.0
   15   27   41                                     2.0
   15   27   42                                     1.0
   15   27   43                                     1.0
   15   27   44                                     3.0
   15   27   45                                     1.0
   15   27   47                                     1.0
   15   27   49                                     1.0
   15   27   53                                     1.0
   15   27   67                                     3.0
   15   27   73                                     2.0
   15   27   92                                     1.0
   15   28   32                                     4.0
   15   28   33                                     3.0
   15   28   34                                     2.0
   15   28   35                                     1.0
   15   28   38                                     9.0
   15   28   41                                     1.0
   15   28   44                                     1.0
   15   28   46                                     1.0
   15   28   51                                     1.0
   15   28   73                                     2.0
   15   28   92                                     2.0
   15   29   31                                     2.0
   15   29   32                                     2.0
   15   29   34                                     1.0
   15   29   37                                     1.0
   15   29   38                                     1.0
   15   29   44                                     2.0
   15   29   53                                     2.0
   15   29   67                                     1.0
   15   29   92                                     1.0
   15   30   32                                     1.0
   15   30   37                                     2.0
   15   30   38                                     1.0
   15   30   53                                     3.0
   15   30   58                                     8.0
   15   30   93                                     1.0
   15   31   32                                     1.0
   15   31   39                                     1.0
   15   31   46                                     1.0
   15   31   48                                     2.0
   15   31   49                                     1.0
   15   31   50                                     4.0
   15   31   52                                     4.0
   15   31   54                                     3.0
   15   31   56                                     6.0
   15   31   57                                     4.0
   15   31   58                                     2.0
   15   31   72                                     2.0
   15   31   77                                     1.0
   15   31   81                                     1.0
   15   32   36                                     1.0
   15   32   37                                     1.0
   15   32   38                                     2.0
   15   32   41                                     2.0
   15   32   42                                     1.0
   15   32   44                                     1.0
   15   32   45                                     3.0
   15   32   46                                     1.0
   15   32   48                                     2.0
   15   32   49                                     4.0
   15   32   51                                     3.0
   15   32   52                                     1.0
   15   32   54                                     2.0
   15   32   56                                     1.0
   15   32   57                                     2.0
   15   32   58                                     1.0
   15   32   72                                     2.0
   15   32   80                                     2.0
   15   32   81                                     4.0
   15   33   35                                     1.0
   15   33   36                                     1.0
   15   33   37                                     3.0
   15   33   38                                     2.0
   15   33   41                                     1.0
   15   33   42                                     3.0
   15   33   44                                     4.0
   15   33   45                                     1.0
   15   33   46                                     2.0
   15   33   48                                     1.0
   15   33   49                                     2.0
   15   33   51                                     1.0
   15   33   54                                     1.0
   15   33   72                                     1.0
   15   33   81                                     2.0
   15   34   37                                     3.0
   15   34   38                                     1.0
   15   34   41                                     2.0
   15   34   42                                     1.0
   15   34   44                                     3.0
   15   34   46                                     1.0
   15   34   48                                     1.0
   15   34   49                                     1.0
   15   34   51                                     1.0
   15   34   56                                     1.0
   15   34   57                                     1.0
   15   34   72                                     1.0
   15   34   81                                     2.0
   15   35   36                                     4.0
   15   35   37                                     2.0
   15   35   41                                     1.0
   15   35   42                                     1.0
   15   35   44                                     2.0
   15   35   46                                     1.0
   15   35   51                                     1.0
   15   36   43                                     1.0
   15   36   44                                     1.0
   15   36   49                                     1.0
   15   36   52                                     1.0
   15   36   68                                     3.0
   15   36   73                                     4.0
   15   36   92                                     1.0
   15   37   45                                     1.0
   15   37   47                                     1.0
   15   37   49                                     2.0
   15   37   56                                     2.0
   15   37   59                                     4.0
   15   37   60                                     2.0
   15   37   68                                     2.0
   15   37   72                                     1.0
   15   37   73                                     2.0
   15   37   82                                     1.0
   15   37   97                                     1.0
   15   38   44                                     1.0
   15   38   45                                     5.0
   15   38   46                                     1.0
   15   38   47                                     2.0
   15   38   48                                     1.0
   15   38   49                                     1.0
   15   38   51                                     2.0
   15   38   56                                     2.0
   15   38   59                                     1.0
   15   38   60                                     2.0
   15   38   65                                     1.0
   15   38   66                                     2.0
   15   38   68                                     1.0
   15   38   72                                     3.0
   15   38   73                                     1.0
   15   39   40                                     1.0
   15   39   41                                     1.0
   15   39   44                                     1.0
   15   39   45                                     2.0
   15   39   46                                     1.0
   15   39   47                                     1.0
   15   39   48                                     1.0
   15   39   50                                     1.0
   15   39   51                                     2.0
   15   39   56                                     1.0
   15   39   59                                     1.0
   15   39   60                                     1.0
   15   39   66                                     1.0
   15   39   72                                     1.0
   15   39   73                                     3.0
   15   40   42                                     1.0
   15   40   43                                     1.0
   15   40   44                                     1.0
   15   40   45                                     1.0
   15   40   46                                     1.0
   15   40   47                                     1.0
   15   40   60                                     1.0
   15   40   66                                     1.0
   15   40   68                                     1.0
   15   40   72                                     2.0
   15   41   44                                     2.0
   15   41   45                                     1.0
   15   41   46                                     1.0
   15   41   47                                     1.0
   15   41   48                                     1.0
   15   41   51                                     1.0
   15   41   56                                     1.0
   15   41   65                                     1.0
   15   41   66                                     1.0
   15   41   72                                     1.0
   15   41   73                                     1.0
   15   41   85                                     2.0
   15   42   43                                     1.0
   15   42   45                                     1.0
   15   42   53                                     2.0
   15   42   54                                     1.0
   15   42   59                                     1.0
   15   42   61                                     1.0
   15   42   65                                     2.0
   15   42   67                                     4.0
   15   42   85                                     2.0
   15   42   90                                     3.0
   15   42   91                                     2.0
   15   42   96                                     1.0
   15   43   50                                     2.0
   15   43   51                                     1.0
   15   43   53                                     1.0
   15   43   54                                     2.0
   15   43   55                                     1.0
   15   43   56                                     2.0
   15   43   60                                     2.0
   15   43   61                                     2.0
   15   43   65                                     2.0
   15   43   66                                     1.0
   15   43   67                                     1.0
   15   43   73                                     1.0
   15   43   86                                     2.0
   15   43   90                                     2.0
   15   43   91                                     2.0
   15   44   49                                     3.0
   15   44   50                                     1.0
   15   44   53                                     1.0
   15   44   54                                     1.0
   15   44   55                                     2.0
   15   44   56                                     1.0
   15   44   61                                     1.0
   15   44   65                                     1.0
   15   44   67                                     2.0
   15   44   73                                     1.0
   15   44   90                                     1.0
   15   44   91                                     1.0
   15   45   47                                     1.0
   15   45   49                                     2.0
   15   45   53                                     1.0
   15   45   54                                     1.0
   15   45   55                                     1.0
   15   45   56                                     1.0
   15   45   57                                     1.0
   15   45   61                                     1.0
   15   45   65                                     1.0
   15   45   67                                     2.0
   15   45   86                                     1.0
   15   45   91                                     1.0
   15   46   55                                     1.0
   15   46   56                                     1.0
   15   46   67                                     1.0
   15   46   72                                     1.0
   15   46   90                                     1.0
   15   47   52                                     1.0
   15   47   55                                     1.0
   15   47   58                                     1.0
   15   47   61                                     2.0
   15   47   63                                     1.0
   15   47   67                                     1.0
   15   47   74                                     1.0
   15   47   75                                     2.0
   15   47   76                                     5.0
   15   47   95                                     3.0
   15   48   53                                     1.0
   15   48   55                                     4.0
   15   48   57                                     1.0
   15   48   58                                     2.0
   15   48   61                                     2.0
   15   48   62                                     1.0
   15   48   65                                     1.0
   15   48   66                                     1.0
   15   48   67                                     1.0
   15   48   68                                     3.0
   15   48   73                                     2.0
   15   48   76                                     2.0
   15   48   83                                     1.0
   15   48   91                                     1.0
   15   48   95                                     1.0
   15   49   55                                     3.0
   15   49   56                                     1.0
   15   49   57                                     2.0
   15   49   58                                     1.0
   15   49   61                                     1.0
   15   49   62                                     1.0
   15   49   66                                     2.0
   15   49   68                                     1.0
   15   49   73                                     3.0
   15   49   76                                     2.0
   15   49   95                                     1.0
   15   50   54                                     1.0
   15   50   58                                     1.0
   15   50   61                                     1.0
   15   50   62                                     1.0
   15   50   66                                     1.0
   15   50   68                                     1.0
   15   50   73                                     1.0
   15   50   76                                     1.0
   15   50   86                                     1.0
   15   50   95                                     1.0
   15   51   54                                     1.0
   15   51   56                                     1.0
   15   51   62                                     1.0
   15   51   66                                     1.0
   15   51   68                                     1.0
   15   51   76                                     1.0
   15   51   88                                     1.0
   15   52   60                                     2.0
   15   52   62                                     1.0
   15   52   64                                     2.0
   15   52   68                                     1.0
   15   52   69                                     1.0
   15   52   73                                     1.0
   15   52   76                                     1.0
   15   52   83                                     1.0
   15   52   88                                     3.0
   15   52   90                                     3.0
   15   52   91                                     1.0
   15   52   92                                     2.0
   15   52   95                                     1.0
   15   52   98                                     1.0
   15   53   55                                     1.0
   15   53   57                                     1.0
   15   53   61                                     2.0
   15   53   64                                     4.0
   15   53   66                                     3.0
   15   53   69                                     2.0
   15   53   74                                     1.0
   15   53   82                                     2.0
   15   53   83                                     2.0
   15   53   88                                     1.0
   15   53   90                                     2.0
   15   53   92                                     2.0
   15   53   98                                     2.0
   15   54   60                                     1.0
   15   54   61                                     1.0
   15   54   64                                     2.0
   15   54   66                                     1.0
   15   54   69                                     1.0
   15   54   80                                     2.0
   15   54   82                                     2.0
   15   54   83                                     2.0
   15   54   88                                     1.0
   15   54   90                                     1.0
   15   54   92                                     2.0
   15   54   98                                     1.0
   15   55   56                                     1.0
   15   55   60                                     2.0
   15   55   63                                     1.0
   15   55   64                                     1.0
   15   55   66                                     2.0
   15   55   69                                     1.0
   15   55   80                                     1.0
   15   55   82                                     1.0
   15   55   88                                     1.0
   15   55   93                                     1.0
   15   55   99                                     1.0
   15   56   60                                     1.0
   15   56   61                                     1.0
   15   56   63                                     1.0
   15   56   66                                     2.0
   15   56   80                                     1.0
   15   56   83                                     1.0
   15   56   90                                     1.0
   15   56   99                                     1.0
   15   57   67                                     1.0
   15   57   69                                     1.0
   15   57   73                                     1.0
   15   57   80                                     1.0
   15   57   82                                     1.0
   15   57   90                                     1.0
   15   57   93                                     1.0
   15   58   62                                     1.0
   15   58   63                                     1.0
   15   58   68                                     1.0
   15   58   75                                     1.0
   15   59   65                                     1.0
   15   59   83                                     1.0
   15   59   96                                     1.0
   15   59   99                                     1.0
   15   61   67                                     1.0
   15   61   77                                     1.0
   15   61   82                                     1.0
   15   61   88                                     1.0
   15   63   90                                     1.0
   15   65   71                                     1.0
   15   65   93                                     1.0
   15   66   72                                     1.0
   15   70   80                                     1.0
   15   70   82                                     1.0
   16   17   23                                     1.0
   16   17   42                                     1.0
   16   17   45                                     1.0
   16   18   29                                     2.0
   16   18   30                                     1.0
   16   18   31                                     1.0
   16   18   32                                     2.0
   16   18   33                                     1.0
   16   18   34                                     3.0
   16   18   36                                     4.0
   16   18   37                                     3.0
   16   18   38                                     2.0
   16   18   39                                     2.0
   16   18   40                                     1.0
   16   18   41                                     1.0
   16   18   43                                     3.0
   16   18   44                                     1.0
   16   18   49                                     1.0
   16   19   27                                     3.0
   16   19   28                                     4.0
   16   19   29                                     3.0
   16   19   30                                     3.0
   16   19   31                                     6.0
   16   19   32                                     1.0
   16   19   33                                     6.0
   16   19   34                                     3.0
   16   19   36                                     2.0
   16   19   37                                     2.0
   16   19   38                                     1.0
   16   19   41                                     2.0
   16   19   44                                     1.0
   16   19   47                                     1.0
   16   20   25                                     1.0
   16   20   27                                     3.0
   16   20   28                                     1.0
   16   20   29                                     1.0
   16   20   30                                    11.0
   16   20   31                                     1.0
   16   20   32                                     7.0
   16   20   33                                     2.0
   16   20   34                                     5.0
   16   20   35                                     3.0
   16   20   37                                     4.0
   16   20   40                                     1.0
   16   20   47                                     1.0
   16   20   52                                     1.0
   16   21   24                                     1.0
   16   21   25                                     7.0
   16   21   26                                     2.0
   16   21   27                                     9.0
   16   21   28                                     6.0
   16   21   29                                     1.0
   16   21   30                                     5.0
   16   21   34                                     1.0
   16   21   38                                     1.0
   16   21   45                                     1.0
   16   21   49                                     1.0
   16   21   51                                     1.0
   16   21   52                                     1.0
   16   22   23                                     1.0
   16   22   24                                     3.0
   16   22   25                                     2.0
   16   22   26                                     1.0
   16   22   27                                     2.0
   16   22   30                                     1.0
   16   22   35                                     1.0
   16   22   47                                     1.0
   16   22   49                                     1.0
   16   22   51                                     2.0
   16   22   52                                     3.0
   16   23   24                                     1.0
   16   23   26                                     1.0
   16   23   28                                     1.0
   16   23   29                                     1.0
   16   23   35                                     1.0
   16   23   41                                     1.0
   16   23   43                                     1.0
   16   23   45                                     2.0
   16   23   46                                     1.0
   16   23   48                                     3.0
   16   23   49                                     1.0
   16   23   50                                     3.0
   16   23   51                                     2.0
   16   24   29                                     1.0
   16   24   33                                     1.0
   16   24   41                                     1.0
   16   24   42                                     1.0
   16   24   43                                     3.0
   16   24   44                                     1.0
   16   24   45                                     7.0
   16   24   46                                     5.0
   16   24   47                                     1.0
   16   24   48                                     1.0
   16   24   49                                     1.0
   16   24   50                                     2.0
   16   25   30                                     1.0
   16   25   38                                     1.0
   16   25   39                                     7.0
   16   25   41                                     2.0
   16   25   42                                     5.0
   16   25   43                                     4.0
   16   25   44                                     8.0
   16   25   45                                     2.0
   16   25   46                                     2.0
   16   25   47                                     5.0
   16   25   49                                     1.0
   16   25   57                                     1.0
   16   26   33                                     1.0
   16   26   34                                     4.0
   16   26   35                                     5.0
   16   26   36                                     4.0
   16   26   37                                     4.0
   16   26   38                                     1.0
   16   26   39                                     3.0
   16   26   41                                     3.0
   16   26   42                                     2.0
   16   26   43                                     1.0
   16   26   45                                     4.0
   16   26   53                                     1.0
   16   26   54                                     1.0
   16   27   32                                    11.0
   16   27   33                                     3.0
   16   27   34                                     6.0
   16   27   35                                     6.0
   16   27   36                                     1.0
   16   27   37                                     8.0
   16   27   39                                     2.0
   16   27   40                                     1.0
   16   27   41                                     4.0
   16   27   42                                     3.0
   16   27   45                                     1.0
   16   27   46                                     1.0
   16   27   51                                     1.0
   16   27   52                                     1.0
   16   27   53                                     2.0
   16   27   55                                     2.0
   16   27   67                                     3.0
   16   27   73                                     1.0
   16   27   78                                     1.0
   16   28   29                                     1.0
   16   28   31                                     2.0
   16   28   32                                     4.0
   16   28   33                                     5.0
   16   28   34                                     3.0
   16   28   35                                     3.0
   16   28   37                                     3.0
   16   28   38                                     2.0
   16   28   39                                     1.0
   16   28   40                                     1.0
   16   28   41                                     1.0
   16   28   42                                     3.0
   16   28   45                                     1.0
   16   28   49                                     1.0
   16   28   52                                     2.0
   16   28   53                                     1.0
   16   28   55                                     2.0
   16   28   67                                     2.0
   16   28   73                                     2.0
   16   28   78                                     4.0
   16   28   93                                     2.0
   16   29   30                                     2.0
   16   29   31                                     2.0
   16   29   32                                     2.0
   16   29   33                                     1.0
   16   29   37                                     1.0
   16   29   41                                     3.0
   16   29   53                                     5.0
   16   29   55                                     1.0
   16   29   67                                     1.0
   16   29   73                                     2.0
   16   29   78                                     2.0
   16   29   93                                     1.0
   16   30   30                                     1.0
   16   30   32                                     1.0
   16   30   33                                     1.0
   16   30   36                                     1.0
   16   30   42                                     1.0
   16   30   49                                     6.0
   16   30   50                                     1.0
   16   30   51                                     6.0
   16   30   52                                     5.0
   16   30   53                                     2.0
   16   30   55                                     4.0
   16   30   58                                     2.0
   16   30   67                                     1.0
   16   30   78                                     1.0
   16   30   85                                     1.0
   16   30   93                                     1.0
   16   31   38                                     1.0
   16   31   46                                     3.0
   16   31   47                                     2.0
   16   31   50                                     5.0
   16   31   51                                     1.0
   16   31   52                                     5.0
   16   31   53                                     4.0
   16   31   55                                     7.0
   16   31   57                                     1.0
   16   31   73                                     1.0
   16   31   93                                     1.0
   16   32   38                                     5.0
   16   32   41                                     2.0
   16   32   42                                     1.0
   16   32   43                                     5.0
   16   32   44                                     3.0
   16   32   46                                     2.0
   16   32   47                                     5.0
   16   32   49                                     1.0
   16   32   50                                     2.0
   16   32   51                                     3.0
   16   32   52                                     1.0
   16   32   53                                     2.0
   16   32   55                                     1.0
   16   32   67                                     1.0
   16   32   74                                     1.0
   16   32   79                                     1.0
   16   32   83                                     2.0
   16   32   85                                     1.0
   16   32   93                                     1.0
   16   32   97                                     6.0
   16   33   35                                     1.0
   16   33   36                                     1.0
   16   33   37                                     1.0
   16   33   38                                     7.0
   16   33   41                                     2.0
   16   33   42                                     2.0
   16   33   43                                     3.0
   16   33   44                                     2.0
   16   33   47                                     2.0
   16   33   49                                     1.0
   16   33   51                                     2.0
   16   33   52                                     1.0
   16   33   56                                     1.0
   16   33   74                                     2.0
   16   33   83                                     2.0
   16   33   97                                     3.0
   16   34   35                                     2.0
   16   34   37                                     1.0
   16   34   38                                     2.0
   16   34   41                                     1.0
   16   34   42                                     1.0
   16   34   43                                     1.0
   16   34   45                                     1.0
   16   34   47                                     2.0
   16   34   51                                     1.0
   16   34   73                                     1.0
   16   34   74                                     1.0
   16   34   97                                     1.0
   16   35   37                                     1.0
   16   35   40                                     1.0
   16   35   43                                     2.0
   16   35   49                                     2.0
   16   35   51                                     1.0
   16   35   62                                     2.0
   16   35   74                                     1.0
   16   35   78                                     1.0
   16   35   81                                     1.0
   16   35   97                                     1.0
   16   36   41                                     1.0
   16   36   42                                     1.0
   16   36   47                                     1.0
   16   36   53                                     1.0
   16   36   62                                     3.0
   16   36   63                                     1.0
   16   36   67                                     1.0
   16   36   68                                     9.0
   16   36   72                                     1.0
   16   36   77                                     3.0
   16   37   41                                     1.0
   16   37   50                                     1.0
   16   37   52                                     1.0
   16   37   53                                     1.0
   16   37   56                                     1.0
   16   37   57                                     3.0
   16   37   60                                     3.0
   16   37   62                                     4.0
   16   37   67                                     3.0
   16   37   68                                     2.0
   16   37   69                                     1.0
   16   37   77                                     2.0
   16   37   97                                     1.0
   16   38   41                                     1.0
   16   38   50                                     1.0
   16   38   52                                     2.0
   16   38   53                                     2.0
   16   38   56                                     2.0
   16   38   57                                     2.0
   16   38   60                                     1.0
   16   38   62                                     1.0
   16   38   67                                     1.0
   16   38   68                                     2.0
   16   38   77                                     1.0
   16   39   39                                     1.0
   16   39   42                                     1.0
   16   39   44                                     2.0
   16   39   46                                     1.0
   16   39   47                                     1.0
   16   39   48                                     2.0
   16   39   52                                     1.0
   16   39   53                                     1.0
   16   39   56                                     1.0
   16   39   57                                     1.0
   16   39   60                                     1.0
   16   39   63                                     1.0
   16   39   67                                     1.0
   16   39   82                                     1.0
   16   40   41                                     1.0
   16   40   48                                     1.0
   16   40   52                                     1.0
   16   40   56                                     1.0
   16   40   60                                     1.0
   16   40   78                                     1.0
   16   41   43                                     1.0
   16   41   48                                     1.0
   16   41   53                                     1.0
   16   41   63                                     1.0
   16   41   85                                     2.0
   16   42   53                                     2.0
   16   42   56                                     1.0
   16   42   57                                     1.0
   16   42   67                                     1.0
   16   42   70                                     1.0
   16   42   72                                     3.0
   16   42   85                                     2.0
   16   42   91                                     3.0
   16   43   49                                     2.0
   16   43   52                                     1.0
   16   43   53                                     3.0
   16   43   58                                     1.0
   16   43   66                                     2.0
   16   43   70                                     2.0
   16   43   72                                     1.0
   16   43   85                                     1.0
   16   43   91                                     2.0
   16   44   47                                     1.0
   16   44   48                                     1.0
   16   44   49                                     1.0
   16   44   52                                     1.0
   16   44   53                                     3.0
   16   44   59                                     2.0
   16   44   60                                     1.0
   16   44   66                                     1.0
   16   44   70                                     1.0
   16   44   72                                     1.0
   16   44   85                                     1.0
   16   44   91                                     1.0
   16   45   48                                     1.0
   16   45   49                                     1.0
   16   45   53                                     2.0
   16   45   59                                     1.0
   16   45   63                                     1.0
   16   45   66                                     1.0
   16   45   70                                     1.0
   16   45   72                                     1.0
   16   45   85                                     1.0
   16   46   47                                     1.0
   16   46   53                                     2.0
   16   46   59                                     1.0
   16   46   66                                     1.0
   16   46   70                                     1.0
   16   47   51                                     1.0
   16   47   52                                     1.0
   16   47   55                                     1.0
   16   47   58                                     1.0
   16   47   60                                     1.0
   16   47   72                                     1.0
   16   47   74                                     1.0
   16   47   86                                     3.0
   16   47   89                                     3.0
   16   47   92                                     1.0
   16   47   95                                     1.0
   16   48   54                                     1.0
   16   48   56                                     1.0
   16   48   58                                     2.0
   16   48   59                                     1.0
   16   48   60                                     2.0
   16   48   66                                     1.0
   16   48   67                                     1.0
   16   48   71                                     2.0
   16   48   74                                     2.0
   16   48   86                                     2.0
   16   48   89                                     2.0
   16   48   94                                     2.0
   16   48   95                                     2.0
   16   49   52                                     1.0
   16   49   54                                     2.0
   16   49   56                                     1.0
   16   49   58                                     1.0
   16   49   60                                     1.0
   16   49   62                                     2.0
   16   49   70                                     1.0
   16   49   71                                     1.0
   16   49   74                                     2.0
   16   49   86                                     1.0
   16   49   89                                     1.0
   16   49   94                                     1.0
   16   49   95                                     1.0
   16   50   56                                     1.0
   16   50   58                                     1.0
   16   50   60                                     1.0
   16   50   62                                     1.0
   16   50   71                                     1.0
   16   50   89                                     1.0
   16   50   94                                     1.0
   16   50   96                                     1.0
   16   51   54                                     1.0
   16   51   55                                     1.0
   16   51   71                                     1.0
   16   51   74                                     1.0
   16   51   86                                     1.0
   16   51   87                                     1.0
   16   51   94                                     1.0
   16   51   96                                     1.0
   16   52   58                                     1.0
   16   52   62                                     1.0
   16   52   63                                     1.0
   16   52   68                                     1.0
   16   52   87                                     3.0
   16   52   88                                     3.0
   16   52   91                                     2.0
   16   52   94                                     1.0
   16   52   95                                     1.0
   16   53   56                                     1.0
   16   53   59                                     1.0
   16   53   60                                     1.0
   16   53   61                                     2.0
   16   53   62                                     1.0
   16   53   63                                     2.0
   16   53   66                                     1.0
   16   53   68                                     2.0
   16   53   71                                     1.0
   16   53   87                                     1.0
   16   53   88                                     1.0
   16   53   89                                     2.0
   16   53   91                                     2.0
   16   53   95                                     2.0
   16   54   60                                     3.0
   16   54   63                                     1.0
   16   54   68                                     1.0
   16   54   74                                     1.0
   16   54   87                                     1.0
   16   54   89                                     1.0
   16   54   91                                     1.0
   16   54   95                                     1.0
   16   55   60                                     1.0
   16   55   63                                     1.0
   16   55   68                                     1.0
   16   55   91                                     1.0
   16   55   95                                     1.0
   16   55   96                                     1.0
   16   56   60                                     1.0
   16   56   69                                     1.0
   16   56   87                                     1.0
   16   56   95                                     2.0
   16   57   68                                     1.0
   16   57   71                                     1.0
   16   57   89                                     1.0
   16   58   61                                     1.0
   16   58   62                                     1.0
   16   58   85                                     1.0
   16   58   91                                     1.0
   16   59   96                                     1.0
   16   60   81                                     1.0
   16   60   89                                     1.0
   16   61   73                                     1.0
   16   61   87                                     1.0
   16   63   88                                     1.0
   16   65   81                                     1.0
   16   65   91                                     1.0
   16   66   95                                     1.0
   16   68   98                                     1.0
   16   86   97                                     1.0
   17   17   34                                     1.0
   17   18   28                                     1.0
   17   18   29                                     1.0
   17   18   31                                     2.0
   17   18   33                                     2.0
   17   18   36                                     1.0
   17   18   41                                     1.0
   17   18   47                                     1.0
   17   19   26                                     1.0
   17   19   27                                     6.0
   17   19   28                                     1.0
   17   19   29                                     5.0
   17   19   31                                     2.0
   17   19   32                                     1.0
   17   19   34                                     5.0
   17   19   35                                     1.0
   17   19   37                                     2.0
   17   19   48                                     1.0
   17   20   27                                     8.0
   17   20   28                                     5.0
   17   20   29                                     1.0
   17   20   30                                     7.0
   17   20   31                                     2.0
   17   20   32                                     2.0
   17   20   34                                     1.0
   17   20   35                                     1.0
   17   20   38                                     1.0
   17   20   51                                     2.0
   17   21   23                                     1.0
   17   21   24                                     2.0
   17   21   25                                     9.0
   17   21   26                                     5.0
   17   21   27                                     2.0
   17   21   28                                     4.0
   17   21   30                                     2.0
   17   21   31                                     1.0
   17   21   45                                     1.0
   17   21   52                                     2.0
   17   21   53                                     1.0
   17   21   54                                     1.0
   17   22   23                                     1.0
   17   22   24                                     3.0
   17   22   25                                     1.0
   17   22   26                                     1.0
   17   22   28                                     1.0
   17   22   33                                     1.0
   17   22   35                                     1.0
   17   22   46                                     1.0
   17   22   48                                     2.0
   17   22   49                                     1.0
   17   22   50                                     4.0
   17   22   51                                     4.0
   17   22   52                                     3.0
   17   22   53                                     1.0
   17   22   63                                     1.0
   17   22   99                                     1.0
   17   23   25                                     1.0
   17   23   26                                     2.0
   17   23   37                                     1.0
   17   23   43                                     1.0
   17   23   44                                     2.0
   17   23   45                                     1.0
   17   23   46                                     2.0
   17   23   47                                     2.0
   17   23   48                                     3.0
   17   23   49                                     3.0
   17   23   50                                     3.0
   17   23   99                                     2.0
   17   24   42                                     4.0
   17   24   44                                     6.0
   17   24   46                                     4.0
   17   24   47                                     1.0
   17   25   27                                     1.0
   17   25   37                                     5.0
   17   25   38                                     4.0
   17   25   40                                     9.0
   17   25   41                                     8.0
   17   25   43                                     4.0
   17   25   44                                     4.0
   17   25   46                                     2.0
   17   25   47                                     1.0
   17   25   54                                     1.0
   17   25   55                                     1.0
   17   26   31                                     1.0
   17   26   33                                     2.0
   17   26   34                                     6.0
   17   26   35                                     7.0
   17   26   36                                     8.0
   17   26   37                                     6.0
   17   26   38                                    10.0
   17   26   40                                     6.0
   17   26   41                                     3.0
   17   26   43                                     3.0
   17   26   54                                     4.0
   17   26   55                                     1.0
   17   27   31                                     3.0
   17   27   32                                     4.0
   17   27   33                                     2.0
   17   27   34                                     4.0
   17   27   35                                     2.0
   17   27   36                                     2.0
   17   27   37                                     3.0
   17   27   40                                     1.0
   17   27   49                                     3.0
   17   27   52                                     1.0
   17   27   53                                     1.0
   17   27   54                                     5.0
   17   27   55                                     5.0
   17   27   67                                     4.0
   17   27   73                                     2.0
   17   28   30                                     1.0
   17   28   31                                     4.0
   17   28   32                                     3.0
   17   28   33                                     2.0
   17   28   34                                     2.0
   17   28   35                                     1.0
   17   28   37                                     1.0
   17   28   40                                     1.0
   17   28   46                                     1.0
   17   28   49                                     1.0
   17   28   52                                     4.0
   17   28   53                                     3.0
   17   28   54                                     8.0
   17   28   55                                     3.0
   17   28   56                                     2.0
   17   28   67                                     3.0
   17   28   73                                     4.0
   17   28   78                                     2.0
   17   28   79                                     2.0
   17   28   93                                     4.0
   17   29   33                                     2.0
   17   29   39                                     1.0
   17   29   40                                     1.0
   17   29   41                                     1.0
   17   29   49                                     1.0
   17   29   50                                     1.0
   17   29   52                                     8.0
   17   29   53                                     3.0
   17   29   54                                     8.0
   17   29   67                                     2.0
   17   29   73                                     2.0
   17   29   78                                     1.0
   17   29   79                                     2.0
   17   29   93                                     2.0
   17   30   36                                     1.0
   17   30   38                                     1.0
   17   30   39                                     1.0
   17   30   40                                     1.0
   17   30   45                                     1.0
   17   30   48                                     1.0
   17   30   49                                     6.0
   17   30   51                                     3.0
   17   30   52                                     3.0
   17   30   53                                     1.0
   17   30   67                                     1.0
   17   30   73                                     2.0
   17   30   79                                     1.0
   17   30   93                                     2.0
   17   31   34                                     1.0
   17   31   36                                     1.0
   17   31   39                                     2.0
   17   31   43                                     2.0
   17   31   44                                     4.0
   17   31   45                                     1.0
   17   31   47                                     4.0
   17   31   48                                     7.0
   17   31   49                                     3.0
   17   31   51                                     2.0
   17   31   53                                     1.0
   17   31   57                                     1.0
   17   31   73                                     1.0
   17   31   79                                     2.0
   17   31   93                                     1.0
   17   32   38                                     3.0
   17   32   39                                     2.0
   17   32   40                                     2.0
   17   32   41                                     7.0
   17   32   43                                     2.0
   17   32   44                                     4.0
   17   32   45                                     3.0
   17   32   47                                     1.0
   17   32   48                                     4.0
   17   32   49                                     4.0
   17   32   50                                     1.0
   17   32   51                                     1.0
   17   32   52                                     1.0
   17   32   55                                     1.0
   17   32   57                                     2.0
   17   32   59                                     2.0
   17   32   74                                     3.0
   17   32   84                                     2.0
   17   32   85                                     1.0
   17   32   98                                     6.0
   17   33   34                                     1.0
   17   33   35                                     2.0
   17   33   36                                     1.0
   17   33   37                                     1.0
   17   33   38                                     1.0
   17   33   39                                     1.0
   17   33   40                                     2.0
   17   33   41                                     3.0
   17   33   43                                     1.0
   17   33   44                                     4.0
   17   33   45                                     1.0
   17   33   47                                     1.0
   17   33   48                                     2.0
   17   33   49                                     2.0
   17   33   50                                     1.0
   17   33   52                                     2.0
   17   33   55                                     1.0
   17   33   57                                     2.0
   17   33   58                                     1.0
   17   33   59                                     5.0
   17   33   74                                     1.0
   17   33   79                                     1.0
   17   33   84                                     4.0
   17   33   93                                     1.0
   17   33   98                                     2.0
   17   34   36                                     2.0
   17   34   37                                     1.0
   17   34   38                                     2.0
   17   34   39                                     1.0
   17   34   41                                     1.0
   17   34   42                                     1.0
   17   34   44                                     2.0
   17   34   50                                     1.0
   17   34   52                                     1.0
   17   34   58                                     5.0
   17   34   59                                     9.0
   17   34   73                                     1.0
   17   34   74                                     1.0
   17   34   83                                     1.0
   17   34   84                                     3.0
   17   34   98                                     2.0
   17   35   38                                     1.0
   17   35   40                                     1.0
   17   35   44                                     3.0
   17   35   57                                     1.0
   17   35   59                                     1.0
   17   35   61                                     9.0
   17   35   74                                     1.0
   17   35   84                                     1.0
   17   35   98                                     2.0
   17   36   47                                     2.0
   17   36   48                                     1.0
   17   36   55                                     1.0
   17   36   56                                     1.0
   17   36   59                                     5.0
   17   36   61                                     4.0
   17   36   62                                     2.0
   17   36   63                                     3.0
   17   36   66                                     2.0
   17   36   80                                     1.0
   17   36   83                                     1.0
   17   36   84                                     2.0
   17   36   93                                     1.0
   17   37   48                                     2.0
   17   37   54                                     2.0
   17   37   55                                     3.0
   17   37   56                                     2.0
   17   37   57                                     3.0
   17   37   59                                     1.0
   17   37   61                                     5.0
   17   37   63                                     2.0
   17   37   66                                     2.0
   17   37   74                                     1.0
   17   37   98                                     1.0
   17   38   43                                     1.0
   17   38   44                                     2.0
   17   38   45                                     2.0
   17   38   48                                     2.0
   17   38   49                                     2.0
   17   38   54                                     2.0
   17   38   55                                     1.0
   17   38   56                                     2.0
   17   38   57                                     2.0
   17   38   61                                     2.0
   17   38   63                                     1.0
   17   38   66                                     1.0
   17   38   75                                     1.0
   17   38   84                                     1.0
   17   38   86                                     1.0
   17   39   44                                     1.0
   17   39   45                                     1.0
   17   39   48                                     1.0
   17   39   49                                     1.0
   17   39   54                                     1.0
   17   39   61                                     2.0
   17   39   63                                     1.0
   17   39   66                                     1.0
   17   40   41                                     1.0
   17   40   44                                     1.0
   17   40   45                                     1.0
   17   40   49                                     1.0
   17   40   55                                     1.0
   17   40   56                                     2.0
   17   40   57                                     1.0
   17   40   66                                     5.0
   17   40   68                                     1.0
   17   40   85                                     1.0
   17   41   48                                     1.0
   17   41   54                                     1.0
   17   41   61                                     2.0
   17   41   67                                     1.0
   17   41   73                                     2.0
   17   41   86                                     3.0
   17   41   97                                     2.0
   17   42   43                                     1.0
   17   42   44                                     1.0
   17   42   47                                     1.0
   17   42   52                                     1.0
   17   42   59                                     1.0
   17   42   62                                     2.0
   17   42   65                                     3.0
   17   42   73                                     3.0
   17   42   86                                     2.0
   17   42   97                                     2.0
   17   42   98                                     1.0
   17   43   49                                     1.0
   17   43   52                                     3.0
   17   43   53                                     1.0
   17   43   54                                     1.0
   17   43   57                                     1.0
   17   43   58                                     2.0
   17   43   62                                     2.0
   17   43   65                                     2.0
   17   43   73                                     1.0
   17   43   87                                     1.0
   17   43   97                                     2.0
   17   44   49                                     2.0
   17   44   51                                     2.0
   17   44   52                                     2.0
   17   44   58                                     2.0
   17   44   62                                     1.0
   17   44   87                                     1.0
   17   44   93                                     1.0
   17   45   51                                     1.0
   17   45   52                                     2.0
   17   45   65                                     1.0
   17   45   73                                     1.0
   17   45   80                                     1.0
   17   45   98                                     1.0
   17   46   48                                     1.0
   17   46   52                                     2.0
   17   46   58                                     1.0
   17   46   62                                     1.0
   17   46   73                                     1.0
   17   46   76                                     1.0
   17   47   50                                     1.0
   17   47   57                                     1.0
   17   47   65                                     1.0
   17   47   72                                     2.0
   17   47   74                                     3.0
   17   48   51                                     1.0
   17   48   54                                     1.0
   17   48   57                                     3.0
   17   48   63                                     2.0
   17   48   72                                     2.0
   17   48   74                                     2.0
   17   49   50                                     1.0
   17   49   54                                     1.0
   17   49   56                                     1.0
   17   49   57                                     1.0
   17   49   62                                     1.0
   17   49   63                                     1.0
   17   49   72                                     1.0
   17   49   74                                     1.0
   17   50   53                                     1.0
   17   50   56                                     1.0
   17   50   57                                     1.0
   17   50   63                                     1.0
   17   50   72                                     1.0
   17   50   79                                     1.0
   17   51   56                                     1.0
   17   51   63                                     1.0
   17   51   85                                     1.0
   17   52   74                                     1.0
   17   52   77                                     1.0
   17   53   55                                     1.0
   17   53   63                                     1.0
   17   53   65                                     2.0
   17   53   72                                     1.0
   17   53   77                                     2.0
   17   54   59                                     1.0
   17   54   64                                     1.0
   17   54   65                                     1.0
   17   54   77                                     1.0
   17   54   93                                     1.0
   17   55   59                                     1.0
   17   55   64                                     1.0
   17   55   77                                     1.0
   17   57   64                                     1.0
   17   57   77                                     1.0
   17   60   71                                     1.0
   17   60   77                                     1.0
   17   61   62                                     1.0
   17   63   98                                     1.0
   18   18   28                                     1.0
   18   18   34                                     1.0
   18   19   25                                     1.0
   18   19   26                                     2.0
   18   19   27                                     1.0
   18   19   28                                     1.0
   18   19   29                                     1.0
   18   19   30                                     1.0
   18   19   31                                     1.0
   18   19   32                                     2.0
   18   19   34                                     1.0
   18   19   37                                     1.0
   18   19   52                                     1.0
   18   20   25                                     3.0
   18   20   27                                     3.0
   18   20   28                                     1.0
   18   20   30                                     3.0
   18   20   34                                     1.0
   18   20   45                                     1.0
   18   20   47                                     1.0
   18   20   48                                     1.0
   18   20   50                                     3.0
   18   20   52                                     1.0
   18   20   53                                     1.0
   18   20   63                                     1.0
   18   21   23                                     2.0
   18   21   24                                     1.0
   18   21   25                                     5.0
   18   21   26                                     1.0
   18   21   27                                     1.0
   18   21   28                                     1.0
   18   21   31                                     1.0
   18   21   43                                     1.0
   18   21   49                                     1.0
   18   21   50                                     2.0
   18   21   51                                     1.0
   18   21   52                                     2.0
   18   21   53                                     1.0
   18   21   63                                     2.0
   18   21   64                                     1.0
   18   22   23                                     1.0
   18   22   24                                     1.0
   18   22   28                                     1.0
   18   22   42                                     1.0
   18   22   44                                     1.0
   18   22   45                                     1.0
   18   22   47                                     1.0
   18   22   48                                     3.0
   18   22   49                                     3.0
   18   22   50                                     2.0
   18   22   51                                     2.0
   18   22   52                                     1.0
   18   22   53                                     2.0
   18   22   64                                     1.0
   18   22   86                                     1.0
   18   22   99                                     4.0
   18   23   24                                     1.0
   18   23   27                                     1.0
   18   23   42                                     1.0
   18   23   43                                     2.0
   18   23   44                                     1.0
   18   23   45                                     2.0
   18   23   46                                     3.0
   18   23   47                                     1.0
   18   23   48                                     4.0
   18   23   49                                     2.0
   18   23   50                                     3.0
   18   23   51                                     2.0
   18   23   86                                     1.0
   18   23   99                                     4.0
   18   24   39                                     1.0
   18   24   41                                     7.0
   18   24   42                                     1.0
   18   24   43                                     2.0
   18   24   44                                     4.0
   18   24   45                                     5.0
   18   24   47                                     3.0
   18   24   54                                     1.0
   18   24   55                                     1.0
   18   25   37                                     2.0
   18   25   38                                     4.0
   18   25   39                                     6.0
   18   25   40                                     3.0
   18   25   41                                     4.0
   18   25   42                                     4.0
   18   25   44                                     2.0
   18   25   46                                     3.0
   18   25   53                                     1.0
   18   25   76                                     1.0
   18   26   31                                     1.0
   18   26   32                                     4.0
   18   26   33                                     2.0
   18   26   34                                     3.0
   18   26   35                                     1.0
   18   26   36                                     8.0
   18   26   37                                     6.0
   18   26   38                                     1.0
   18   26   40                                     4.0
   18   26   41                                     5.0
   18   26   45                                     3.0
   18   26   52                                     1.0
   18   26   55                                     1.0
   18   26   56                                     1.0
   18   27   30                                     5.0
   18   27   31                                     4.0
   18   27   32                                     6.0
   18   27   33                                     3.0
   18   27   34                                     4.0
   18   27   35                                     1.0
   18   27   36                                     3.0
   18   27   37                                     1.0
   18   27   38                                     2.0
   18   27   41                                     3.0
   18   27   43                                     1.0
   18   27   49                                     1.0
   18   27   52                                     1.0
   18   27   53                                     2.0
   18   27   54                                     4.0
   18   27   55                                     7.0
   18   27   56                                     3.0
   18   27   76                                     2.0
   18   28   29                                     2.0
   18   28   30                                     2.0
   18   28   31                                     2.0
   18   28   32                                     2.0
   18   28   33                                     1.0
   18   28   34                                     2.0
   18   28   35                                     1.0
   18   28   36                                     2.0
   18   28   37                                     1.0
   18   28   40                                     1.0
   18   28   41                                     1.0
   18   28   49                                     5.0
   18   28   51                                     4.0
   18   28   52                                     3.0
   18   28   53                                     3.0
   18   28   54                                    14.0
   18   28   55                                     9.0
   18   28   56                                     3.0
   18   28   67                                     1.0
   18   28   76                                     2.0
   18   29   32                                     1.0
   18   29   34                                     1.0
   18   29   36                                     3.0
   18   29   40                                     1.0
   18   29   41                                     1.0
   18   29   49                                     4.0
   18   29   50                                     2.0
   18   29   51                                     8.0
   18   29   52                                     5.0
   18   29   53                                     7.0
   18   29   54                                    10.0
   18   29   55                                     6.0
   18   29   67                                     1.0
   18   30   32                                     1.0
   18   30   33                                     1.0
   18   30   40                                     3.0
   18   30   48                                     6.0
   18   30   49                                     2.0
   18   30   50                                     4.0
   18   30   51                                     7.0
   18   30   52                                     3.0
   18   30   54                                     3.0
   18   30   55                                     1.0
   18   30   67                                     1.0
   18   30   68                                     1.0
   18   30   73                                     1.0
   18   30   79                                     1.0
   18   31   40                                     2.0
   18   31   41                                     2.0
   18   31   43                                     1.0
   18   31   45                                     7.0
   18   31   48                                    10.0
   18   31   49                                     2.0
   18   31   51                                     1.0
   18   31   52                                     2.0
   18   31   57                                     2.0
   18   31   59                                     1.0
   18   31   73                                     2.0
   18   31   79                                     1.0
   18   31   93                                     1.0
   18   32   37                                     1.0
   18   32   38                                     2.0
   18   32   40                                     2.0
   18   32   41                                     1.0
   18   32   43                                     4.0
   18   32   44                                     1.0
   18   32   45                                     2.0
   18   32   48                                     2.0
   18   32   49                                     1.0
   18   32   52                                     5.0
   18   32   54                                     1.0
   18   32   57                                     2.0
   18   32   58                                     3.0
   18   32   59                                     3.0
   18   32   74                                     6.0
   18   32   84                                     3.0
   18   32   85                                     1.0
   18   33   34                                     1.0
   18   33   36                                     1.0
   18   33   37                                     2.0
   18   33   38                                     5.0
   18   33   43                                     3.0
   18   33   44                                     1.0
   18   33   50                                     1.0
   18   33   52                                     1.0
   18   33   57                                     2.0
   18   33   58                                     3.0
   18   33   59                                     3.0
   18   33   61                                     3.0
   18   33   67                                     1.0
   18   33   68                                     1.0
   18   33   74                                     6.0
   18   33   79                                     2.0
   18   33   84                                     6.0
   18   33   85                                     9.0
   18   33   93                                     2.0
   18   34   36                                     1.0
   18   34   38                                     2.0
   18   34   40                                     2.0
   18   34   49                                     1.0
   18   34   50                                     1.0
   18   34   52                                     2.0
   18   34   55                                     2.0
   18   34   57                                    10.0
   18   34   58                                     6.0
   18   34   59                                     5.0
   18   34   61                                     3.0
   18   34   73                                     1.0
   18   34   74                                     3.0
   18   34   83                                     2.0
   18   34   84                                     6.0
   18   34   85                                     4.0
   18   35   38                                     2.0
   18   35   40                                     2.0
   18   35   42                                     2.0
   18   35   50                                     2.0
   18   35   52                                     1.0
   18   35   53                                     1.0
   18   35   55                                     4.0
   18   35   57                                     2.0
   18   35   59                                     8.0
   18   35   61                                     8.0
   18   35   74                                     2.0
   18   35   75                                     1.0
   18   35   83                                     1.0
   18   35   85                                     3.0
   18   35   86                                     1.0
   18   35   98                                     1.0
   18   36   37                                     1.0
   18   36   45                                     1.0
   18   36   50                                     1.0
   18   36   52                                     1.0
   18   36   55                                     2.0
   18   36   56                                     5.0
   18   36   59                                     6.0
   18   36   61                                     3.0
   18   36   80                                     1.0
   18   36   83                                     1.0
   18   36   84                                     2.0
   18   36   85                                     1.0
   18   36   94                                     2.0
   18   37   38                                     1.0
   18   37   42                                     1.0
   18   37   50                                     2.0
   18   37   52                                     2.0
   18   37   55                                     2.0
   18   37   56                                     1.0
   18   37   59                                     4.0
   18   37   61                                     1.0
   18   37   74                                     3.0
   18   37   77                                     2.0
   18   37   83                                     3.0
   18   37   85                                     4.0
   18   37   86                                     1.0
   18   37   98                                     2.0
   18   38   41                                     1.0
   18   38   42                                     1.0
   18   38   45                                     4.0
   18   38   49                                     1.0
   18   38   50                                     3.0
   18   38   52                                     2.0
   18   38   55                                     1.0
   18   38   59                                     2.0
   18   38   74                                     3.0
   18   38   75                                     1.0
   18   38   77                                     2.0
   18   38   83                                     2.0
   18   38   85                                     2.0
   18   38   98                                     1.0
   18   38   99                                     1.0
   18   39   42                                     1.0
   18   39   45                                     2.0
   18   39   50                                     1.0
   18   39   55                                     1.0
   18   39   57                                     1.0
   18   39   61                                     1.0
   18   39   77                                     1.0
   18   39   83                                     1.0
   18   39   84                                     2.0
   18   39   85                                     2.0
   18   39   86                                     1.0
   18   39   99                                     1.0
   18   40   45                                     2.0
   18   40   51                                     1.0
   18   40   52                                     1.0
   18   40   58                                     1.0
   18   40   65                                     5.0
   18   40   66                                     9.0
   18   40   74                                     1.0
   18   40   83                                     1.0
   18   40   86                                     1.0
   18   40   99                                     1.0
   18   41   65                                     1.0
   18   41   72                                     1.0
   18   41   73                                     1.0
   18   41   77                                     1.0
   18   41   81                                     4.0
   18   41   84                                     1.0
   18   41   85                                     1.0
   18   41  100                                     1.0
   18   42   49                                     1.0
   18   42   50                                     1.0
   18   42   51                                     1.0
   18   42   62                                     1.0
   18   42   67                                     4.0
   18   42   71                                     3.0
   18   42   73                                     3.0
   18   42   74                                     1.0
   18   42   81                                     2.0
   18   42   86                                     1.0
   18   42   97                                     3.0
   18   42   99                                     2.0
   18   43   51                                     2.0
   18   43   54                                     2.0
   18   43   57                                     1.0
   18   43   62                                     2.0
   18   43   67                                     3.0
   18   43   71                                     1.0
   18   43   73                                     1.0
   18   43   84                                     1.0
   18   43   97                                     2.0
   18   44   49                                     2.0
   18   44   51                                     1.0
   18   44   54                                     1.0
   18   44   57                                     2.0
   18   44   61                                     1.0
   18   44   62                                     1.0
   18   44   67                                     3.0
   18   44   71                                     1.0
   18   44   73                                     2.0
   18   44   78                                     1.0
   18   44   81                                     1.0
   18   44   98                                     1.0
   18   45   51                                     1.0
   18   45   54                                     2.0
   18   45   57                                     1.0
   18   45   62                                     1.0
   18   45   67                                     1.0
   18   45   68                                     1.0
   18   45   72                                     1.0
   18   45   97                                     1.0
   18   46   49                                     1.0
   18   46   73                                     1.0
   18   46   82                                     1.0
   18   46   87                                     2.0
   18   46   90                                     1.0
   18   46   98                                     1.0
   18   47   50                                     1.0
   18   47   53                                     1.0
   18   47   57                                     1.0
   18   47   60                                     1.0
   18   47   62                                     1.0
   18   47   68                                     1.0
   18   47   70                                     1.0
   18   47   85                                     1.0
   18   47   87                                     3.0
   18   47   90                                     3.0
   18   47   98                                     3.0
   18   48   58                                     2.0
   18   48   65                                     1.0
   18   48   66                                     2.0
   18   48   70                                     2.0
   18   48   72                                     1.0
   18   48   84                                     1.0
   18   48   87                                     1.0
   18   48   90                                     1.0
   18   48   98                                     1.0
   18   49   52                                     1.0
   18   49   58                                     1.0
   18   49   65                                     2.0
   18   49   70                                     1.0
   18   49   90                                     1.0
   18   49   98                                     1.0
   18   50   52                                     1.0
   18   50   54                                     1.0
   18   50   57                                     1.0
   18   50   65                                     1.0
   18   50   70                                     1.0
   18   50   87                                     2.0
   18   50   98                                     1.0
   18   51   54                                     1.0
   18   51   57                                     1.0
   18   51   68                                     1.0
   18   51   90                                     1.0
   18   52   55                                     1.0
   18   52   63                                     1.0
   18   52   65                                     1.0
   18   52   70                                     1.0
   18   52   72                                     1.0
   18   52   84                                     4.0
   18   52   85                                     5.0
   18   52   99                                     2.0
   18   53   59                                     1.0
   18   53   60                                     1.0
   18   53   63                                     2.0
   18   53   74                                     1.0
   18   53   84                                     1.0
   18   53   85                                     3.0
   18   53   86                                     3.0
   18   53   89                                     1.0
   18   54   59                                     1.0
   18   54   63                                     1.0
   18   54   65                                     2.0
   18   54   74                                     2.0
   18   54   84                                     1.0
   18   54   85                                     2.0
   18   54   86                                     1.0
   18   54   89                                     2.0
   18   55   59                                     1.0
   18   55   65                                     1.0
   18   55   71                                     1.0
   18   55   74                                     1.0
   18   55   85                                     1.0
   18   55   86                                     1.0
   18   55   87                                     1.0
   18   55   89                                     1.0
   18   56   59                                     1.0
   18   56   62                                     1.0
   18   56   65                                     1.0
   18   56   69                                     1.0
   18   56   74                                     1.0
   18   56   84                                     1.0
   18   56   85                                     1.0
   18   57   85                                     1.0
   18   57   86                                     1.0
   18   57   89                                     1.0
   18   58   65                                     1.0
   18   59   74                                     1.0
   18   59   86                                     1.0
   18   59   90                                     1.0
   18   60   65                                     1.0
   18   60   87                                     1.0
   18   62   68                                     1.0
   18   62   83                                     1.0
   18   63   92                                     1.0
   18   64   73                                     1.0
   18   65   84                                     1.0
   18   68   85                                     1.0
   18   71   87                                     1.0
   18   77   97                                     1.0
   19   19   26                                     1.0
   19   19   27                                     1.0
   19   19   30                                     1.0
   19   20   27                                     1.0
   19   20   47                                     1.0
   19   20   49                                     1.0
   19   20   51                                     1.0
   19   20   52                                     1.0
   19   20   54                                     1.0
   19   20   63                                     1.0
   19   21   24                                     1.0
   19   21   26                                     1.0
   19   21   48                                     1.0
   19   21   49                                     1.0
   19   21   50                                     1.0
   19   21   51                                     1.0
   19   21   52                                     1.0
   19   21   53                                     2.0
   19   21   54                                     1.0
   19   21   63                                     1.0
   19   21   64                                     1.0
   19   21   65                                     1.0
   19   21   86                                     1.0
   19   21   99                                     1.0
   19   22   25                                     1.0
   19   22   37                                     1.0
   19   22   39                                     1.0
   19   22   40                                     1.0
   19   22   41                                     1.0
   19   22   46                                     1.0
   19   22   47                                     2.0
   19   22   48                                     3.0
   19   22   49                                     1.0
   19   22   50                                     2.0
   19   22   51                                     1.0
   19   22   52                                     1.0
   19   22   77                                     1.0
   19   23   26                                     1.0
   19   23   30                                     1.0
   19   23   39                                     1.0
   19   23   40                                     2.0
   19   23   43                                     3.0
   19   23   44                                     3.0
   19   23   45                                     2.0
   19   23   46                                     3.0
   19   23   47                                     3.0
   19   23   48                                     5.0
   19   23   56                                     1.0
   19   23   99                                     2.0
   19   24   37                                     1.0
   19   24   38                                     1.0
   19   24   39                                     5.0
   19   24   40                                     3.0
   19   24   41                                     1.0
   19   24   42                                     3.0
   19   24   43                                     6.0
   19   24   44                                     1.0
   19   24   45                                     3.0
   19   24   46                                     1.0
   19   24   47                                     1.0
   19   24   48                                     1.0
   19   25   34                                     1.0
   19   25   35                                    12.0
   19   25   36                                     5.0
   19   25   37                                    10.0
   19   25   38                                     1.0
   19   25   39                                     6.0
   19   25   43                                     1.0
   19   25   46                                     1.0
   19   25   53                                     1.0
   19   25   54                                     1.0
   19   25   56                                     2.0
   19   25   73                                     1.0
   19   26   30                                     1.0
   19   26   31                                     3.0
   19   26   32                                     2.0
   19   26   33                                     9.0
   19   26   34                                     4.0
   19   26   35                                     3.0
   19   26   36                                     3.0
   19   26   43                                     1.0
   19   26   51                                     1.0
   19   26   54                                     1.0
   19   26   55                                     1.0
   19   26   56                                     1.0
   19   26   71                                     1.0
   19   26   73                                     1.0
   19   27   29                                     1.0
   19   27   30                                     2.0
   19   27   31                                     7.0
   19   27   32                                     2.0
   19   27   33                                     3.0
   19   27   34                                     2.0
   19   27   35                                     1.0
   19   27   37                                     2.0
   19   27   38                                     1.0
   19   27   39                                     1.0
   19   27   40                                     1.0
   19   27   45                                     6.0
   19   27   46                                     2.0
   19   27   51                                     1.0
   19   27   53                                     2.0
   19   27   55                                     4.0
   19   27   56                                     3.0
   19   27   71                                     2.0
   19   27   73                                     1.0
   19   28   28                                     1.0
   19   28   29                                     1.0
   19   28   31                                     3.0
   19   28   32                                     1.0
   19   28   33                                     2.0
   19   28   35                                     1.0
   19   28   36                                     1.0
   19   28   37                                     2.0
   19   28   38                                     1.0
   19   28   39                                     2.0
   19   28   41                                     7.0
   19   28   45                                     4.0
   19   28   46                                     4.0
   19   28   47                                     1.0
   19   28   49                                     1.0
   19   28   50                                     2.0
   19   28   51                                     2.0
   19   28   52                                     2.0
   19   28   53                                     5.0
   19   28   54                                     3.0
   19   28   55                                     8.0
   19   28   56                                     4.0
   19   28   71                                     1.0
   19   28   73                                     2.0
   19   29   33                                     2.0
   19   29   37                                     6.0
   19   29   41                                     5.0
   19   29   45                                     1.0
   19   29   46                                     2.0
   19   29   49                                     5.0
   19   29   50                                     5.0
   19   29   52                                     7.0
   19   29   53                                     5.0
   19   29   54                                     1.0
   19   29   55                                     2.0
   19   30   32                                     1.0
   19   30   33                                     1.0
   19   30   37                                     5.0
   19   30   41                                     3.0
   19   30   43                                     3.0
   19   30   44                                     5.0
   19   30   45                                     1.0
   19   30   46                                     4.0
   19   30   47                                     5.0
   19   30   49                                    13.0
   19   30   50                                     4.0
   19   30   51                                     1.0
   19   30   52                                     5.0
   19   30   54                                     1.0
   19   30   59                                     1.0
   19   31   32                                     2.0
   19   31   36                                     1.0
   19   31   39                                     2.0
   19   31   40                                     1.0
   19   31   41                                     4.0
   19   31   42                                     2.0
   19   31   43                                     4.0
   19   31   44                                     5.0
   19   31   46                                     5.0
   19   31   49                                     4.0
   19   31   55                                     3.0
   19   31   58                                     1.0
   19   32   36                                     3.0
   19   32   37                                     3.0
   19   32   38                                     2.0
   19   32   39                                     8.0
   19   32   40                                     7.0
   19   32   41                                     7.0
   19   32   42                                     4.0
   19   32   43                                     2.0
   19   32   45                                     3.0
   19   32   46                                     1.0
   19   32   50                                     3.0
   19   32   52                                     1.0
   19   32   54                                     3.0
   19   32   57                                     2.0
   19   32   58                                     8.0
   19   32   59                                     1.0
   19   32   60                                     1.0
   19   32   75                                     2.0
   19   33   34                                     1.0
   19   33   35                                     1.0
   19   33   36                                     3.0
   19   33   37                                     2.0
   19   33   38                                     1.0
   19   33   39                                     2.0
   19   33   40                                     1.0
   19   33   41                                     1.0
   19   33   42                                     2.0
   19   33   43                                     2.0
   19   33   45                                     2.0
   19   33   53                                     4.0
   19   33   54                                     7.0
   19   33   55                                     1.0
   19   33   56                                     1.0
   19   33   58                                     9.0
   19   33   59                                    13.0
   19   33   60                                     4.0
   19   33   61                                     1.0
   19   33   62                                     2.0
   19   33   68                                     2.0
   19   33   75                                     2.0
   19   33   85                                     2.0
   19   33   86                                     1.0
   19   34   36                                     2.0
   19   34   37                                     1.0
   19   34   38                                     1.0
   19   34   39                                     2.0
   19   34   40                                     3.0
   19   34   41                                     1.0
   19   34   44                                     1.0
   19   34   46                                     1.0
   19   34   47                                     1.0
   19   34   49                                     1.0
   19   34   50                                     3.0
   19   34   51                                     3.0
   19   34   53                                     3.0
   19   34   54                                     3.0
   19   34   55                                     1.0
   19   34   56                                     8.0
   19   34   58                                     9.0
   19   34   59                                    14.0
   19   34   60                                     6.0
   19   34   61                                     2.0
   19   34   62                                     4.0
   19   34   74                                     2.0
   19   34   75                                     1.0
   19   34   86                                     1.0
   19   35   37                                     2.0
   19   35   38                                     3.0
   19   35   39                                     1.0
   19   35   40                                     2.0
   19   35   41                                     1.0
   19   35   50                                     2.0
   19   35   51                                     3.0
   19   35   52                                     2.0
   19   35   53                                     1.0
   19   35   54                                     3.0
   19   35   56                                     3.0
   19   35   57                                     2.0
   19   35   59                                    10.0
   19   35   61                                     8.0
   19   35   62                                     2.0
   19   35   75                                     1.0
   19   35   85                                     2.0
   19   35   86                                     5.0
   19   36   38                                     1.0
   19   36   41                                     1.0
   19   36   51                                     4.0
   19   36   53                                     3.0
   19   36   54                                    12.0
   19   36   55                                     3.0
   19   36   57                                     4.0
   19   36   58                                     8.0
   19   36   59                                     4.0
   19   36   80                                     1.0
   19   36   81                                     1.0
   19   36   84                                     1.0
   19   36   86                                     3.0
   19   36   94                                     1.0
   19   37   43                                     1.0
   19   37   44                                     1.0
   19   37   46                                     2.0
   19   37   47                                     2.0
   19   37   49                                     3.0
   19   37   50                                     7.0
   19   37   51                                     6.0
   19   37   53                                     2.0
   19   37   54                                     1.0
   19   37   55                                     3.0
   19   37   57                                     1.0
   19   37   58                                     1.0
   19   37   59                                     4.0
   19   37   62                                     3.0
   19   37   75                                     2.0
   19   37   76                                     8.0
   19   37   80                                     1.0
   19   37   81                                     4.0
   19   37   86                                     9.0
   19   38   40                                     1.0
   19   38   43                                     3.0
   19   38   46                                     2.0
   19   38   47                                     1.0
   19   38   48                                     1.0
   19   38   50                                     2.0
   19   38   53                                     2.0
   19   38   54                                     4.0
   19   38   55                                     1.0
   19   38   56                                     1.0
   19   38   58                                     3.0
   19   38   59                                     1.0
   19   38   65                                     1.0
   19   38   75                                     4.0
   19   38   76                                     8.0
   19   38   80                                     2.0
   19   38   81                                     8.0
   19   38   86                                    12.0
   19   39   43                                     2.0
   19   39   44                                     1.0
   19   39   46                                     1.0
   19   39   48                                     2.0
   19   39   50                                     3.0
   19   39   51                                     3.0
   19   39   52                                     1.0
   19   39   53                                     1.0
   19   39   57                                     1.0
   19   39   58                                     4.0
   19   39   59                                     2.0
   19   39   61                                     1.0
   19   39   62                                     3.0
   19   39   65                                     1.0
   19   39   66                                     5.0
   19   39   70                                     1.0
   19   39   75                                     1.0
   19   39   76                                     4.0
   19   39   80                                     1.0
   19   39   81                                     4.0
   19   39   85                                     2.0
   19   39   86                                     7.0
   19   39   87                                     3.0
   19   40   43                                     2.0
   19   40   45                                     1.0
   19   40   46                                     1.0
   19   40   48                                     1.0
   19   40   49                                     2.0
   19   40   58                                     1.0
   19   40   59                                     1.0
   19   40   64                                     6.0
   19   40   65                                    14.0
   19   40   66                                     9.0
   19   40   70                                     1.0
   19   40   71                                     2.0
   19   40   72                                     2.0
   19   40   75                                     1.0
   19   40   76                                     4.0
   19   40   80                                     1.0
   19   40   81                                     4.0
   19   40   86                                     1.0
   19   40   87                                     2.0
   19   41   47                                     1.0
   19   41   49                                     1.0
   19   41   51                                     1.0
   19   41   52                                     3.0
   19   41   58                                     2.0
   19   41   59                                     3.0
   19   41   64                                     2.0
   19   41   65                                     1.0
   19   41   68                                     1.0
   19   41   69                                     2.0
   19   41   70                                     1.0
   19   41   71                                     5.0
   19   41   72                                     2.0
   19   41   74                                     5.0
   19   41   76                                     4.0
   19   41   78                                     1.0
   19   41   80                                     1.0
   19   41   81                                     3.0
   19   41   82                                     1.0
   19   41   86                                     4.0
   19   42   50                                     1.0
   19   42   51                                     5.0
   19   42   52                                     1.0
   19   42   59                                     1.0
   19   42   60                                     3.0
   19   42   69                                     2.0
   19   42   70                                     1.0
   19   42   72                                     2.0
   19   42   74                                     1.0
   19   42   76                                     2.0
   19   42   78                                     3.0
   19   42   86                                     1.0
   19   42   87                                     2.0
   19   42   88                                     3.0
   19   42   97                                     1.0
   19   42   99                                     5.0
   19   42  100                                     3.0
   19   43   51                                     2.0
   19   43   54                                     1.0
   19   43   60                                     2.0
   19   43   65                                     1.0
   19   43   69                                     1.0
   19   43   74                                     2.0
   19   43   75                                     2.0
   19   43   76                                     3.0
   19   43   78                                     1.0
   19   43   86                                     3.0
   19   43   87                                     2.0
   19   43   88                                     1.0
   19   43   97                                     1.0
   19   43   98                                     1.0
   19   43   99                                     2.0
   19   43  100                                     2.0
   19   44   47                                     2.0
   19   44   50                                     1.0
   19   44   52                                     1.0
   19   44   53                                     1.0
   19   44   58                                     1.0
   19   44   59                                     1.0
   19   44   61                                     1.0
   19   44   62                                     3.0
   19   44   69                                     1.0
   19   44   70                                     1.0
   19   44   72                                     2.0
   19   44   77                                     1.0
   19   44   78                                     1.0
   19   44   82                                     1.0
   19   44   89                                     1.0
   19   44   98                                     1.0
   19   44   99                                     1.0
   19   44  100                                     1.0
   19   45   60                                     1.0
   19   45   74                                     1.0
   19   45   75                                     2.0
   19   45   80                                     1.0
   19   45   81                                     1.0
   19   45   82                                     1.0
   19   45   84                                     1.0
   19   45   85                                     2.0
   19   45   89                                     1.0
   19   45   98                                     2.0
   19   45   99                                     3.0
   19   45  100                                     1.0
   19   46   50                                     1.0
   19   46   65                                     1.0
   19   46   85                                     3.0
   19   46   86                                     2.0
   19   46   98                                     1.0
   19   46  100                                     4.0
   19   47   71                                     1.0
   19   47   72                                     2.0
   19   47   78                                     1.0
   19   47   86                                     3.0
   19   47   87                                     1.0
   19   47   88                                     3.0
   19   47   91                                     1.0
   19   48   59                                     1.0
   19   48   86                                     1.0
   19   48   88                                     1.0
   19   48   89                                     2.0
   19   48   90                                     1.0
   19   48   91                                     2.0
   19   49   86                                     1.0
   19   49   91                                     2.0
   19   50   73                                     1.0
   19   50   86                                     1.0
   19   50   91                                     1.0
   19   50   98                                     1.0
   19   51   55                                     1.0
   19   51   84                                     1.0
   19   51   86                                     1.0
   19   51   87                                     1.0
   19   51   92                                     1.0
   19   52   98                                     1.0
   19   52  100                                     1.0
   19   53   61                                     1.0
   19   53   65                                     2.0
   19   53   71                                     1.0
   19   53   72                                     1.0
   19   53   86                                     1.0
   19   54   61                                     1.0
   19   54   65                                     3.0
   19   54   79                                     1.0
   19   54   92                                     1.0
   19   55   61                                     1.0
   19   56   60                                     1.0
   19   56   65                                     1.0
   19   57   91                                     1.0
   19   58   64                                     1.0
   19   61   85                                     1.0
   19   61   92                                     1.0
   19   61   95                                     1.0
   19   65   81                                     1.0
   19   65   93                                     1.0
   19   72   85                                     1.0
   19   74   89                                     1.0
   20   20   45                                     1.0
   20   21   46                                     1.0
   20   21   49                                     1.0
   20   21   53                                     1.0
   20   21   73                                     1.0
   20   21   77                                     1.0
   20   22   38                                     1.0
   20   22   39                                     1.0
   20   22   40                                     1.0
   20   22   41                                     3.0
   20   22   42                                     2.0
   20   22   43                                     2.0
   20   22   44                                     2.0
   20   22   45                                     2.0
   20   22   46                                     2.0
   20   22   47                                     1.0
   20   22   48                                     2.0
   20   22   51                                     1.0
   20   22   99                                     1.0
   20   23   32                                     1.0
   20   23   38                                     1.0
   20   23   39                                     2.0
   20   23   40                                     1.0
   20   23   41                                     1.0
   20   23   42                                     2.0
   20   23   43                                     3.0
   20   23   44                                     3.0
   20   23   45                                     3.0
   20   23   46                                     1.0
   20   23   55                                     1.0
   20   24   35                                     1.0
   20   24   36                                     1.0
   20   24   37                                     5.0
   20   24   38                                     5.0
   20   24   39                                     6.0
   20   24   40                                     4.0
   20   24   41                                     4.0
   20   24   42                                     3.0
   20   24   43                                     1.0
   20   24   44                                     2.0
   20   24   54                                     1.0
   20   24   71                                     1.0
   20   25   31                                     5.0
   20   25   32                                     9.0
   20   25   33                                     5.0
   20   25   34                                     7.0
   20   25   35                                     4.0
   20   25   36                                     2.0
   20   25   37                                     6.0
   20   25   38                                     1.0
   20   25   39                                     1.0
   20   25   41                                     3.0
   20   25   55                                     1.0
   20   25   56                                     1.0
   20   25  100                                     1.0
   20   26   29                                     1.0
   20   26   30                                     5.0
   20   26   31                                     3.0
   20   26   32                                    10.0
   20   26   33                                     4.0
   20   26   34                                     5.0
   20   26   35                                     2.0
   20   26   39                                     3.0
   20   26   50                                     1.0
   20   26   51                                     1.0
   20   26   53                                     1.0
   20   26   54                                     2.0
   20   26   55                                     1.0
   20   26   71                                     1.0
   20   26   75                                     1.0
   20   26  100                                     2.0
   20   27   28                                     2.0
   20   27   29                                     3.0
   20   27   30                                     6.0
   20   27   31                                     4.0
   20   27   32                                     2.0
   20   27   33                                     1.0
   20   27   34                                     2.0
   20   27   35                                     1.0
   20   27   38                                     5.0
   20   27   39                                     1.0
   20   27   51                                     1.0
   20   27   52                                     2.0
   20   27   53                                     1.0
   20   27   54                                     2.0
   20   27   55                                     1.0
   20   27   56                                     1.0
   20   27   57                                     1.0
   20   27   71                                     2.0
   20   27   73                                     2.0
   20   27   75                                     1.0
   20   27   92                                     1.0
   20   28   29                                     1.0
   20   28   30                                     4.0
   20   28   32                                     2.0
   20   28   33                                     3.0
   20   28   34                                     3.0
   20   28   35                                     1.0
   20   28   38                                     7.0
   20   28   49                                     1.0
   20   28   50                                     2.0
   20   28   51                                     5.0
   20   28   52                                     1.0
   20   28   53                                     5.0
   20   28   54                                     3.0
   20   28   55                                     3.0
   20   28   70                                     1.0
   20   28   71                                     1.0
   20   28   73                                     1.0
   20   28   75                                     2.0
   20   28   92                                     2.0
   20   29   31                                     1.0
   20   29   33                                     5.0
   20   29   38                                     4.0
   20   29   43                                     1.0
   20   29   45                                     1.0
   20   29   46                                     2.0
   20   29   47                                     9.0
   20   29   48                                     1.0
   20   29   49                                     8.0
   20   29   50                                     1.0
   20   29   51                                     7.0
   20   29   53                                     1.0
   20   29   56                                     1.0
   20   29   58                                     1.0
   20   29   59                                     1.0
   20   29   92                                     1.0
   20   30   32                                     1.0
   20   30   34                                     1.0
   20   30   38                                     2.0
   20   30   42                                     2.0
   20   30   43                                     5.0
   20   30   44                                     6.0
   20   30   45                                     3.0
   20   30   46                                    11.0
   20   30   47                                     9.0
   20   30   48                                     4.0
   20   30   49                                     5.0
   20   30   52                                     1.0
   20   30   56                                     1.0
   20   30   58                                     1.0
   20   30   59                                     1.0
   20   31   32                                     1.0
   20   31   38                                     3.0
   20   31   39                                     2.0
   20   31   40                                     5.0
   20   31   41                                     4.0
   20   31   42                                     6.0
   20   31   43                                     3.0
   20   31   44                                     8.0
   20   31   45                                     4.0
   20   31   46                                     4.0
   20   31   47                                     4.0
   20   31   49                                     1.0
   20   31   51                                     1.0
   20   31   58                                     1.0
   20   31   60                                     1.0
   20   32   36                                     1.0
   20   32   37                                     2.0
   20   32   38                                     2.0
   20   32   39                                     2.0
   20   32   40                                     3.0
   20   32   41                                     2.0
   20   32   42                                     2.0
   20   32   43                                     1.0
   20   32   45                                     3.0
   20   32   46                                     1.0
   20   32   47                                     5.0
   20   32   48                                     1.0
   20   32   59                                     1.0
   20   33   36                                     3.0
   20   33   37                                     3.0
   20   33   39                                     1.0
   20   33   40                                     3.0
   20   33   42                                     3.0
   20   33   43                                     5.0
   20   33   47                                    13.0
   20   33   56                                     1.0
   20   33   57                                     1.0
   20   33   58                                     2.0
   20   33   59                                     3.0
   20   33   88                                     2.0
   20   34   36                                     1.0
   20   34   38                                     2.0
   20   34   39                                     4.0
   20   34   40                                     1.0
   20   34   43                                     5.0
   20   34   44                                     1.0
   20   34   47                                     5.0
   20   34   55                                     6.0
   20   34   56                                     4.0
   20   34   57                                     8.0
   20   34   58                                     8.0
   20   34   59                                     6.0
   20   34   88                                     1.0
   20   35   38                                     1.0
   20   35   39                                     5.0
   20   35   40                                     3.0
   20   35   41                                     1.0
   20   35   43                                     5.0
   20   35   47                                     6.0
   20   35   55                                     4.0
   20   35   56                                     1.0
   20   35   57                                     7.0
   20   35   60                                     1.0
   20   36   39                                     4.0
   20   36   40                                     1.0
   20   36   43                                     4.0
   20   36   49                                     2.0
   20   36   50                                     2.0
   20   36   52                                     6.0
   20   36   53                                     3.0
   20   36   54                                     1.0
   20   36   55                                     8.0
   20   36   57                                     7.0
   20   36   59                                     1.0
   20   36   69                                     4.0
   20   36   72                                     3.0
   20   36   84                                     3.0
   20   37   38                                     1.0
   20   37   43                                     3.0
   20   37   44                                     3.0
   20   37   45                                     2.0
   20   37   46                                     1.0
   20   37   47                                     2.0
   20   37   49                                     2.0
   20   37   50                                     2.0
   20   37   51                                     1.0
   20   37   52                                     3.0
   20   37   53                                     2.0
   20   37   55                                     2.0
   20   37   57                                     6.0
   20   37   58                                     4.0
   20   37   72                                     2.0
   20   37   84                                     1.0
   20   38   41                                     1.0
   20   38   42                                     1.0
   20   38   43                                     5.0
   20   38   45                                     1.0
   20   38   46                                     3.0
   20   38   47                                     3.0
   20   38   49                                     2.0
   20   38   50                                     1.0
   20   38   51                                     3.0
   20   38   52                                     7.0
   20   38   53                                     1.0
   20   38   55                                     1.0
   20   38   56                                     1.0
   20   38   57                                     6.0
   20   38   58                                    18.0
   20   38   60                                     4.0
   20   38   73                                     1.0
   20   38   84                                     1.0
   20   39   41                                     1.0
   20   39   42                                     1.0
   20   39   43                                     2.0
   20   39   44                                     1.0
   20   39   48                                     1.0
   20   39   49                                     6.0
   20   39   50                                     1.0
   20   39   51                                     2.0
   20   39   52                                    10.0
   20   39   53                                     1.0
   20   39   57                                     4.0
   20   39   58                                    16.0
   20   39   60                                     4.0
   20   39   65                                     2.0
   20   39   66                                     5.0
   20   39   84                                     1.0
   20   40   43                                     1.0
   20   40   46                                     1.0
   20   40   48                                     2.0
   20   40   49                                     6.0
   20   40   50                                     1.0
   20   40   52                                     5.0
   20   40   57                                     2.0
   20   40   58                                     4.0
   20   40   60                                     5.0
   20   40   63                                     5.0
   20   40   64                                    11.0
   20   40   65                                    12.0
   20   40   66                                     3.0
   20   40   72                                     4.0
   20   41   43                                     1.0
   20   41   48                                     2.0
   20   41   49                                     4.0
   20   41   51                                     1.0
   20   41   52                                     1.0
   20   41   56                                     1.0
   20   41   57                                     1.0
   20   41   58                                     9.0
   20   41   59                                     1.0
   20   41   60                                     3.0
   20   41   64                                     1.0
   20   41   66                                     3.0
   20   41   68                                     4.0
   20   41   70                                     3.0
   20   41   71                                     4.0
   20   41   72                                     2.0
   20   42   48                                     1.0
   20   42   49                                     3.0
   20   42   52                                     5.0
   20   42   54                                     1.0
   20   42   57                                     3.0
   20   42   58                                     6.0
   20   42   60                                     4.0
   20   42   62                                     2.0
   20   42   66                                     2.0
   20   42   67                                     3.0
   20   42   70                                     2.0
   20   42   71                                     7.0
   20   42   72                                    10.0
   20   42   76                                     1.0
   20   42   77                                     2.0
   20   42   79                                     3.0
   20   42   80                                     2.0
   20   43   48                                     2.0
   20   43   49                                     1.0
   20   43   52                                     2.0
   20   43   57                                     3.0
   20   43   58                                     7.0
   20   43   62                                     2.0
   20   43   66                                     1.0
   20   43   67                                     2.0
   20   43   70                                     5.0
   20   43   71                                    16.0
   20   43   72                                     8.0
   20   43   75                                     3.0
   20   43   77                                     1.0
   20   43   79                                     6.0
   20   43   80                                     6.0
   20   43   83                                     1.0
   20   43   84                                     1.0
   20   43   85                                     8.0
   20   44   46                                     1.0
   20   44   48                                     1.0
   20   44   50                                     1.0
   20   44   52                                     1.0
   20   44   53                                     5.0
   20   44   57                                     1.0
   20   44   58                                     1.0
   20   44   60                                     4.0
   20   44   62                                     1.0
   20   44   66                                     2.0
   20   44   67                                     6.0
   20   44   68                                     2.0
   20   44   70                                     2.0
   20   44   71                                     6.0
   20   44   72                                     6.0
   20   44   75                                     1.0
   20   44   77                                     2.0
   20   44   79                                     3.0
   20   44   80                                     3.0
   20   44   82                                     1.0
   20   44   84                                     1.0
   20   44   85                                     4.0
   20   45   47                                     1.0
   20   45   48                                     1.0
   20   45   50                                     3.0
   20   45   51                                     2.0
   20   45   52                                     5.0
   20   45   56                                     1.0
   20   45   57                                     3.0
   20   45   58                                     1.0
   20   45   66                                     2.0
   20   45   67                                     4.0
   20   45   68                                     1.0
   20   45   70                                     2.0
   20   45   71                                     5.0
   20   45   72                                     2.0
   20   45   75                                     1.0
   20   45   78                                     4.0
   20   45   79                                     3.0
   20   45   80                                     3.0
   20   45   82                                     4.0
   20   45   84                                     1.0
   20   45   85                                     4.0
   20   45   86                                     2.0
   20   45   99                                     1.0
   20   46   48                                     2.0
   20   46   50                                     3.0
   20   46   52                                     1.0
   20   46   57                                     2.0
   20   46   62                                     1.0
   20   46   66                                     1.0
   20   46   67                                     3.0
   20   46   68                                     2.0
   20   46   69                                     1.0
   20   46   71                                     1.0
   20   46   72                                     2.0
   20   46   77                                     1.0
   20   46   78                                     2.0
   20   46   79                                     2.0
   20   46   80                                     4.0
   20   46   82                                     5.0
   20   46   84                                     1.0
   20   46   85                                     3.0
   20   46   86                                     1.0
   20   46   91                                     1.0
   20   46   94                                     4.0
   20   47   49                                     1.0
   20   47   50                                     2.0
   20   47   51                                     1.0
   20   47   54                                     1.0
   20   47   56                                     1.0
   20   47   57                                     1.0
   20   47   66                                     1.0
   20   47   67                                     4.0
   20   47   68                                     2.0
   20   47   70                                     4.0
   20   47   71                                     4.0
   20   47   73                                     2.0
   20   47   78                                     1.0
   20   47   83                                     1.0
   20   47   90                                     6.0
   20   47   91                                     9.0
   20   47   94                                     2.0
   20   47   98                                     5.0
   20   47   99                                     3.0
   20   48   55                                     3.0
   20   48   56                                     1.0
   20   48   57                                     4.0
   20   48   58                                     1.0
   20   48   62                                     2.0
   20   48   67                                     2.0
   20   48   70                                     2.0
   20   48   71                                     1.0
   20   48   72                                     4.0
   20   48   75                                     2.0
   20   48   80                                     1.0
   20   48   84                                     1.0
   20   48   85                                     2.0
   20   48   86                                     2.0
   20   48   90                                     3.0
   20   48   91                                     3.0
   20   48   98                                     4.0
   20   48   99                                     4.0
   20   48  100                                     1.0
   20   49   51                                     2.0
   20   49   55                                     1.0
   20   49   56                                     1.0
   20   49   62                                     1.0
   20   49   67                                     1.0
   20   49   70                                     1.0
   20   49   75                                     4.0
   20   49   77                                     1.0
   20   49   79                                     2.0
   20   49   80                                     3.0
   20   49   90                                     2.0
   20   49   91                                     3.0
   20   49   94                                     1.0
   20   49   98                                     2.0
   20   49   99                                     2.0
   20   50   55                                     1.0
   20   50   56                                     1.0
   20   50   58                                     1.0
   20   50   59                                     6.0
   20   50   62                                     1.0
   20   50   67                                     2.0
   20   50   68                                     3.0
   20   50   70                                     3.0
   20   50   75                                     3.0
   20   50   76                                     4.0
   20   50   90                                     2.0
   20   50   91                                     2.0
   20   51   55                                     1.0
   20   51   58                                     1.0
   20   51   59                                     1.0
   20   51   62                                     1.0
   20   51   67                                     1.0
   20   51   70                                     2.0
   20   51   71                                     4.0
   20   51   75                                     2.0
   20   51   81                                     1.0
   20   51   85                                     1.0
   20   51   86                                     3.0
   20   51   87                                     3.0
   20   51   91                                     1.0
   20   51   98                                     1.0
   20   51   99                                     3.0
   20   52   54                                     1.0
   20   52   61                                     1.0
   20   52   70                                     1.0
   20   52   81                                     1.0
   20   52   84                                     1.0
   20   52   90                                     1.0
   20   52   91                                     3.0
   20   53   61                                     2.0
   20   53   70                                     1.0
   20   53   73                                     3.0
   20   53   76                                     1.0
   20   53   82                                     1.0
   20   53   83                                     4.0
   20   53   99                                     3.0
   20   54   57                                     1.0
   20   54   61                                     2.0
   20   54   70                                     1.0
   20   55   56                                     1.0
   20   55   60                                     1.0
   20   55   67                                     1.0
   20   55   68                                     3.0
   20   56   66                                     1.0
   20   57   59                                     1.0
   20   57   77                                     1.0
   20   58   69                                     3.0
   20   58   70                                     1.0
   20   58   75                                     1.0
   20   58   78                                     1.0
   20   58   79                                     4.0
   20   58   90                                     1.0
   20   58   91                                     2.0
   20   58   99                                     1.0
   20   61   95                                     1.0
   20   61   96                                     2.0
   20   62   85                                     1.0
   20   62   87                                     2.0
   20   62   88                                     2.0
   20   63   99                                     1.0
   21   21   50                                     1.0
   21   22   40                                     1.0
   21   22   42                                     1.0
   21   22   43                                     1.0
   21   22   45                                     1.0
   21   22   98                                     1.0
   21   23   36                                     1.0
   21   23   38                                     2.0
   21   23   39                                     2.0
   21   23   40                                     3.0
   21   23   41                                     3.0
   21   23   42                                     2.0
   21   23   43                                     1.0
   21   24   31                                     2.0
   21   24   33                                     1.0
   21   24   34                                     2.0
   21   24   35                                     6.0
   21   24   36                                     8.0
   21   24   37                                     4.0
   21   24   38                                     2.0
   21   24   39                                     1.0
   21   24   40                                     1.0
   21   24   41                                     1.0
   21   24   53                                     1.0
   21   24   56                                     2.0
   21   24   57                                     1.0
   21   24   75                                     1.0
   21   24   99                                     2.0
   21   25   30                                     8.0
   21   25   31                                    12.0
   21   25   32                                    11.0
   21   25   33                                     4.0
   21   25   34                                    10.0
   21   25   35                                     4.0
   21   25   36                                     2.0
   21   25   37                                     1.0
   21   25   51                                     1.0
   21   25   52                                     1.0
   21   25   56                                     1.0
   21   25   70                                     1.0
   21   25   83                                     5.0
   21   25   92                                     1.0
   21   25   97                                     2.0
   21   25  100                                     8.0
   21   26   28                                     3.0
   21   26   29                                    11.0
   21   26   30                                     8.0
   21   26   31                                     1.0
   21   26   32                                     6.0
   21   26   33                                     1.0
   21   26   34                                     1.0
   21   26   35                                     1.0
   21   26   36                                     1.0
   21   26   51                                     1.0
   21   26   53                                     1.0
   21   26   54                                     1.0
   21   26   56                                     1.0
   21   26   57                                     1.0
   21   26   70                                     1.0
   21   26   72                                     1.0
   21   26   73                                     1.0
   21   26   83                                     1.0
   21   26   92                                     5.0
   21   26   93                                     3.0
   21   26   97                                     8.0
   21   26  100                                     8.0
   21   27   27                                     2.0
   21   27   28                                     3.0
   21   27   29                                     3.0
   21   27   32                                     1.0
   21   27   33                                     2.0
   21   27   34                                     3.0
   21   27   39                                     1.0
   21   27   49                                     1.0
   21   27   50                                     1.0
   21   27   51                                     1.0
   21   27   52                                     1.0
   21   27   53                                     1.0
   21   27   56                                     2.0
   21   27   70                                     1.0
   21   27   72                                     1.0
   21   27   74                                     1.0
   21   27   79                                     1.0
   21   27   97                                     1.0
   21   28   28                                     1.0
   21   28   30                                     2.0
   21   28   31                                     1.0
   21   28   33                                     4.0
   21   28   38                                     1.0
   21   28   44                                     1.0
   21   28   47                                     1.0
   21   28   48                                     1.0
   21   28   50                                     4.0
   21   28   51                                     4.0
   21   28   52                                     2.0
   21   28   72                                     1.0
   21   28   74                                     1.0
   21   28   79                                     1.0
   21   29   33                                     3.0
   21   29   43                                     1.0
   21   29   44                                     1.0
   21   29   45                                     1.0
   21   29   46                                     4.0
   21   29   47                                     4.0
   21   29   48                                     6.0
   21   29   50                                    10.0
   21   29   51                                     2.0
   21   29   52                                     1.0
   21   29   56                                     1.0
   21   29   57                                     3.0
   21   29   59                                     1.0
   21   29   60                                     1.0
   21   30   32                                     2.0
   21   30   34                                     1.0
   21   30   38                                     1.0
   21   30   41                                     6.0
   21   30   42                                     4.0
   21   30   43                                     3.0
   21   30   44                                    12.0
   21   30   46                                     9.0
   21   30   47                                     3.0
   21   30   48                                     1.0
   21   30   58                                     1.0
   21   30   88                                     1.0
   21   31   37                                     1.0
   21   31   38                                     3.0
   21   31   39                                     2.0
   21   31   41                                     4.0
   21   31   42                                     4.0
   21   31   44                                     1.0
   21   31   56                                     3.0
   21   31   97                                     5.0
   21   31   98                                     7.0
   21   32   36                                     3.0
   21   32   37                                     9.0
   21   32   38                                     4.0
   21   32   39                                     4.0
   21   32   40                                     1.0
   21   32   41                                     2.0
   21   32   42                                     1.0
   21   32   44                                     1.0
   21   32   48                                     1.0
   21   32   56                                     1.0
   21   32   59                                     1.0
   21   32   83                                     2.0
   21   32   88                                     1.0
   21   32   98                                     2.0
   21   33   35                                     4.0
   21   33   36                                     2.0
   21   33   37                                     1.0
   21   33   38                                     7.0
   21   33   39                                     2.0
   21   33   41                                     2.0
   21   33   43                                     1.0
   21   33   55                                     2.0
   21   33   56                                     2.0
   21   33   57                                     2.0
   21   33   83                                     2.0
   21   33   88                                     1.0
   21   33   96                                     3.0
   21   34   35                                     1.0
   21   34   36                                     4.0
   21   34   38                                     5.0
   21   34   39                                     1.0
   21   34   43                                     2.0
   21   34   45                                     1.0
   21   34   54                                     3.0
   21   34   55                                     3.0
   21   34   56                                     6.0
   21   34   57                                     1.0
   21   34   58                                     1.0
   21   34   83                                     1.0
   21   34   96                                     1.0
   21   35   36                                     1.0
   21   35   38                                     3.0
   21   35   39                                     1.0
   21   35   44                                     1.0
   21   35   53                                     3.0
   21   35   54                                     8.0
   21   35   55                                     2.0
   21   36   38                                     1.0
   21   36   44                                     1.0
   21   36   47                                     1.0
   21   36   48                                     1.0
   21   36   49                                     4.0
   21   36   50                                     3.0
   21   36   51                                     5.0
   21   36   53                                     3.0
   21   36   72                                     3.0
   21   37   43                                     1.0
   21   37   44                                     3.0
   21   37   45                                     2.0
   21   37   46                                     3.0
   21   37   47                                     6.0
   21   37   48                                     2.0
   21   37   49                                     1.0
   21   37   50                                     2.0
   21   37   51                                     1.0
   21   37   69                                     1.0
   21   37   72                                     1.0
   21   38   41                                     3.0
   21   38   42                                     1.0
   21   38   43                                     3.0
   21   38   44                                     2.0
   21   38   45                                     6.0
   21   38   46                                     2.0
   21   38   47                                     1.0
   21   38   48                                     2.0
   21   38   54                                     1.0
   21   38   57                                     3.0
   21   38   66                                     1.0
   21   38   69                                     1.0
   21   38   72                                     1.0
   21   39   40                                     1.0
   21   39   41                                     1.0
   21   39   43                                     2.0
   21   39   44                                     2.0
   21   39   45                                     7.0
   21   39   47                                     1.0
   21   39   48                                     1.0
   21   39   49                                     1.0
   21   39   50                                     1.0
   21   39   65                                     1.0
   21   39   72                                     1.0
   21   40   43                                     2.0
   21   40   45                                     4.0
   21   40   50                                     1.0
   21   40   54                                     1.0
   21   40   61                                     4.0
   21   40   63                                     6.0
   21   40   64                                     8.0
   21   41   43                                     1.0
   21   41   44                                     1.0
   21   41   45                                     4.0
   21   41   47                                     1.0
   21   41   61                                     2.0
   21   41   62                                     4.0
   21   41   63                                     2.0
   21   42   45                                     1.0
   21   42   51                                     2.0
   21   42   55                                     4.0
   21   42   56                                     2.0
   21   42   60                                     3.0
   21   42   62                                     2.0
   21   42   63                                     3.0
   21   42   68                                     1.0
   21   43   47                                     1.0
   21   43   48                                     2.0
   21   43   49                                     3.0
   21   43   51                                     3.0
   21   43   53                                     4.0
   21   43   54                                     6.0
   21   43   55                                     4.0
   21   43   56                                     2.0
   21   43   57                                     3.0
   21   43   60                                     1.0
   21   43   62                                     2.0
   21   43   63                                     1.0
   21   43   68                                     2.0
   21   43   84                                     1.0
   21   44   46                                     1.0
   21   44   47                                     1.0
   21   44   48                                     1.0
   21   44   49                                     1.0
   21   44   50                                     1.0
   21   44   51                                     2.0
   21   44   52                                     7.0
   21   44   53                                     3.0
   21   44   54                                     3.0
   21   44   55                                     2.0
   21   44   56                                     1.0
   21   44   58                                     1.0
   21   44   60                                     1.0
   21   44   62                                     1.0
   21   44   63                                     1.0
   21   44   68                                     1.0
   21   45   46                                     1.0
   21   45   47                                     3.0
   21   45   50                                     3.0
   21   45   51                                     1.0
   21   45   52                                     4.0
   21   45   53                                     2.0
   21   45   54                                     3.0
   21   45   55                                     1.0
   21   45   60                                     1.0
   21   45   62                                     1.0
   21   45   68                                     1.0
   21   45   76                                     5.0
   21   45   77                                     2.0
   21   46   48                                     1.0
   21   46   49                                     2.0
   21   46   50                                     1.0
   21   46   51                                     1.0
   21   46   52                                     4.0
   21   46   53                                     1.0
   21   46   54                                     1.0
   21   46   61                                     1.0
   21   46   62                                     1.0
   21   46   66                                     1.0
   21   46   76                                     2.0
   21   46   77                                     3.0
   21   46   78                                     1.0
   21   46   79                                     1.0
   21   46   80                                     5.0
   21   46   82                                     3.0
   21   47   49                                     1.0
   21   47   50                                     1.0
   21   47   53                                     4.0
   21   47   55                                     1.0
   21   47   62                                     3.0
   21   47   63                                     1.0
   21   47   64                                     4.0
   21   47   65                                     1.0
   21   47   66                                     1.0
   21   47   68                                     1.0
   21   47   75                                     2.0
   21   47   78                                     1.0
   21   47   79                                     3.0
   21   47   80                                     3.0
   21   47   81                                     3.0
   21   47   82                                     1.0
   21   47   88                                     3.0
   21   47   90                                     3.0
   21   47   94                                     2.0
   21   47   97                                     2.0
   21   48   53                                     1.0
   21   48   56                                     1.0
   21   48   59                                     4.0
   21   48   62                                     2.0
   21   48   64                                    13.0
   21   48   66                                     2.0
   21   48   67                                     8.0
   21   48   72                                     1.0
   21   48   74                                     1.0
   21   48   75                                     2.0
   21   48   76                                     1.0
   21   48   79                                     1.0
   21   48   80                                     2.0
   21   48   81                                     1.0
   21   48   82                                     1.0
   21   48   88                                     1.0
   21   48   90                                     1.0
   21   48   94                                     2.0
   21   48   97                                     2.0
   21   49   51                                     3.0
   21   49   55                                     1.0
   21   49   59                                     4.0
   21   49   60                                     2.0
   21   49   61                                     5.0
   21   49   64                                     5.0
   21   49   66                                     1.0
   21   49   67                                     4.0
   21   49   72                                     2.0
   21   49   74                                     2.0
   21   49   75                                     4.0
   21   49   76                                     1.0
   21   49   79                                     1.0
   21   49   82                                     1.0
   21   49   88                                     1.0
   21   49   90                                     1.0
   21   49   94                                     1.0
   21   49   97                                     1.0
   21   50   54                                     1.0
   21   50   59                                     4.0
   21   50   60                                     4.0
   21   50   61                                     5.0
   21   50   62                                     1.0
   21   50   64                                     5.0
   21   50   66                                     2.0
   21   50   67                                     5.0
   21   50   68                                     1.0
   21   50   69                                     2.0
   21   50   70                                     4.0
   21   50   72                                     2.0
   21   50   74                                     1.0
   21   50   75                                     2.0
   21   50   76                                     1.0
   21   50   80                                     1.0
   21   50   88                                     1.0
   21   50   90                                     1.0
   21   51   54                                     1.0
   21   51   57                                     1.0
   21   51   58                                     1.0
   21   51   59                                     4.0
   21   51   66                                     1.0
   21   51   67                                     4.0
   21   51   68                                     2.0
   21   51   69                                     1.0
   21   51   70                                     2.0
   21   51   72                                     1.0
   21   51   75                                     3.0
   21   51   76                                     1.0
   21   51   79                                     1.0
   21   51   95                                     1.0
   21   51   97                                     1.0
   21   52   60                                     2.0
   21   52   61                                     4.0
   21   52   63                                     1.0
   21   52   64                                     3.0
   21   52   69                                     1.0
   21   52   70                                     2.0
   21   52   77                                     3.0
   21   52   80                                     1.0
   21   52   83                                     5.0
   21   52   86                                     4.0
   21   52   88                                     1.0
   21   52   90                                     1.0
   21   53   58                                     1.0
   21   53   59                                     3.0
   21   53   66                                     1.0
   21   53   67                                     4.0
   21   53   68                                     1.0
   21   53   71                                     2.0
   21   53   72                                     2.0
   21   53   75                                    10.0
   21   53   77                                     6.0
   21   53   82                                     1.0
   21   53   83                                     6.0
   21   53   86                                     8.0
   21   53   89                                     4.0
   21   53   90                                     4.0
   21   53   95                                     1.0
   21   53   98                                     2.0
   21   54   59                                     1.0
   21   54   60                                     3.0
   21   54   61                                     1.0
   21   54   62                                     1.0
   21   54   63                                     1.0
   21   54   69                                     1.0
   21   54   70                                     4.0
   21   54   71                                     2.0
   21   54   72                                     2.0
   21   54   75                                     6.0
   21   54   76                                     1.0
   21   54   77                                     6.0
   21   54   82                                     2.0
   21   54   83                                     3.0
   21   54   86                                     4.0
   21   54   89                                     3.0
   21   54   90                                     4.0
   21   54   94                                     1.0
   21   55   62                                     1.0
   21   55   68                                     1.0
   21   55   70                                     1.0
   21   55   71                                     2.0
   21   55   72                                     1.0
   21   55   75                                     2.0
   21   55   82                                     1.0
   21   55   83                                     2.0
   21   55   86                                     3.0
   21   55   87                                     1.0
   21   55   89                                     1.0
   21   56   62                                     1.0
   21   56   66                                     1.0
   21   56   70                                     1.0
   21   56   71                                     2.0
   21   56   72                                     1.0
   21   56   75                                     2.0
   21   56   77                                     3.0
   21   56   83                                     1.0
   21   56   86                                     3.0
   21   56   87                                     1.0
   21   56   89                                     2.0
   21   56   90                                     2.0
   21   57   58                                     1.0
   21   57   70                                     1.0
   21   57   71                                     2.0
   21   57   75                                     3.0
   21   57   83                                     3.0
   21   57   89                                     1.0
   21   57   90                                     3.0
   21   58   65                                     2.0
   21   58   66                                     2.0
   21   58   69                                     2.0
   21   58   70                                     2.0
   21   58   72                                     1.0
   21   58   74                                     1.0
   21   58   75                                     3.0
   21   58   90                                     2.0
   21   58   91                                     1.0
   21   59   61                                     1.0
   21   59   63                                     1.0
   21   59   64                                     1.0
   21   59   68                                     2.0
   21   59   71                                     1.0
   21   59   76                                     4.0
   21   59   83                                     2.0
   21   59   86                                     3.0
   21   59   87                                     1.0
   21   59   88                                     1.0
   21   60   70                                     1.0
   21   60   71                                     2.0
   21   60   99                                     2.0
   21   60  100                                     1.0
   21   61   65                                     1.0
   21   61   84                                     1.0
   21   61   89                                     1.0
   21   61   90                                     3.0
   21   61   96                                     1.0
   21   62   74                                     3.0
   21   64   81                                     1.0
   21   65   84                                     1.0
   21   66   81                                     1.0
   21   68   85                                     2.0
   21   69   84                                     1.0
   21   69   85                                     1.0
   21   70   81                                     1.0
   21   72   89                                     2.0
   21   72   90                                     2.0
   22   23   36                                     1.0
   22   23   38                                     3.0
   22   23   41                                     1.0
   22   23   71                                     1.0
   22   23   97                                     1.0
   22   24   31                                     1.0
   22   24   32                                     4.0
   22   24   33                                     4.0
   22   24   34                                     6.0
   22   24   35                                     5.0
   22   24   36                                     3.0
   22   24   37                                     1.0
   22   24   38                                     1.0
   22   24   56                                     1.0
   22   24   83                                     1.0
   22   24   92                                     1.0
   22   24   99                                     1.0
   22   25   29                                     2.0
   22   25   30                                    10.0
   22   25   31                                     9.0
   22   25   32                                     8.0
   22   25   33                                     2.0
   22   25   34                                     1.0
   22   25   38                                     1.0
   22   25   44                                     1.0
   22   25   53                                     1.0
   22   25   56                                     1.0
   22   25   71                                     4.0
   22   25   72                                     5.0
   22   25   75                                     3.0
   22   25   77                                     5.0
   22   25   83                                     7.0
   22   25   92                                     4.0
   22   25   93                                     1.0
   22   25   97                                     4.0
   22   25  100                                     1.0
   22   26   28                                     4.0
   22   26   29                                    10.0
   22   26   30                                     4.0
   22   26   35                                     3.0
   22   26   41                                     1.0
   22   26   48                                     1.0
   22   26   51                                     1.0
   22   26   52                                     1.0
   22   26   66                                     4.0
   22   26   75                                     1.0
   22   26   77                                     5.0
   22   26   79                                     3.0
   22   26   82                                     2.0
   22   26   83                                     8.0
   22   26   92                                     5.0
   22   26   93                                     5.0
   22   26   96                                     2.0
   22   26   97                                     8.0
   22   26  100                                     2.0
   22   27   28                                     1.0
   22   27   29                                     1.0
   22   27   30                                     3.0
   22   27   31                                     1.0
   22   27   38                                     1.0
   22   27   45                                     1.0
   22   27   49                                     1.0
   22   27   50                                     2.0
   22   27   66                                     6.0
   22   27   75                                     1.0
   22   27   83                                     1.0
   22   27   84                                     5.0
   22   27   93                                     4.0
   22   27   94                                     1.0
   22   27   97                                     4.0
   22   28   30                                     1.0
   22   28   44                                     1.0
   22   28   45                                     1.0
   22   28   46                                     2.0
   22   28   47                                     2.0
   22   28   48                                     1.0
   22   28   49                                     1.0
   22   28   50                                     3.0
   22   28   51                                     2.0
   22   28   56                                     1.0
   22   28   59                                     1.0
   22   28   66                                     2.0
   22   28   84                                     3.0
   22   28   94                                     1.0
   22   28   97                                     1.0
   22   28   98                                     1.0
   22   29   34                                     1.0
   22   29   35                                     1.0
   22   29   42                                     1.0
   22   29   43                                     1.0
   22   29   44                                     2.0
   22   29   45                                     4.0
   22   29   46                                     1.0
   22   29   47                                     9.0
   22   29   48                                     1.0
   22   29   49                                     3.0
   22   29   50                                     2.0
   22   29   51                                     2.0
   22   29   59                                     1.0
   22   29   60                                     1.0
   22   29   84                                     1.0
   22   29   98                                     1.0
   22   30   40                                     2.0
   22   30   41                                     1.0
   22   30   42                                     3.0
   22   30   43                                     7.0
   22   30   45                                     7.0
   22   30   47                                     1.0
   22   30   48                                     1.0
   22   30   49                                     1.0
   22   30   56                                     1.0
   22   30   79                                     3.0
   22   30   80                                     2.0
   22   30   83                                     1.0
   22   30   94                                     1.0
   22   30   96                                     1.0
   22   30   97                                     4.0
   22   31   34                                     1.0
   22   31   36                                     1.0
   22   31   37                                     7.0
   22   31   38                                     1.0
   22   31   39                                    10.0
   22   31   40                                     5.0
   22   31   41                                     5.0
   22   31   42                                     1.0
   22   31   43                                     3.0
   22   31   57                                     1.0
   22   31   70                                     9.0
   22   31   79                                     8.0
   22   31   80                                     4.0
   22   31   83                                    10.0
   22   31   85                                     1.0
   22   31   88                                     8.0
   22   31   90                                     9.0
   22   31   91                                     4.0
   22   31   97                                     9.0
   22   32   33                                     1.0
   22   32   35                                     2.0
   22   32   36                                     3.0
   22   32   37                                     4.0
   22   32   38                                     4.0
   22   32   39                                     1.0
   22   32   40                                     2.0
   22   32   41                                     2.0
   22   32   46                                     1.0
   22   32   55                                     1.0
   22   32   79                                     6.0
   22   32   80                                     1.0
   22   32   83                                     3.0
   22   32   84                                     1.0
   22   32   85                                     7.0
   22   32   88                                     3.0
   22   32   90                                     3.0
   22   32   91                                     2.0
   22   32   96                                     1.0
   22   32   98                                     3.0
   22   33   33                                     1.0
   22   33   34                                     2.0
   22   33   35                                     2.0
   22   33   37                                     1.0
   22   33   38                                     1.0
   22   33   43                                     1.0
   22   33   54                                     4.0
   22   33   79                                     1.0
   22   33   85                                     2.0
   22   33   89                                     1.0
   22   33   91                                     2.0
   22   34   36                                     1.0
   22   34   40                                     1.0
   22   34   43                                     1.0
   22   34   54                                     1.0
   22   34   55                                     1.0
   22   34   85                                     1.0
   22   34   98                                     1.0
   22   35   36                                     1.0
   22   35   41                                     1.0
   22   35   43                                     1.0
   22   35   52                                     8.0
   22   35   54                                     7.0
   22   35   79                                     1.0
   22   35   90                                     2.0
   22   36   43                                     1.0
   22   36   45                                     1.0
   22   36   47                                     4.0
   22   36   48                                     3.0
   22   36   50                                     9.0
   22   36   52                                     3.0
   22   36   53                                     1.0
   22   36   54                                     1.0
   22   36   78                                     5.0
   22   36   85                                     1.0
   22   36   90                                    10.0
   22   36   95                                    14.0
   22   37   43                                     5.0
   22   37   44                                     2.0
   22   37   45                                     2.0
   22   37   46                                     1.0
   22   37   47                                     1.0
   22   37   48                                     1.0
   22   37   49                                     1.0
   22   37   50                                     1.0
   22   37   52                                     1.0
   22   37   69                                     1.0
   22   37   90                                     2.0
   22   37   95                                     8.0
   22   38   40                                     1.0
   22   38   41                                     2.0
   22   38   42                                     1.0
   22   38   43                                     1.0
   22   38   44                                     2.0
   22   38   45                                     1.0
   22   38   46                                     2.0
   22   38   48                                     1.0
   22   38   50                                     1.0
   22   38   57                                     1.0
   22   38   69                                     2.0
   22   38   95                                     2.0
   22   38   96                                     1.0
   22   39   41                                     1.0
   22   39   42                                     2.0
   22   39   45                                     2.0
   22   39   47                                     1.0
   22   39   49                                     1.0
   22   39   69                                     1.0
   22   39   96                                     1.0
   22   40   63                                     1.0
   22   40   69                                     1.0
   22   41   42                                     1.0
   22   41   45                                     1.0
   22   41   55                                     1.0
   22   41   58                                     4.0
   22   41   61                                     5.0
   22   41   69                                     1.0
   22   42   44                                     1.0
   22   42   48                                     1.0
   22   42   52                                     1.0
   22   42   55                                     5.0
   22   42   58                                     4.0
   22   42   61                                     1.0
   22   42   73                                     1.0
   22   43   48                                     2.0
   22   43   52                                     3.0
   22   43   53                                     2.0
   22   43   55                                     1.0
   22   43   56                                     1.0
   22   43   58                                     2.0
   22   43   60                                     1.0
   22   43   61                                     1.0
   22   44   47                                     1.0
   22   44   48                                     2.0
   22   44   51                                     1.0
   22   44   52                                     1.0
   22   44   53                                     1.0
   22   44   55                                     1.0
   22   44   58                                     2.0
   22   44   73                                     1.0
   22   45   47                                     2.0
   22   45   51                                     2.0
   22   45   53                                     1.0
   22   45   60                                     1.0
   22   46   51                                     1.0
   22   46   52                                     1.0
   22   46   55                                     1.0
   22   47   65                                     2.0
   22   48   53                                     1.0
   22   48   58                                     3.0
   22   48   62                                     3.0
   22   48   63                                     3.0
   22   48   65                                     4.0
   22   48   69                                     1.0
   22   48   81                                     1.0
   22   49   53                                     2.0
   22   49   58                                     3.0
   22   49   62                                     1.0
   22   49   63                                     1.0
   22   49   65                                     2.0
   22   50   53                                     1.0
   22   50   58                                     3.0
   22   50   63                                     3.0
   22   50   65                                     1.0
   22   51   52                                     1.0
   22   51   57                                     1.0
   22   51   58                                     2.0
   22   51   62                                     1.0
   22   51   63                                     1.0
   22   51   65                                     2.0
   22   51   81                                     1.0
   22   51   82                                     1.0
   22   51   99                                     1.0
   22   52   58                                     1.0
   22   52   68                                     1.0
   22   52   70                                     2.0
   22   52   73                                     3.0
   22   52   76                                     2.0
   22   52   84                                     1.0
   22   52   86                                     1.0
   22   52   99                                     3.0
   22   53   58                                     1.0
   22   53   60                                     1.0
   22   53   62                                     1.0
   22   53   63                                     2.0
   22   53   65                                     1.0
   22   53   67                                     2.0
   22   53   70                                     2.0
   22   53   73                                     1.0
   22   53   74                                     4.0
   22   53   76                                     4.0
   22   53   84                                     2.0
   22   53   85                                     2.0
   22   53   86                                     2.0
   22   53   88                                     2.0
   22   53   99                                     1.0
   22   54   60                                     1.0
   22   54   67                                     2.0
   22   54   69                                     2.0
   22   54   70                                     3.0
   22   54   73                                     1.0
   22   54   74                                     4.0
   22   54   76                                     2.0
   22   54   82                                     1.0
   22   54   84                                     1.0
   22   54   85                                     1.0
   22   54   86                                     1.0
   22   54   88                                     1.0
   22   54   99                                     1.0
   22   55   59                                     1.0
   22   55   69                                     1.0
   22   55   70                                     1.0
   22   55   73                                     1.0
   22   55   76                                     2.0
   22   55   84                                     1.0
   22   55   85                                     1.0
   22   55   86                                     1.0
   22   55   88                                     1.0
   22   56   62                                     1.0
   22   56   67                                     1.0
   22   56   69                                     1.0
   22   56   70                                     2.0
   22   56   74                                     2.0
   22   56   76                                     2.0
   22   56   84                                     1.0
   22   56   85                                     1.0
   22   56   86                                     1.0
   22   56   88                                     1.0
   22   56   99                                     1.0
   22   57   58                                     1.0
   22   57   63                                     1.0
   22   57   70                                     1.0
   22   57   74                                     1.0
   22   57   88                                     1.0
   22   58   66                                     1.0
   22   58   69                                     1.0
   22   58   72                                     1.0
   22   58   74                                     1.0
   22   58   85                                     1.0
   22   59   76                                     1.0
   22   59   78                                     1.0
   22   59   84                                     1.0
   22   59   86                                     1.0
   22   60   70                                     1.0
   22   60   76                                     1.0
   22   61   69                                     2.0
   22   61   89                                     1.0
   22   61   99                                     1.0
   22   62   73                                     1.0
   22   62   74                                     1.0
   22   62   79                                     1.0
   22   62   85                                     1.0
   22   67   82                                     1.0
   22   69   84                                     1.0
   22   71   81                                     1.0
   22   73   88                                     1.0
   23   23   35                                     1.0
   23   23   96                                     1.0
   23   24   30                                     2.0
   23   24   31                                     1.0
   23   24   32                                     4.0
   23   24   33                                     1.0
   23   24   38                                     1.0
   23   24   48                                     1.0
   23   24   62                                     1.0
   23   24   71                                     1.0
   23   24   83                                     2.0
   23   24   92                                     1.0
   23   24   93                                     1.0
   23   24   97                                     1.0
   23   25   28                                     3.0
   23   25   29                                     3.0
   23   25   30                                     4.0
   23   25   31                                     1.0
   23   25   32                                     3.0
   23   25   49                                     1.0
   23   25   60                                     1.0
   23   25   61                                     4.0
   23   25   62                                     4.0
   23   25   66                                     2.0
   23   25   71                                     3.0
   23   25   72                                     4.0
   23   25   75                                     4.0
   23   25   77                                     2.0
   23   25   79                                     2.0
   23   25   82                                     3.0
   23   25   92                                     1.0
   23   25   93                                     1.0
   23   25   97                                     2.0
   23   26   28                                     5.0
   23   26   29                                     2.0
   23   26   30                                     1.0
   23   26   41                                     1.0
   23   26   44                                     1.0
   23   26   45                                     2.0
   23   26   49                                     1.0
   23   26   50                                     1.0
   23   26   51                                     3.0
   23   26   57                                     3.0
   23   26   60                                     4.0
   23   26   61                                     1.0
   23   26   66                                     8.0
   23   26   72                                     1.0
   23   26   75                                     2.0
   23   26   77                                     2.0
   23   26   79                                     3.0
   23   26   83                                     1.0
   23   26   84                                     2.0
   23   26   93                                     2.0
   23   26   95                                     3.0
   23   26   96                                     2.0
   23   26   97                                     3.0
   23   27   27                                     1.0
   23   27   28                                     1.0
   23   27   34                                     1.0
   23   27   35                                     2.0
   23   27   41                                     2.0
   23   27   42                                     3.0
   23   27   46                                     1.0
   23   27   47                                     1.0
   23   27   48                                     1.0
   23   27   51                                     2.0
   23   27   52                                     1.0
   23   27   57                                     1.0
   23   27   59                                     1.0
   23   27   60                                     2.0
   23   27   66                                     6.0
   23   27   75                                     1.0
   23   27   77                                     1.0
   23   27   79                                     1.0
   23   27   83                                     2.0
   23   27   84                                     3.0
   23   27   92                                     1.0
   23   27   93                                     1.0
   23   27   96                                     1.0
   23   27   97                                     2.0
   23   27  100                                     1.0
   23   28   31                                     1.0
   23   28   35                                     1.0
   23   28   41                                     2.0
   23   28   42                                     3.0
   23   28   44                                     1.0
   23   28   46                                     1.0
   23   28   47                                     1.0
   23   28   48                                     2.0
   23   28   49                                     1.0
   23   28   50                                     4.0
   23   28   51                                     1.0
   23   28   52                                     2.0
   23   28   57                                     1.0
   23   28   59                                     2.0
   23   28   66                                     4.0
   23   28   77                                     1.0
   23   28   80                                     1.0
   23   28   83                                     1.0
   23   28   84                                     1.0
   23   28   93                                     3.0
   23   28   97                                     2.0
   23   28   98                                     1.0
   23   29   31                                     1.0
   23   29   40                                     1.0
   23   29   41                                     3.0
   23   29   42                                     6.0
   23   29   43                                     3.0
   23   29   44                                     6.0
   23   29   45                                     3.0
   23   29   46                                     7.0
   23   29   47                                     6.0
   23   29   48                                     3.0
   23   29   49                                     1.0
   23   29   50                                     1.0
   23   29   51                                     1.0
   23   29   52                                     1.0
   23   29   57                                     1.0
   23   29   58                                     1.0
   23   29   59                                     1.0
   23   29   66                                     2.0
   23   29   67                                     1.0
   23   29   80                                     1.0
   23   29   83                                     1.0
   23   29   84                                     2.0
   23   29   95                                     1.0
   23   29   98                                     1.0
   23   30   30                                     1.0
   23   30   38                                     4.0
   23   30   39                                    12.0
   23   30   40                                     9.0
   23   30   41                                    15.0
   23   30   42                                    12.0
   23   30   43                                     2.0
   23   30   44                                    11.0
   23   30   46                                     2.0
   23   30   55                                     3.0
   23   30   56                                     1.0
   23   30   57                                     1.0
   23   30   59                                     1.0
   23   30   60                                     1.0
   23   30   64                                     2.0
   23   30   65                                     8.0
   23   30   66                                    12.0
   23   30   79                                     6.0
   23   30   82                                     1.0
   23   30   84                                     1.0
   23   30   90                                     2.0
   23   30   94                                     1.0
   23   30   95                                     1.0
   23   30   97                                     2.0
   23   30   99                                     2.0
   23   31   35                                     1.0
   23   31   36                                     1.0
   23   31   37                                     4.0
   23   31   38                                     3.0
   23   31   39                                     4.0
   23   31   40                                     2.0
   23   31   41                                     2.0
   23   31   42                                     2.0
   23   31   55                                     4.0
   23   31   56                                     3.0
   23   31   60                                     3.0
   23   31   63                                     5.0
   23   31   64                                     7.0
   23   31   65                                     3.0
   23   31   66                                     1.0
   23   31   67                                     1.0
   23   31   68                                     1.0
   23   31   69                                     5.0
   23   31   70                                    20.0
   23   31   78                                     1.0
   23   31   79                                     9.0
   23   31   82                                     6.0
   23   31   83                                     3.0
   23   31   84                                     1.0
   23   31   87                                     4.0
   23   31   88                                     4.0
   23   31   90                                     5.0
   23   31   94                                     1.0
   23   31   97                                     1.0
   23   31   98                                     1.0
   23   31   99                                     1.0
   23   31  100                                     3.0
   23   32   35                                     6.0
   23   32   37                                     3.0
   23   32   38                                     1.0
   23   32   39                                     1.0
   23   32   43                                     1.0
   23   32   46                                     2.0
   23   32   47                                     1.0
   23   32   51                                     9.0
   23   32   54                                     2.0
   23   32   55                                     5.0
   23   32   56                                     2.0
   23   32   60                                     3.0
   23   32   61                                     1.0
   23   32   63                                     1.0
   23   32   65                                     2.0
   23   32   66                                     2.0
   23   32   67                                     1.0
   23   32   68                                     2.0
   23   32   69                                     7.0
   23   32   70                                    10.0
   23   32   79                                     5.0
   23   32   80                                     1.0
   23   32   83                                     3.0
   23   32   84                                     3.0
   23   32   88                                     3.0
   23   32   90                                     1.0
   23   32   97                                     1.0
   23   32  100                                     1.0
   23   33   34                                     3.0
   23   33   36                                     2.0
   23   33   39                                     1.0
   23   33   40                                     1.0
   23   33   41                                     1.0
   23   33   46                                     1.0
   23   33   47                                     2.0
   23   33   51                                     4.0
   23   33   54                                     4.0
   23   33   55                                     7.0
   23   33   57                                     1.0
   23   33   60                                     1.0
   23   33   65                                     1.0
   23   33   66                                     3.0
   23   33   69                                     2.0
   23   33   70                                     4.0
   23   33   79                                     2.0
   23   33   80                                     1.0
   23   33   84                                     1.0
   23   33   85                                     3.0
   23   33   89                                     1.0
   23   33   90                                     1.0
   23   34   40                                     1.0
   23   34   41                                     1.0
   23   34   43                                     2.0
   23   34   47                                     1.0
   23   34   54                                     2.0
   23   34   55                                     3.0
   23   34   56                                     2.0
   23   34   61                                     1.0
   23   34   62                                     1.0
   23   34   66                                     2.0
   23   34   67                                     1.0
   23   34   69                                     2.0
   23   34   70                                     2.0
   23   34   85                                     2.0
   23   34   95                                     2.0
   23   34   98                                     2.0
   23   35   40                                     1.0
   23   35   43                                     2.0
   23   35   47                                     1.0
   23   35   50                                     2.0
   23   35   51                                     6.0
   23   35   53                                     6.0
   23   35   54                                     3.0
   23   35   55                                    10.0
   23   35   66                                     1.0
   23   35   70                                     2.0
   23   35   72                                     6.0
   23   35   79                                     2.0
   23   35   84                                     1.0
   23   35   89                                     1.0
   23   35   90                                     1.0
   23   36   39                                     1.0
   23   36   43                                     2.0
   23   36   44                                     1.0
   23   36   45                                     3.0
   23   36   46                                     8.0
   23   36   47                                     1.0
   23   36   48                                     5.0
   23   36   49                                     4.0
   23   36   50                                     4.0
   23   36   51                                     5.0
   23   36   52                                     1.0
   23   36   55                                     1.0
   23   36   56                                     2.0
   23   36   61                                     2.0
   23   36   65                                     1.0
   23   36   66                                     2.0
   23   36   68                                     2.0
   23   36   69                                     2.0
   23   36   70                                     4.0
   23   36   71                                     5.0
   23   36   72                                    18.0
   23   36   78                                    10.0
   23   36   80                                     9.0
   23   36   82                                     4.0
   23   36   85                                     2.0
   23   36   89                                     5.0
   23   36   90                                     5.0
   23   36   91                                     2.0
   23   36   95                                    12.0
   23   37   41                                     2.0
   23   37   42                                     1.0
   23   37   43                                     4.0
   23   37   44                                     3.0
   23   37   45                                     7.0
   23   37   46                                     6.0
   23   37   47                                     2.0
   23   37   48                                     2.0
   23   37   50                                     1.0
   23   37   54                                     3.0
   23   37   56                                     1.0
   23   37   58                                     6.0
   23   37   61                                     6.0
   23   37   65                                     3.0
   23   37   68                                     3.0
   23   37   69                                     2.0
   23   37   70                                     2.0
   23   37   71                                     1.0
   23   37   72                                     1.0
   23   37   73                                     3.0
   23   37   78                                     3.0
   23   37   80                                     6.0
   23   37   82                                     6.0
   23   37   86                                    10.0
   23   37   90                                     2.0
   23   37   95                                     4.0
   23   38   40                                     2.0
   23   38   41                                     1.0
   23   38   42                                     1.0
   23   38   43                                     2.0
   23   38   45                                     2.0
   23   38   46                                     2.0
   23   38   47                                     2.0
   23   38   48                                     1.0
   23   38   50                                     1.0
   23   38   51                                     1.0
   23   38   54                                     2.0
   23   38   56                                     2.0
   23   38   58                                     2.0
   23   38   61                                     2.0
   23   38   65                                     3.0
   23   38   68                                     2.0
   23   38   69                                     4.0
   23   38   70                                     2.0
   23   38   71                                     1.0
   23   38   73                                     1.0
   23   38   78                                     1.0
   23   38   79                                     1.0
   23   38   80                                     2.0
   23   38   82                                     2.0
   23   38   86                                     3.0
   23   38   95                                     3.0
   23   39   42                                     2.0
   23   39   45                                     2.0
   23   39   47                                     3.0
   23   39   54                                     1.0
   23   39   58                                     1.0
   23   39   61                                     2.0
   23   39   62                                     1.0
   23   39   65                                     4.0
   23   39   66                                     1.0
   23   39   67                                     1.0
   23   39   69                                     2.0
   23   39   70                                     1.0
   23   39   80                                     4.0
   23   39   86                                     3.0
   23   39   90                                     2.0
   23   39   95                                     2.0
   23   40   44                                     1.0
   23   40   47                                     1.0
   23   40   54                                     1.0
   23   40   56                                     1.0
   23   40   58                                     1.0
   23   40   65                                     2.0
   23   40   66                                     1.0
   23   40   69                                     2.0
   23   40   70                                     1.0
   23   40   78                                     1.0
   23   40   82                                     2.0
   23   40   86                                     2.0
   23   40   87                                     1.0
   23   40   96                                     2.0
   23   41   47                                     1.0
   23   41   48                                     1.0
   23   41   53                                     2.0
   23   41   55                                     5.0
   23   41   58                                     3.0
   23   41   60                                     5.0
   23   41   61                                     5.0
   23   41   65                                     2.0
   23   41   69                                     4.0
   23   41   78                                     6.0
   23   41   79                                    13.0
   23   41   87                                     2.0
   23   41   88                                     8.0
   23   41   92                                     6.0
   23   41   98                                     4.0
   23   42   49                                     1.0
   23   42   52                                     5.0
   23   42   54                                     1.0
   23   42   55                                     7.0
   23   42   58                                     2.0
   23   42   60                                     1.0
   23   42   61                                     2.0
   23   42   63                                     1.0
   23   42   66                                     3.0
   23   42   69                                     3.0
   23   42   78                                     1.0
   23   42   79                                     8.0
   23   42   86                                     2.0
   23   42   88                                     4.0
   23   42   89                                     4.0
   23   42   92                                     4.0
   23   42   98                                     6.0
   23   43   46                                     1.0
   23   43   49                                     1.0
   23   43   52                                     3.0
   23   43   55                                     5.0
   23   43   57                                     3.0
   23   43   58                                     2.0
   23   43   63                                     2.0
   23   43   65                                     2.0
   23   43   66                                     1.0
   23   43   69                                     1.0
   23   43   70                                     2.0
   23   43   79                                     3.0
   23   43   80                                     1.0
   23   43   88                                     2.0
   23   43   89                                     4.0
   23   43   92                                     2.0
   23   43   96                                     2.0
   23   43   98                                     2.0
   23   44   48                                     1.0
   23   44   52                                     1.0
   23   44   54                                     1.0
   23   44   55                                     1.0
   23   44   57                                     1.0
   23   44   63                                     1.0
   23   44   66                                     1.0
   23   44   69                                     3.0
   23   44   79                                     2.0
   23   44   89                                     2.0
   23   44   92                                     2.0
   23   45   47                                     1.0
   23   45   48                                     1.0
   23   45   51                                     1.0
   23   45   54                                     2.0
   23   45   57                                     2.0
   23   45   60                                     1.0
   23   45   63                                     1.0
   23   45   67                                     1.0
   23   45   83                                     1.0
   23   45   89                                     1.0
   23   45   90                                     1.0
   23   45   98                                     2.0
   23   46   56                                     1.0
   23   46   57                                     1.0
   23   46   58                                     1.0
   23   46   63                                     1.0
   23   46   69                                     1.0
   23   46   75                                     2.0
   23   46   77                                     1.0
   23   46   86                                     5.0
   23   46   87                                     4.0
   23   46   88                                     1.0
   23   46   89                                     1.0
   23   46   93                                     1.0
   23   46  100                                     8.0
   23   47   51                                     1.0
   23   47   59                                     1.0
   23   47   62                                     2.0
   23   47   74                                     2.0
   23   47   75                                     2.0
   23   47   76                                     3.0
   23   47   77                                     3.0
   23   47   86                                     2.0
   23   47   87                                     2.0
   23   47   89                                     1.0
   23   47   92                                     2.0
   23   47   93                                     3.0
   23   47  100                                     4.0
   23   48   52                                     1.0
   23   48   54                                     1.0
   23   48   56                                     1.0
   23   48   57                                     1.0
   23   48   59                                     2.0
   23   48   60                                     2.0
   23   48   62                                     2.0
   23   48   65                                     2.0
   23   48   66                                     1.0
   23   48   70                                     2.0
   23   48   74                                     2.0
   23   48   75                                     1.0
   23   48   76                                     2.0
   23   48   77                                     1.0
   23   48   87                                     1.0
   23   48   90                                     2.0
   23   48   93                                     1.0
   23   48  100                                     1.0
   23   49   51                                     1.0
   23   49   54                                     1.0
   23   49   56                                     1.0
   23   49   57                                     1.0
   23   49   58                                     1.0
   23   49   60                                     2.0
   23   49   62                                     3.0
   23   49   69                                     1.0
   23   49   70                                     2.0
   23   49   74                                     1.0
   23   49   75                                     1.0
   23   49   77                                     1.0
   23   49   93                                     1.0
   23   49   99                                     2.0
   23   50   54                                     1.0
   23   50   57                                     2.0
   23   50   62                                     2.0
   23   50   71                                     1.0
   23   50   76                                     1.0
   23   50   77                                     1.0
   23   51   57                                     1.0
   23   51   58                                     1.0
   23   51   60                                     1.0
   23   51   62                                     2.0
   23   51   74                                     1.0
   23   51   75                                     1.0
   23   51   77                                     1.0
   23   51   87                                     1.0
   23   52   71                                     1.0
   23   52   75                                     1.0
   23   52   76                                     1.0
   23   52   81                                     1.0
   23   52   87                                     3.0
   23   52   88                                     5.0
   23   52   89                                     2.0
   23   52   94                                     1.0
   23   52   97                                     1.0
   23   53   62                                     2.0
   23   53   72                                     2.0
   23   53   75                                     2.0
   23   53   87                                     1.0
   23   53   88                                     4.0
   23   53   89                                     2.0
   23   53   97                                     2.0
   23   54   56                                     1.0
   23   54   62                                     1.0
   23   54   66                                     1.0
   23   54   67                                     2.0
   23   54   72                                     1.0
   23   54   74                                     1.0
   23   54   75                                     1.0
   23   54   87                                     1.0
   23   54   88                                     2.0
   23   54   89                                     1.0
   23   54   90                                     2.0
   23   54   97                                     1.0
   23   55   59                                     1.0
   23   55   62                                     1.0
   23   55   67                                     3.0
   23   55   72                                     1.0
   23   55   75                                     1.0
   23   55   87                                     1.0
   23   55   89                                     1.0
   23   55   90                                     3.0
   23   55   98                                     1.0
   23   56   61                                     1.0
   23   56   67                                     1.0
   23   56   72                                     1.0
   23   56   75                                     1.0
   23   56   88                                     2.0
   23   56   90                                     1.0
   23   57   61                                     1.0
   23   57   70                                     1.0
   23   57   76                                     1.0
   23   57   98                                     1.0
   23   58   67                                     1.0
   23   58   72                                     1.0
   23   58   89                                     1.0
   23   58   90                                     1.0
   23   59   88                                     1.0
   23   60   74                                     1.0
   23   60   91                                     1.0
   23   61   74                                     1.0
   23   61   86                                     1.0
   23   61   99                                     1.0
   23   63   65                                     1.0
   23   63   71                                     1.0
   23   63   87                                     1.0
   23   65   92                                     1.0
   23   71   86                                     1.0
   23   76   82                                     1.0
   23   80   95                                     1.0
   24   25   27                                     2.0
   24   25   29                                     2.0
   24   25   30                                     1.0
   24   25   57                                     2.0
   24   25   60                                     1.0
   24   25   61                                     1.0
   24   25   62                                     2.0
   24   25   66                                     3.0
   24   25   71                                     1.0
   24   25   72                                     1.0
   24   25   75                                     1.0
   24   25   82                                     2.0
   24   26   27                                     2.0
   24   26   29                                     1.0
   24   26   32                                     1.0
   24   26   35                                     1.0
   24   26   41                                     1.0
   24   26   45                                     1.0
   24   26   49                                     3.0
   24   26   51                                     3.0
   24   26   56                                     1.0
   24   26   57                                     2.0
   24   26   58                                     1.0
   24   26   61                                     1.0
   24   26   62                                     1.0
   24   26   66                                     2.0
   24   26   73                                     1.0
   24   26   75                                     1.0
   24   26   79                                     1.0
   24   26   83                                     1.0
   24   26   92                                     1.0
   24   26   97                                     1.0
   24   27   32                                     1.0
   24   27   41                                     2.0
   24   27   46                                     1.0
   24   27   47                                     2.0
   24   27   48                                     1.0
   24   27   49                                     2.0
   24   27   50                                     2.0
   24   27   51                                     1.0
   24   27   52                                     2.0
   24   27   53                                     3.0
   24   27   57                                     1.0
   24   27   58                                     1.0
   24   27   60                                     1.0
   24   27   66                                     1.0
   24   27   77                                     1.0
   24   27   79                                     1.0
   24   27   95                                     2.0
   24   27   96                                     1.0
   24   27   99                                     1.0
   24   28   31                                     1.0
   24   28   41                                     2.0
   24   28   44                                     2.0
   24   28   45                                     5.0
   24   28   46                                     2.0
   24   28   47                                     4.0
   24   28   49                                     2.0
   24   28   51                                     1.0
   24   28   58                                     1.0
   24   28   62                                     1.0
   24   28   66                                     2.0
   24   28   75                                     1.0
   24   28   95                                     1.0
   24   28   97                                     3.0
   24   29   30                                     1.0
   24   29   34                                     2.0
   24   29   39                                     4.0
   24   29   40                                     4.0
   24   29   41                                    14.0
   24   29   42                                     7.0
   24   29   43                                    13.0
   24   29   44                                     7.0
   24   29   45                                     9.0
   24   29   46                                     4.0
   24   29   47                                     4.0
   24   29   48                                     2.0
   24   29   56                                     3.0
   24   29   57                                     1.0
   24   29   59                                     1.0
   24   29   60                                     1.0
   24   29   66                                     1.0
   24   29   73                                     1.0
   24   29   80                                     1.0
   24   29   83                                     1.0
   24   29   84                                     1.0
   24   29   94                                     1.0
   24   29   95                                     3.0
   24   29   98                                     1.0
   24   30   34                                     1.0
   24   30   37                                     1.0
   24   30   38                                     7.0
   24   30   39                                    14.0
   24   30   40                                     9.0
   24   30   41                                     9.0
   24   30   42                                     4.0
   24   30   43                                     2.0
   24   30   49                                     1.0
   24   30   51                                     2.0
   24   30   54                                     2.0
   24   30   55                                     4.0
   24   30   56                                     1.0
   24   30   64                                     2.0
   24   30   65                                     5.0
   24   30   66                                     9.0
   24   30   69                                     2.0
   24   30   74                                     1.0
   24   30   78                                     1.0
   24   30   79                                     4.0
   24   30   82                                     4.0
   24   30   84                                     1.0
   24   30   87                                     3.0
   24   30   90                                     2.0
   24   30   98                                     1.0
   24   31   35                                     3.0
   24   31   36                                     6.0
   24   31   37                                    11.0
   24   31   38                                     4.0
   24   31   39                                     2.0
   24   31   40                                     3.0
   24   31   42                                     1.0
   24   31   45                                     2.0
   24   31   48                                     6.0
   24   31   51                                     8.0
   24   31   53                                    10.0
   24   31   55                                     8.0
   24   31   56                                     4.0
   24   31   57                                     1.0
   24   31   59                                     1.0
   24   31   60                                     8.0
   24   31   62                                     2.0
   24   31   63                                     8.0
   24   31   64                                     6.0
   24   31   65                                     3.0
   24   31   66                                     1.0
   24   31   67                                     1.0
   24   31   68                                     3.0
   24   31   69                                    11.0
   24   31   77                                     3.0
   24   31   79                                     2.0
   24   31   82                                     1.0
   24   31   84                                     1.0
   24   31   88                                     1.0
   24   31   90                                     2.0
   24   31   94                                     1.0
   24   31   97                                     1.0
   24   31   98                                     1.0
   24   31   99                                     3.0
   24   32   34                                     3.0
   24   32   35                                     3.0
   24   32   36                                     2.0
   24   32   37                                     4.0
   24   32   40                                     4.0
   24   32   41                                     2.0
   24   32   45                                    10.0
   24   32   46                                     2.0
   24   32   48                                     3.0
   24   32   51                                     9.0
   24   32   53                                     3.0
   24   32   55                                     5.0
   24   32   56                                     2.0
   24   32   60                                     1.0
   24   32   63                                     1.0
   24   32   64                                     2.0
   24   32   65                                     3.0
   24   32   68                                     4.0
   24   32   69                                     3.0
   24   32   70                                     3.0
   24   32   79                                     1.0
   24   32   84                                     3.0
   24   32   88                                     1.0
   24   32   99                                     2.0
   24   33   35                                     1.0
   24   33   37                                     3.0
   24   33   39                                     1.0
   24   33   40                                     2.0
   24   33   41                                     3.0
   24   33   43                                     1.0
   24   33   45                                     3.0
   24   33   46                                     1.0
   24   33   48                                     1.0
   24   33   51                                     6.0
   24   33   53                                     2.0
   24   33   55                                     6.0
   24   33   56                                     1.0
   24   33   60                                     1.0
   24   33   63                                     2.0
   24   33   65                                     2.0
   24   33   68                                     1.0
   24   33   69                                     1.0
   24   33   70                                     1.0
   24   33   79                                     1.0
   24   33   80                                     1.0
   24   33   83                                     1.0
   24   33   84                                     2.0
   24   33   85                                     1.0
   24   33   88                                     1.0
   24   33   90                                     1.0
   24   33   91                                     2.0
   24   33  100                                     1.0
   24   34   35                                     1.0
   24   34   37                                     2.0
   24   34   39                                     1.0
   24   34   40                                     5.0
   24   34   43                                     1.0
   24   34   45                                     2.0
   24   34   46                                     2.0
   24   34   51                                     2.0
   24   34   53                                     1.0
   24   34   54                                     4.0
   24   34   55                                     5.0
   24   34   57                                     2.0
   24   34   60                                     1.0
   24   34   61                                     2.0
   24   34   65                                     1.0
   24   34   67                                     1.0
   24   34   69                                     1.0
   24   34   70                                     1.0
   24   34   79                                     1.0
   24   34   84                                     1.0
   24   34   95                                     1.0
   24   34   98                                     1.0
   24   35   35                                     1.0
   24   35   40                                     2.0
   24   35   43                                     1.0
   24   35   44                                     1.0
   24   35   45                                     2.0
   24   35   46                                     2.0
   24   35   47                                     2.0
   24   35   49                                     7.0
   24   35   50                                     4.0
   24   35   51                                     4.0
   24   35   52                                     6.0
   24   35   53                                     2.0
   24   35   54                                     6.0
   24   35   59                                     4.0
   24   35   60                                     1.0
   24   35   64                                     2.0
   24   35   66                                     1.0
   24   35   70                                     1.0
   24   35   72                                     3.0
   24   35   83                                     1.0
   24   35   84                                     1.0
   24   35   89                                     2.0
   24   36   39                                     2.0
   24   36   42                                     1.0
   24   36   43                                     1.0
   24   36   44                                     4.0
   24   36   45                                     6.0
   24   36   47                                     9.0
   24   36   49                                     8.0
   24   36   50                                     1.0
   24   36   51                                     5.0
   24   36   52                                     2.0
   24   36   53                                     4.0
   24   36   55                                     6.0
   24   36   57                                    10.0
   24   36   59                                    10.0
   24   36   61                                     1.0
   24   36   65                                     1.0
   24   36   66                                     1.0
   24   36   68                                     4.0
   24   36   69                                     1.0
   24   36   70                                     8.0
   24   36   71                                    16.0
   24   36   72                                     6.0
   24   36   78                                     5.0
   24   36   79                                     3.0
   24   36   81                                     2.0
   24   36   82                                     2.0
   24   36   84                                     1.0
   24   36   89                                     4.0
   24   36   91                                     1.0
   24   36   94                                     5.0
   24   36   95                                     3.0
   24   37   42                                     7.0
   24   37   43                                     3.0
   24   37   44                                     9.0
   24   37   45                                     5.0
   24   37   46                                     2.0
   24   37   47                                     3.0
   24   37   48                                     2.0
   24   37   49                                     4.0
   24   37   51                                     2.0
   24   37   52                                     6.0
   24   37   53                                     1.0
   24   37   54                                     3.0
   24   37   55                                     5.0
   24   37   57                                     2.0
   24   37   58                                     3.0
   24   37   59                                     2.0
   24   37   60                                     4.0
   24   37   61                                     3.0
   24   37   63                                     2.0
   24   37   65                                     3.0
   24   37   68                                     6.0
   24   37   69                                     1.0
   24   37   70                                     6.0
   24   37   71                                     2.0
   24   37   72                                     2.0
   24   37   74                                     2.0
   24   37   78                                     1.0
   24   37   79                                     2.0
   24   37   81                                     3.0
   24   37   82                                     3.0
   24   37   85                                     6.0
   24   37   89                                     1.0
   24   37   90                                     2.0
   24   37   95                                     3.0
   24   38   39                                     2.0
   24   38   41                                     3.0
   24   38   42                                     3.0
   24   38   43                                     2.0
   24   38   44                                     5.0
   24   38   45                                     1.0
   24   38   46                                     2.0
   24   38   47                                     2.0
   24   38   48                                     2.0
   24   38   49                                     2.0
   24   38   51                                     2.0
   24   38   52                                     8.0
   24   38   54                                     4.0
   24   38   55                                     3.0
   24   38   56                                     1.0
   24   38   57                                     2.0
   24   38   58                                     1.0
   24   38   59                                     2.0
   24   38   60                                     4.0
   24   38   61                                     1.0
   24   38   64                                     2.0
   24   38   65                                     1.0
   24   38   68                                     2.0
   24   38   69                                     2.0
   24   38   70                                     5.0
   24   38   71                                     1.0
   24   38   72                                     2.0
   24   38   74                                     1.0
   24   38   78                                     1.0
   24   38   79                                     1.0
   24   38   80                                     1.0
   24   38   81                                     1.0
   24   38   82                                     1.0
   24   38   86                                     1.0
   24   38   95                                     2.0
   24   39   41                                     1.0
   24   39   43                                     4.0
   24   39   44                                     1.0
   24   39   45                                     1.0
   24   39   46                                     1.0
   24   39   47                                     4.0
   24   39   48                                     1.0
   24   39   49                                     1.0
   24   39   51                                     1.0
   24   39   52                                     2.0
   24   39   54                                     2.0
   24   39   57                                     3.0
   24   39   58                                     2.0
   24   39   60                                     2.0
   24   39   61                                     1.0
   24   39   64                                     4.0
   24   39   65                                     1.0
   24   39   67                                     2.0
   24   39   69                                     1.0
   24   39   70                                     1.0
   24   39   74                                     2.0
   24   39   79                                     1.0
   24   39   80                                     1.0
   24   39   86                                     1.0
   24   39   90                                     1.0
   24   39   95                                     1.0
   24   40   44                                     2.0
   24   40   45                                     1.0
   24   40   48                                     1.0
   24   40   52                                     1.0
   24   40   54                                     2.0
   24   40   58                                     2.0
   24   40   60                                     1.0
   24   40   64                                     3.0
   24   40   65                                     1.0
   24   40   69                                     3.0
   24   40   70                                     2.0
   24   40   71                                     2.0
   24   40   74                                     1.0
   24   40   82                                     1.0
   24   40   86                                     1.0
   24   40   96                                     1.0
   24   41   47                                     2.0
   24   41   52                                     2.0
   24   41   53                                     2.0
   24   41   54                                     1.0
   24   41   55                                     2.0
   24   41   56                                     6.0
   24   41   58                                     8.0
   24   41   60                                     9.0
   24   41   61                                     3.0
   24   41   62                                     4.0
   24   41   64                                     8.0
   24   41   65                                     1.0
   24   41   69                                     3.0
   24   41   71                                     1.0
   24   41   74                                     1.0
   24   41   78                                    18.0
   24   41   79                                    18.0
   24   41   86                                     1.0
   24   41   88                                     8.0
   24   41   91                                     3.0
   24   41   92                                     3.0
   24   41   97                                     2.0
   24   42   43                                     1.0
   24   42   47                                     2.0
   24   42   48                                     1.0
   24   42   49                                     1.0
   24   42   50                                     4.0
   24   42   52                                     4.0
   24   42   53                                     5.0
   24   42   54                                     1.0
   24   42   56                                     4.0
   24   42   57                                     2.0
   24   42   58                                     3.0
   24   42   60                                     7.0
   24   42   62                                     6.0
   24   42   63                                     2.0
   24   42   64                                     3.0
   24   42   66                                     8.0
   24   42   69                                     6.0
   24   42   71                                     1.0
   24   42   75                                     3.0
   24   42   76                                     2.0
   24   42   77                                     2.0
   24   42   78                                     8.0
   24   42   79                                    11.0
   24   42   85                                     1.0
   24   42   86                                     1.0
   24   42   88                                     4.0
   24   42   89                                     6.0
   24   42   91                                     2.0
   24   42   92                                     2.0
   24   42   97                                     3.0
   24   42  100                                     1.0
   24   43   46                                     4.0
   24   43   47                                     2.0
   24   43   48                                     2.0
   24   43   49                                     1.0
   24   43   50                                     2.0
   24   43   51                                     1.0
   24   43   52                                     2.0
   24   43   53                                     3.0
   24   43   56                                     2.0
   24   43   57                                     6.0
   24   43   58                                     3.0
   24   43   60                                     2.0
   24   43   62                                     2.0
   24   43   63                                     4.0
   24   43   64                                     2.0
   24   43   66                                     2.0
   24   43   69                                     2.0
   24   43   70                                     2.0
   24   43   75                                     2.0
   24   43   76                                     1.0
   24   43   77                                     3.0
   24   43   78                                     2.0
   24   43   79                                     6.0
   24   43   80                                     2.0
   24   43   85                                     2.0
   24   43   86                                     1.0
   24   43   88                                     2.0
   24   43   89                                     6.0
   24   43   91                                     1.0
   24   43   92                                     1.0
   24   43   95                                     1.0
   24   43   96                                     1.0
   24   43   98                                     1.0
   24   44   46                                     3.0
   24   44   47                                     1.0
   24   44   48                                     2.0
   24   44   49                                     1.0
   24   44   50                                     1.0
   24   44   52                                     1.0
   24   44   53                                     1.0
   24   44   55                                     1.0
   24   44   56                                     2.0
   24   44   57                                     2.0
   24   44   60                                     4.0
   24   44   63                                     2.0
   24   44   64                                     3.0
   24   44   65                                     1.0
   24   44   66                                     2.0
   24   44   69                                     3.0
   24   44   70                                     2.0
   24   44   75                                     1.0
   24   44   77                                     2.0
   24   44   78                                     2.0
   24   44   79                                     5.0
   24   44   86                                     1.0
   24   44   89                                     2.0
   24   44   92                                     1.0
   24   45   48                                     1.0
   24   45   49                                     1.0
   24   45   52                                     2.0
   24   45   57                                     3.0
   24   45   62                                     2.0
   24   45   63                                     2.0
   24   45   66                                     2.0
   24   45   79                                     1.0
   24   45   83                                     2.0
   24   45   86                                     2.0
   24   45   89                                     3.0
   24   45   98                                     1.0
   24   46   47                                     1.0
   24   46   48                                     1.0
   24   46   51                                     1.0
   24   46   56                                     1.0
   24   46   57                                     2.0
   24   46   63                                     2.0
   24   46   67                                     1.0
   24   46   69                                     6.0
   24   46   71                                     2.0
   24   46   74                                     1.0
   24   46   75                                     1.0
   24   46   77                                     3.0
   24   46   78                                     1.0
   24   46   79                                     3.0
   24   46   80                                     1.0
   24   46   86                                    10.0
   24   46   87                                     4.0
   24   46   88                                     9.0
   24   46   90                                     4.0
   24   46   93                                     2.0
   24   46  100                                     4.0
   24   47   47                                     1.0
   24   47   48                                     1.0
   24   47   50                                     1.0
   24   47   58                                     1.0
   24   47   59                                     1.0
   24   47   61                                     3.0
   24   47   62                                     2.0
   24   47   65                                     4.0
   24   47   66                                     2.0
   24   47   67                                     3.0
   24   47   69                                     6.0
   24   47   71                                     3.0
   24   47   74                                     4.0
   24   47   76                                     6.0
   24   47   77                                     6.0
   24   47   79                                     3.0
   24   47   80                                     1.0
   24   47   86                                     4.0
   24   47   87                                     2.0
   24   47   88                                     5.0
   24   47   89                                     2.0
   24   47   90                                     6.0
   24   47   92                                     1.0
   24   47   93                                     6.0
   24   47  100                                     2.0
   24   48   51                                     3.0
   24   48   52                                     1.0
   24   48   54                                     1.0
   24   48   58                                     4.0
   24   48   61                                     1.0
   24   48   62                                     2.0
   24   48   65                                     3.0
   24   48   66                                     3.0
   24   48   67                                     1.0
   24   48   69                                     2.0
   24   48   70                                     2.0
   24   48   71                                     1.0
   24   48   74                                     4.0
   24   48   76                                     4.0
   24   48   77                                     2.0
   24   48   87                                     2.0
   24   48   89                                     1.0
   24   48   90                                     2.0
   24   48   93                                     1.0
   24   48   94                                     1.0
   24   48  100                                     1.0
   24   49   51                                     1.0
   24   49   52                                     1.0
   24   49   53                                     1.0
   24   49   54                                     2.0
   24   49   56                                     2.0
   24   49   58                                     3.0
   24   49   61                                     1.0
   24   49   62                                     3.0
   24   49   66                                     1.0
   24   49   67                                     1.0
   24   49   68                                     1.0
   24   49   69                                     1.0
   24   49   70                                     2.0
   24   49   74                                     2.0
   24   49   77                                     2.0
   24   49   79                                     2.0
   24   49   80                                     2.0
   24   49   88                                     2.0
   24   49   94                                     2.0
   24   49   99                                     1.0
   24   50   53                                     1.0
   24   50   54                                     1.0
   24   50   57                                     2.0
   24   50   62                                     3.0
   24   50   65                                     1.0
   24   50   66                                     1.0
   24   50   69                                     1.0
   24   50   70                                     1.0
   24   50   74                                     1.0
   24   50   76                                     2.0
   24   50   86                                     2.0
   24   50   90                                     2.0
   24   50   94                                     2.0
   24   51   58                                     1.0
   24   51   60                                     2.0
   24   51   62                                     2.0
   24   51   64                                     1.0
   24   51   67                                     1.0
   24   51   71                                     1.0
   24   51   73                                     1.0
   24   51   74                                     3.0
   24   51   76                                     1.0
   24   51   77                                     2.0
   24   51   80                                     2.0
   24   51   87                                     3.0
   24   51   89                                     1.0
   24   51   94                                    10.0
   24   51   95                                     1.0
   24   51   96                                     8.0
   24   51   99                                     6.0
   24   51  100                                     1.0
   24   52   53                                     1.0
   24   52   68                                     2.0
   24   52   70                                     1.0
   24   52   71                                     4.0
   24   52   73                                     3.0
   24   52   74                                     4.0
   24   52   76                                     2.0
   24   52   87                                     3.0
   24   52   88                                     5.0
   24   52   89                                     2.0
   24   52   90                                     2.0
   24   52   94                                     2.0
   24   52   96                                     4.0
   24   52   99                                     5.0
   24   53   62                                     1.0
   24   53   64                                     1.0
   24   53   65                                     1.0
   24   53   68                                     3.0
   24   53   71                                     3.0
   24   53   73                                     1.0
   24   53   74                                     5.0
   24   53   87                                     1.0
   24   53   88                                     3.0
   24   53   89                                     1.0
   24   53   90                                     2.0
   24   53   91                                     2.0
   24   53   94                                     2.0
   24   53   96                                     2.0
   24   53   98                                     3.0
   24   53   99                                     2.0
   24   54   56                                     1.0
   24   54   65                                     2.0
   24   54   66                                     1.0
   24   54   68                                     1.0
   24   54   71                                     2.0
   24   54   73                                     1.0
   24   54   74                                     2.0
   24   54   81                                     1.0
   24   54   87                                     1.0
   24   54   88                                     1.0
   24   54   89                                     1.0
   24   54   90                                     1.0
   24   54   91                                     3.0
   24   54   98                                     1.0
   24   54   99                                     3.0
   24   55   57                                     2.0
   24   55   65                                     1.0
   24   55   67                                     1.0
   24   55   71                                     2.0
   24   55   74                                     1.0
   24   55   81                                     2.0
   24   55   87                                     1.0
   24   55   89                                     2.0
   24   55   90                                     2.0
   24   55   91                                     1.0
   24   55   94                                     2.0
   24   55   98                                     1.0
   24   55   99                                     1.0
   24   56   68                                     1.0
   24   56   74                                     1.0
   24   56   88                                     1.0
   24   56   91                                     2.0
   24   56   96                                     4.0
   24   56   99                                     2.0
   24   57   61                                     1.0
   24   57   65                                     1.0
   24   57   70                                     1.0
   24   57   71                                     1.0
   24   57   73                                     1.0
   24   57   76                                     1.0
   24   57  100                                     2.0
   24   58   64                                     1.0
   24   58   70                                     1.0
   24   58   89                                     1.0
   24   58   99                                     1.0
   24   59   91                                     2.0
   24   60   73                                     1.0
   24   60   83                                     1.0
   24   61   66                                     1.0
   24   61   74                                     1.0
   24   61   86                                     1.0
   24   62   83                                     1.0
   24   63   83                                     1.0
   24   63   87                                     1.0
   24   64   69                                     1.0
   24   64   89                                     1.0
   24   65   69                                     1.0
   24   65   89                                     2.0
   24   65   94                                     1.0
   24   65   97                                     1.0
   24   69   92                                     2.0
   24   73   81                                     2.0
   25   25   41                                     2.0
   25   26   41                                     1.0
   25   26   53                                     1.0
   25   26   54                                     1.0
   25   26   62                                     1.0
   25   26   66                                     2.0
   25   26   83                                     1.0
   25   27   28                                     1.0
   25   27   35                                     1.0
   25   27   40                                     1.0
   25   27   41                                     1.0
   25   27   42                                     1.0
   25   27   45                                     3.0
   25   27   46                                     3.0
   25   27   47                                     4.0
   25   27   50                                     1.0
   25   27   51                                     2.0
   25   27   52                                     1.0
   25   27   60                                     1.0
   25   27   75                                     1.0
   25   27   81                                     1.0
   25   27   93                                     2.0
   25   28   35                                     1.0
   25   28   40                                     2.0
   25   28   41                                     1.0
   25   28   42                                     2.0
   25   28   43                                     4.0
   25   28   44                                     3.0
   25   28   45                                     4.0
   25   28   46                                     3.0
   25   28   47                                     1.0
   25   28   48                                     2.0
   25   28   56                                     1.0
   25   28   57                                     1.0
   25   28   66                                     1.0
   25   28   81                                     1.0
   25   28   83                                     1.0
   25   28   98                                     1.0
   25   28  100                                     1.0
   25   29   34                                     1.0
   25   29   37                                     2.0
   25   29   38                                     6.0
   25   29   39                                     4.0
   25   29   40                                    12.0
   25   29   41                                    10.0
   25   29   42                                    11.0
   25   29   43                                     5.0
   25   29   44                                     4.0
   25   29   45                                     1.0
   25   29   47                                     1.0
   25   29   51                                     1.0
   25   29   53                                     3.0
   25   29   54                                     6.0
   25   29   56                                     5.0
   25   29   60                                     1.0
   25   29   62                                     1.0
   25   29   66                                     1.0
   25   29   88                                     3.0
   25   29   97                                     2.0
   25   29   98                                     1.0
   25   30   35                                     1.0
   25   30   36                                     7.0
   25   30   37                                    12.0
   25   30   38                                    14.0
   25   30   39                                     4.0
   25   30   40                                     1.0
   25   30   41                                     1.0
   25   30   45                                     2.0
   25   30   47                                     5.0
   25   30   49                                     4.0
   25   30   51                                     6.0
   25   30   53                                     7.0
   25   30   54                                     1.0
   25   30   55                                     5.0
   25   30   62                                     2.0
   25   30   64                                     5.0
   25   30   65                                     5.0
   25   30   66                                     7.0
   25   30   69                                     5.0
   25   30   74                                     1.0
   25   30   79                                     2.0
   25   30   82                                     2.0
   25   30   87                                     1.0
   25   30   94                                     1.0
   25   30   97                                     1.0
   25   30   99                                     1.0
   25   31   34                                     4.0
   25   31   35                                     7.0
   25   31   36                                     4.0
   25   31   37                                     2.0
   25   31   38                                     1.0
   25   31   39                                     1.0
   25   31   40                                     2.0
   25   31   44                                     2.0
   25   31   45                                     1.0
   25   31   48                                     3.0
   25   31   51                                     8.0
   25   31   53                                     3.0
   25   31   55                                     5.0
   25   31   56                                     2.0
   25   31   57                                     1.0
   25   31   60                                     3.0
   25   31   62                                     3.0
   25   31   64                                     1.0
   25   31   65                                     2.0
   25   31   66                                     1.0
   25   31   67                                     1.0
   25   31   70                                     1.0
   25   31   72                                     1.0
   25   31   77                                     1.0
   25   31   78                                     4.0
   25   31   83                                     4.0
   25   31   87                                     1.0
   25   31   98                                     4.0
   25   31   99                                     2.0
   25   32   34                                     4.0
   25   32   35                                     2.0
   25   32   37                                     3.0
   25   32   40                                     4.0
   25   32   41                                     5.0
   25   32   44                                     4.0
   25   32   45                                     2.0
   25   32   46                                     3.0
   25   32   48                                     3.0
   25   32   51                                     6.0
   25   32   53                                     1.0
   25   32   54                                     1.0
   25   32   55                                     3.0
   25   32   56                                     4.0
   25   32   60                                     1.0
   25   32   62                                     1.0
   25   32   63                                     1.0
   25   32   64                                     2.0
   25   32   65                                     1.0
   25   32   68                                     1.0
   25   32   69                                     1.0
   25   32   70                                     2.0
   25   32   83                                     2.0
   25   32   90                                     1.0
   25   32   99                                     2.0
   25   33   35                                     2.0
   25   33   36                                     1.0
   25   33   37                                     4.0
   25   33   39                                     1.0
   25   33   40                                     1.0
   25   33   41                                     4.0
   25   33   44                                     2.0
   25   33   45                                     1.0
   25   33   46                                     1.0
   25   33   48                                     1.0
   25   33   51                                     2.0
   25   33   53                                     3.0
   25   33   54                                     4.0
   25   33   55                                     2.0
   25   33   56                                     5.0
   25   33   60                                     1.0
   25   33   63                                     1.0
   25   33   65                                     3.0
   25   33   68                                     1.0
   25   33   69                                     1.0
   25   33   70                                     1.0
   25   33   80                                     1.0
   25   33   83                                     1.0
   25   33   84                                     1.0
   25   33   88                                     1.0
   25   33   99                                     1.0
   25   34   37                                     2.0
   25   34   40                                     1.0
   25   34   46                                     1.0
   25   34   50                                     1.0
   25   34   51                                     2.0
   25   34   52                                     4.0
   25   34   53                                     3.0
   25   34   54                                     4.0
   25   34   55                                     2.0
   25   34   56                                     5.0
   25   34   60                                     1.0
   25   34   65                                     1.0
   25   34   67                                     1.0
   25   34   68                                     1.0
   25   35   39                                     1.0
   25   35   40                                     1.0
   25   35   44                                     2.0
   25   35   46                                     3.0
   25   35   48                                     7.0
   25   35   49                                     1.0
   25   35   50                                     9.0
   25   35   51                                     1.0
   25   35   52                                     1.0
   25   35   53                                     2.0
   25   35   54                                     2.0
   25   35   55                                     3.0
   25   35   56                                     3.0
   25   35   57                                    10.0
   25   35   59                                     9.0
   25   35   60                                     1.0
   25   35   64                                     2.0
   25   35   65                                     1.0
   25   35   66                                     1.0
   25   35   69                                     1.0
   25   35   72                                     3.0
   25   35   88                                     1.0
   25   36   42                                     3.0
   25   36   43                                     4.0
   25   36   44                                     8.0
   25   36   45                                     3.0
   25   36   46                                    11.0
   25   36   47                                     3.0
   25   36   48                                     3.0
   25   36   49                                     4.0
   25   36   50                                     1.0
   25   36   51                                     4.0
   25   36   52                                     1.0
   25   36   54                                     5.0
   25   36   55                                     4.0
   25   36   56                                     4.0
   25   36   57                                     7.0
   25   36   59                                     5.0
   25   36   61                                     1.0
   25   36   65                                     1.0
   25   36   68                                     2.0
   25   36   69                                     4.0
   25   36   70                                     2.0
   25   36   71                                    11.0
   25   36   72                                     4.0
   25   36   78                                     5.0
   25   36   79                                     3.0
   25   36   91                                     1.0
   25   36   94                                     3.0
   25   37   40                                     1.0
   25   37   41                                     3.0
   25   37   42                                     8.0
   25   37   43                                     4.0
   25   37   44                                     4.0
   25   37   45                                     4.0
   25   37   46                                     1.0
   25   37   47                                     1.0
   25   37   48                                     4.0
   25   37   49                                     2.0
   25   37   50                                     1.0
   25   37   51                                     2.0
   25   37   52                                     3.0
   25   37   53                                     2.0
   25   37   54                                     1.0
   25   37   55                                     3.0
   25   37   57                                     2.0
   25   37   58                                     3.0
   25   37   59                                     3.0
   25   37   61                                     3.0
   25   37   63                                     1.0
   25   37   65                                     3.0
   25   37   68                                     3.0
   25   37   70                                     3.0
   25   37   71                                     2.0
   25   37   74                                     1.0
   25   37   85                                     2.0
   25   37   89                                     1.0
   25   37   94                                     4.0
   25   37   99                                     2.0
   25   38   39                                     1.0
   25   38   40                                     1.0
   25   38   41                                     2.0
   25   38   42                                     3.0
   25   38   43                                     1.0
   25   38   44                                     7.0
   25   38   45                                     2.0
   25   38   47                                     1.0
   25   38   48                                     4.0
   25   38   49                                     1.0
   25   38   50                                     1.0
   25   38   51                                     1.0
   25   38   52                                     4.0
   25   38   53                                     4.0
   25   38   55                                     2.0
   25   38   57                                     1.0
   25   38   58                                     1.0
   25   38   59                                     2.0
   25   38   60                                     1.0
   25   38   61                                     1.0
   25   38   65                                     1.0
   25   38   67                                     1.0
   25   38   68                                     1.0
   25   38   70                                     4.0
   25   38   71                                     2.0
   25   38   74                                     2.0
   25   38   75                                     2.0
   25   38   78                                     1.0
   25   38   83                                     1.0
   25   38   85                                     1.0
   25   38   86                                     2.0
   25   38   94                                     1.0
   25   38  100                                     2.0
   25   39   41                                     1.0
   25   39   42                                     1.0
   25   39   43                                     1.0
   25   39   44                                     4.0
   25   39   47                                     3.0
   25   39   48                                     2.0
   25   39   50                                     1.0
   25   39   51                                     1.0
   25   39   52                                     1.0
   25   39   53                                     1.0
   25   39   55                                     1.0
   25   39   57                                     2.0
   25   39   58                                     1.0
   25   39   59                                     1.0
   25   39   60                                     2.0
   25   39   61                                     2.0
   25   39   65                                     1.0
   25   39   66                                     1.0
   25   39   70                                     2.0
   25   39   74                                     1.0
   25   39   75                                     1.0
   25   39   79                                     1.0
   25   39   80                                     1.0
   25   39   85                                     1.0
   25   39   86                                     1.0
   25   39   90                                     1.0
   25   39   94                                     1.0
   25   40   43                                     1.0
   25   40   44                                     1.0
   25   40   48                                     1.0
   25   40   52                                     2.0
   25   40   53                                     1.0
   25   40   57                                     5.0
   25   40   58                                     7.0
   25   40   59                                     5.0
   25   40   60                                     5.0
   25   40   62                                     2.0
   25   40   68                                     1.0
   25   40   70                                     1.0
   25   40   71                                     1.0
   25   40   74                                     1.0
   25   40   75                                     1.0
   25   40   82                                     1.0
   25   40   86                                     1.0
   25   40   96                                     1.0
   25   40   99                                     1.0
   25   41   47                                     1.0
   25   41   50                                     1.0
   25   41   51                                     1.0
   25   41   52                                     1.0
   25   41   53                                     6.0
   25   41   54                                     5.0
   25   41   55                                     1.0
   25   41   57                                     3.0
   25   41   59                                     5.0
   25   41   60                                     6.0
   25   41   61                                     1.0
   25   41   62                                    12.0
   25   41   64                                     3.0
   25   41   68                                     1.0
   25   41   78                                    20.0
   25   41   79                                     3.0
   25   41   86                                     2.0
   25   41   97                                     2.0
   25   42   47                                     2.0
   25   42   48                                     5.0
   25   42   49                                     2.0
   25   42   50                                     2.0
   25   42   51                                     2.0
   25   42   53                                     7.0
   25   42   54                                     5.0
   25   42   56                                     6.0
   25   42   57                                     2.0
   25   42   58                                     1.0
   25   42   59                                     4.0
   25   42   60                                     1.0
   25   42   62                                     5.0
   25   42   64                                     2.0
   25   42   65                                     1.0
   25   42   66                                     3.0
   25   42   68                                     3.0
   25   42   70                                     2.0
   25   42   71                                     4.0
   25   42   76                                     2.0
   25   42   78                                     9.0
   25   42   79                                     5.0
   25   42   86                                     1.0
   25   42   97                                     3.0
   25   42  100                                     1.0
   25   43   45                                     1.0
   25   43   46                                     1.0
   25   43   47                                     1.0
   25   43   48                                     4.0
   25   43   50                                     1.0
   25   43   51                                     2.0
   25   43   52                                     1.0
   25   43   53                                     4.0
   25   43   54                                     2.0
   25   43   56                                     7.0
   25   43   58                                     1.0
   25   43   59                                     2.0
   25   43   60                                     2.0
   25   43   62                                     5.0
   25   43   64                                     1.0
   25   43   66                                     1.0
   25   43   68                                     1.0
   25   43   69                                     1.0
   25   43   70                                     2.0
   25   43   71                                     1.0
   25   43   76                                     2.0
   25   43   78                                     3.0
   25   43   79                                     3.0
   25   43   80                                     1.0
   25   43   97                                     1.0
   25   44   45                                     1.0
   25   44   47                                     3.0
   25   44   48                                     2.0
   25   44   50                                     2.0
   25   44   51                                     1.0
   25   44   52                                     2.0
   25   44   53                                     3.0
   25   44   54                                     1.0
   25   44   56                                     3.0
   25   44   57                                     1.0
   25   44   58                                     1.0
   25   44   59                                     2.0
   25   44   60                                     1.0
   25   44   62                                     2.0
   25   44   64                                     1.0
   25   44   66                                     1.0
   25   44   68                                     1.0
   25   44   69                                     1.0
   25   44   70                                     2.0
   25   44   71                                     1.0
   25   44   76                                     1.0
   25   44   78                                     1.0
   25   44   79                                     4.0
   25   44   92                                     1.0
   25   45   48                                     1.0
   25   45   52                                     2.0
   25   45   55                                     1.0
   25   45   56                                     1.0
   25   45   62                                     3.0
   25   45   66                                     1.0
   25   45   70                                     1.0
   25   45   71                                     1.0
   25   45   78                                     1.0
   25   45   83                                     1.0
   25   45   86                                     1.0
   25   45   97                                     1.0
   25   46   55                                     1.0
   25   46   56                                     2.0
   25   46   62                                     3.0
   25   46   64                                     3.0
   25   46   66                                     9.0
   25   46   67                                     4.0
   25   46   68                                     1.0
   25   46   69                                     9.0
   25   46   74                                     1.0
   25   46   77                                     2.0
   25   46   78                                     1.0
   25   46   79                                     1.0
   25   46   85                                     5.0
   25   46   86                                     4.0
   25   46   87                                     4.0
   25   46   88                                     5.0
   25   46   90                                     2.0
   25   46   93                                     1.0
   25   46  100                                     4.0
   25   47   54                                     1.0
   25   47   56                                     1.0
   25   47   58                                     2.0
   25   47   59                                     2.0
   25   47   61                                     4.0
   25   47   62                                     4.0
   25   47   63                                     1.0
   25   47   64                                     5.0
   25   47   65                                     7.0
   25   47   66                                     1.0
   25   47   67                                     8.0
   25   47   68                                     2.0
   25   47   69                                     6.0
   25   47   71                                     1.0
   25   47   74                                     2.0
   25   47   76                                     3.0
   25   47   77                                     3.0
   25   47   79                                     2.0
   25   47   85                                     2.0
   25   47   86                                     2.0
   25   47   87                                     2.0
   25   47   88                                     2.0
   25   47   90                                     3.0
   25   47   92                                     1.0
   25   47   93                                     3.0
   25   47  100                                     2.0
   25   48   51                                     1.0
   25   48   54                                     2.0
   25   48   58                                     4.0
   25   48   61                                     3.0
   25   48   62                                     3.0
   25   48   64                                     4.0
   25   48   65                                     4.0
   25   48   66                                     1.0
   25   48   67                                     3.0
   25   48   69                                     3.0
   25   48   70                                     2.0
   25   48   74                                     2.0
   25   48   76                                     1.0
   25   48   77                                     1.0
   25   48   86                                     1.0
   25   48   87                                     2.0
   25   48   88                                     1.0
   25   48   89                                     1.0
   25   48   90                                     1.0
   25   48   93                                     1.0
   25   48   94                                     1.0
   25   48  100                                     1.0
   25   49   53                                     2.0
   25   49   54                                     1.0
   25   49   58                                     2.0
   25   49   60                                     1.0
   25   49   62                                     4.0
   25   49   65                                     1.0
   25   49   67                                     3.0
   25   49   68                                     1.0
   25   49   70                                     2.0
   25   49   71                                     1.0
   25   49   74                                     1.0
   25   49   76                                     1.0
   25   49   77                                     1.0
   25   49   78                                     1.0
   25   49   79                                     1.0
   25   49   88                                     1.0
   25   49   93                                     1.0
   25   49   99                                     1.0
   25   50   53                                     1.0
   25   50   55                                     1.0
   25   50   56                                     1.0
   25   50   58                                     1.0
   25   50   62                                     2.0
   25   50   63                                     1.0
   25   50   64                                     1.0
   25   50   65                                     2.0
   25   50   68                                     1.0
   25   50   69                                     2.0
   25   50   70                                     1.0
   25   50   75                                     1.0
   25   50   76                                     1.0
   25   50   85                                     1.0
   25   50   89                                     1.0
   25   50   90                                     1.0
   25   51   53                                     1.0
   25   51   58                                     1.0
   25   51   60                                     1.0
   25   51   62                                     2.0
   25   51   64                                     1.0
   25   51   67                                     2.0
   25   51   73                                     1.0
   25   51   74                                     3.0
   25   51   77                                     1.0
   25   51   85                                     2.0
   25   51   87                                     2.0
   25   51   94                                     6.0
   25   51   95                                     1.0
   25   51   96                                     4.0
   25   51   97                                     1.0
   25   51   99                                     3.0
   25   51  100                                     1.0
   25   52   60                                     1.0
   25   52   63                                     1.0
   25   52   64                                     1.0
   25   52   66                                     2.0
   25   52   68                                     2.0
   25   52   69                                     2.0
   25   52   70                                     1.0
   25   52   71                                     4.0
   25   52   73                                     3.0
   25   52   74                                     2.0
   25   52   80                                     1.0
   25   52   85                                     2.0
   25   52   87                                     6.0
   25   52   88                                     6.0
   25   52   90                                     1.0
   25   52   94                                     1.0
   25   52   96                                     2.0
   25   52   97                                     3.0
   25   52   99                                     2.0
   25   53   56                                     1.0
   25   53   60                                     2.0
   25   53   62                                     2.0
   25   53   64                                     1.0
   25   53   65                                     4.0
   25   53   66                                     2.0
   25   53   68                                     2.0
   25   53   69                                     2.0
   25   53   71                                     1.0
   25   53   72                                     1.0
   25   53   73                                     2.0
   25   53   74                                     2.0
   25   53   85                                     1.0
   25   53   87                                     3.0
   25   53   88                                     4.0
   25   53   90                                     2.0
   25   53   94                                     1.0
   25   53   96                                     1.0
   25   53   97                                     3.0
   25   53   99                                     1.0
   25   54   60                                     2.0
   25   54   62                                     2.0
   25   54   65                                     4.0
   25   54   66                                     2.0
   25   54   68                                     1.0
   25   54   69                                     1.0
   25   54   71                                     1.0
   25   54   73                                     1.0
   25   54   74                                     1.0
   25   54   85                                     1.0
   25   54   87                                     2.0
   25   54   88                                     3.0
   25   54   90                                     1.0
   25   54   91                                     1.0
   25   54   97                                     2.0
   25   54   99                                     1.0
   25   55   56                                     1.0
   25   55   60                                     2.0
   25   55   62                                     2.0
   25   55   66                                     2.0
   25   55   71                                     1.0
   25   55   74                                     1.0
   25   55   80                                     1.0
   25   55   87                                     1.0
   25   55   88                                     1.0
   25   55   89                                     1.0
   25   55   90                                     2.0
   25   55   94                                     1.0
   25   55   97                                     1.0
   25   56   64                                     1.0
   25   56   65                                     2.0
   25   56   68                                     1.0
   25   56   69                                     1.0
   25   56   85                                     1.0
   25   56   88                                     1.0
   25   56   90                                     1.0
   25   56   95                                     1.0
   25   56   96                                     1.0
   25   56   97                                     2.0
   25   57   59                                     2.0
   25   57   70                                     1.0
   25   57   73                                     1.0
   25   57   76                                     1.0
   25   57   99                                     1.0
   25   58   60                                     1.0
   25   58   61                                     1.0
   25   58   64                                     1.0
   25   58   65                                     1.0
   25   58   70                                     1.0
   25   58   89                                     1.0
   25   58   98                                     1.0
   25   59   64                                     2.0
   25   59   91                                     1.0
   25   60   81                                     1.0
   25   60   82                                     1.0
   25   61   66                                     1.0
   25   61   67                                     1.0
   25   61   74                                     1.0
   25   61   86                                     1.0
   25   63   82                                     1.0
   25   63   87                                     1.0
   25   64   89                                     1.0
   25   64   97                                     1.0
   25   65   69                                     1.0
   25   65   96                                     1.0
   25   66   88                                     1.0
   25   67   92                                     2.0
   25   67   93                                     2.0
   25   68   97                                     1.0
   25   69   91                                     1.0
   25   74   80                                     1.0
   26   26   45                                     1.0
   26   27   41                                     1.0
   26   27   42                                     1.0
   26   27   43                                     2.0
   26   27   44                                     3.0
   26   27   45                                     1.0
   26   27   47                                     1.0
   26   27   48                                     2.0
   26   27   49                                     1.0
   26   27   52                                     1.0
   26   27   75                                     1.0
   26   27   95                                     1.0
   26   27   96                                     1.0
   26   27   98                                     1.0
   26   27  100                                     1.0
   26   28   39                                     2.0
   26   28   40                                     3.0
   26   28   41                                     3.0
   26   28   42                                     4.0
   26   28   43                                     2.0
   26   28   44                                     1.0
   26   28   45                                     1.0
   26   28   47                                     1.0
   26   28   50                                     1.0
   26   28   54                                     1.0
   26   28   73                                     1.0
   26   28   77                                     1.0
   26   28   84                                     2.0
   26   28   88                                     1.0
   26   29   36                                     4.0
   26   29   37                                    13.0
   26   29   38                                    19.0
   26   29   39                                    15.0
   26   29   40                                     6.0
   26   29   41                                     5.0
   26   29   42                                     4.0
   26   29   43                                     4.0
   26   29   44                                     4.0
   26   29   45                                     3.0
   26   29   47                                     1.0
   26   29   49                                     1.0
   26   29   51                                     5.0
   26   29   53                                     6.0
   26   29   54                                     4.0
   26   29   55                                     1.0
   26   29   56                                     5.0
   26   29   63                                     1.0
   26   29   65                                     4.0
   26   29   66                                     1.0
   26   29   77                                     1.0
   26   29   80                                     1.0
   26   29   97                                     2.0
   26   30   34                                     1.0
   26   30   35                                     9.0
   26   30   36                                     8.0
   26   30   37                                     7.0
   26   30   38                                     4.0
   26   30   39                                     1.0
   26   30   42                                     6.0
   26   30   45                                     7.0
   26   30   47                                     6.0
   26   30   48                                     1.0
   26   30   49                                     7.0
   26   30   51                                     5.0
   26   30   53                                     4.0
   26   30   54                                     1.0
   26   30   55                                     4.0
   26   30   57                                     1.0
   26   30   65                                     1.0
   26   30   67                                     1.0
   26   30   68                                     4.0
   26   30   69                                     5.0
   26   30   77                                     1.0
   26   30   98                                     1.0
   26   31   34                                     3.0
   26   31   35                                     1.0
   26   31   37                                     1.0
   26   31   39                                     1.0
   26   31   40                                     2.0
   26   31   42                                     2.0
   26   31   44                                     3.0
   26   31   48                                     2.0
   26   31   50                                     2.0
   26   31   51                                     1.0
   26   31   52                                     2.0
   26   31   53                                     4.0
   26   31   54                                     1.0
   26   31   55                                     2.0
   26   31   56                                     2.0
   26   31   60                                     2.0
   26   31   62                                     2.0
   26   31   63                                     3.0
   26   31   64                                     1.0
   26   31   66                                     1.0
   26   31   67                                     3.0
   26   31   68                                     1.0
   26   31   76                                     1.0
   26   31   87                                     1.0
   26   32   33                                     2.0
   26   32   34                                     1.0
   26   32   35                                     1.0
   26   32   37                                     3.0
   26   32   40                                     3.0
   26   32   43                                     3.0
   26   32   44                                     2.0
   26   32   50                                     2.0
   26   32   51                                     1.0
   26   32   52                                     2.0
   26   32   53                                     3.0
   26   32   54                                     1.0
   26   32   55                                     2.0
   26   32   56                                     3.0
   26   32   57                                     1.0
   26   32   60                                     1.0
   26   32   62                                     1.0
   26   32   63                                     1.0
   26   32   78                                     1.0
   26   32   82                                     2.0
   26   32   84                                     1.0
   26   32   93                                     1.0
   26   32   98                                     1.0
   26   33   35                                     1.0
   26   33   36                                     2.0
   26   33   39                                     1.0
   26   33   40                                     1.0
   26   33   44                                     2.0
   26   33   47                                     1.0
   26   33   48                                     1.0
   26   33   51                                     2.0
   26   33   52                                     1.0
   26   33   53                                     5.0
   26   33   54                                     3.0
   26   33   55                                     5.0
   26   33   56                                     3.0
   26   33   57                                     5.0
   26   33   61                                     1.0
   26   33   79                                     1.0
   26   33   82                                     3.0
   26   33   83                                     1.0
   26   33   91                                     1.0
   26   33   93                                     2.0
   26   33   97                                     1.0
   26   33   99                                     1.0
   26   34   35                                     1.0
   26   34   37                                     2.0
   26   34   43                                     1.0
   26   34   44                                     1.0
   26   34   50                                    11.0
   26   34   51                                     9.0
   26   34   52                                     4.0
   26   34   53                                     6.0
   26   34   54                                     2.0
   26   34   55                                     3.0
   26   34   56                                     1.0
   26   34   57                                     1.0
   26   34   93                                     2.0
   26   34   94                                     1.0
   26   34   99                                     3.0
   26   34  100                                     1.0
   26   35   40                                     1.0
   26   35   44                                     1.0
   26   35   46                                     5.0
   26   35   47                                     5.0
   26   35   49                                     8.0
   26   35   51                                     3.0
   26   35   53                                     1.0
   26   35   54                                     1.0
   26   35   55                                     3.0
   26   35   57                                     5.0
   26   35   59                                     7.0
   26   35   60                                     1.0
   26   35   71                                     7.0
   26   35   83                                     1.0
   26   35   84                                     1.0
   26   35   87                                     5.0
   26   35   88                                     1.0
   26   35   92                                     5.0
   26   36   42                                     2.0
   26   36   43                                    12.0
   26   36   44                                     2.0
   26   36   45                                    15.0
   26   36   46                                    10.0
   26   36   47                                     5.0
   26   36   48                                     1.0
   26   36   49                                     3.0
   26   36   51                                     4.0
   26   36   52                                     1.0
   26   36   53                                     6.0
   26   36   54                                     4.0
   26   36   55                                     6.0
   26   36   57                                     6.0
   26   36   59                                     5.0
   26   36   61                                     2.0
   26   36   64                                     1.0
   26   36   70                                     4.0
   26   36   71                                     4.0
   26   36   79                                     1.0
   26   36   80                                     3.0
   26   36   83                                     1.0
   26   36   89                                     1.0
   26   37   39                                     1.0
   26   37   40                                     3.0
   26   37   41                                     2.0
   26   37   42                                     5.0
   26   37   43                                     6.0
   26   37   44                                    10.0
   26   37   45                                     5.0
   26   37   46                                     3.0
   26   37   47                                     5.0
   26   37   48                                     5.0
   26   37   49                                     2.0
   26   37   51                                     6.0
   26   37   52                                     3.0
   26   37   53                                     1.0
   26   37   54                                     1.0
   26   37   55                                     4.0
   26   37   57                                     1.0
   26   37   59                                     3.0
   26   37   61                                     2.0
   26   37   62                                     1.0
   26   37   64                                     3.0
   26   37   68                                     2.0
   26   37   70                                     2.0
   26   37   78                                     1.0
   26   37   79                                     2.0
   26   37   80                                     1.0
   26   37   81                                     1.0
   26   37   83                                     2.0
   26   37   84                                     1.0
   26   37   95                                     3.0
   26   38   39                                     2.0
   26   38   40                                     3.0
   26   38   41                                     2.0
   26   38   42                                     5.0
   26   38   43                                     1.0
   26   38   44                                     3.0
   26   38   45                                     1.0
   26   38   46                                     2.0
   26   38   47                                     1.0
   26   38   48                                     3.0
   26   38   49                                     2.0
   26   38   50                                     2.0
   26   38   51                                     3.0
   26   38   52                                     1.0
   26   38   53                                     1.0
   26   38   54                                     1.0
   26   38   55                                     1.0
   26   38   57                                     1.0
   26   38   59                                     3.0
   26   38   63                                     2.0
   26   38   65                                     1.0
   26   38   68                                     3.0
   26   38   70                                     2.0
   26   38   71                                     1.0
   26   38   74                                     2.0
   26   38   75                                     1.0
   26   38   78                                     1.0
   26   38   81                                     1.0
   26   38   83                                     1.0
   26   38   84                                     1.0
   26   38   86                                     1.0
   26   38   95                                     1.0
   26   39   41                                     3.0
   26   39   42                                     1.0
   26   39   43                                     4.0
   26   39   44                                     3.0
   26   39   48                                     2.0
   26   39   50                                     2.0
   26   39   51                                     1.0
   26   39   56                                     1.0
   26   39   59                                     3.0
   26   39   60                                     8.0
   26   39   63                                     1.0
   26   39   65                                     1.0
   26   39   68                                     1.0
   26   39   70                                     2.0
   26   39   74                                     2.0
   26   39   75                                     2.0
   26   39   79                                     1.0
   26   39   84                                     1.0
   26   39   87                                     2.0
   26   39   89                                     1.0
   26   39   95                                     1.0
   26   40   43                                     2.0
   26   40   45                                     2.0
   26   40   51                                     2.0
   26   40   54                                     1.0
   26   40   55                                     3.0
   26   40   56                                     5.0
   26   40   57                                    12.0
   26   40   58                                     6.0
   26   40   59                                     5.0
   26   40   60                                     4.0
   26   40   62                                     2.0
   26   40   63                                     1.0
   26   40   68                                     1.0
   26   40   70                                     2.0
   26   40   75                                     1.0
   26   40   78                                     1.0
   26   40   81                                     1.0
   26   40   86                                     1.0
   26   40   87                                     1.0
   26   40   95                                     1.0
   26   40   96                                     1.0
   26   40   98                                     1.0
   26   40   99                                     2.0
   26   41   43                                     1.0
   26   41   47                                     1.0
   26   41   51                                     3.0
   26   41   52                                     3.0
   26   41   53                                     1.0
   26   41   54                                     8.0
   26   41   55                                     3.0
   26   41   57                                     3.0
   26   41   59                                    11.0
   26   41   60                                    10.0
   26   41   62                                     7.0
   26   41   63                                     1.0
   26   41   64                                     3.0
   26   41   68                                     1.0
   26   41   70                                     1.0
   26   41   74                                     1.0
   26   41   75                                     1.0
   26   41   78                                     6.0
   26   41   84                                     1.0
   26   41   88                                     4.0
   26   41   91                                     3.0
   26   41   96                                     2.0
   26   41   99                                     4.0
   26   42   46                                     1.0
   26   42   47                                     1.0
   26   42   48                                     4.0
   26   42   49                                     7.0
   26   42   51                                     2.0
   26   42   52                                     7.0
   26   42   53                                     2.0
   26   42   54                                     3.0
   26   42   56                                     2.0
   26   42   57                                     2.0
   26   42   59                                     5.0
   26   42   60                                     2.0
   26   42   62                                     5.0
   26   42   64                                     2.0
   26   42   65                                     1.0
   26   42   72                                     1.0
   26   42   74                                     1.0
   26   42   75                                     2.0
   26   42   77                                     3.0
   26   42   78                                     3.0
   26   42   87                                     1.0
   26   42   88                                     4.0
   26   42   91                                     2.0
   26   42   96                                     3.0
   26   43   45                                     1.0
   26   43   46                                     4.0
   26   43   47                                     2.0
   26   43   48                                     3.0
   26   43   49                                     7.0
   26   43   51                                     2.0
   26   43   52                                     2.0
   26   43   53                                     1.0
   26   43   54                                     1.0
   26   43   56                                     4.0
   26   43   59                                     2.0
   26   43   60                                     1.0
   26   43   62                                     1.0
   26   43   63                                     1.0
   26   43   64                                     1.0
   26   43   69                                     2.0
   26   43   71                                     1.0
   26   43   72                                     4.0
   26   43   75                                     2.0
   26   43   76                                     3.0
   26   43   77                                     1.0
   26   43   78                                     2.0
   26   43   88                                     3.0
   26   43   90                                     3.0
   26   43   91                                     1.0
   26   43   95                                     1.0
   26   43   96                                     1.0
   26   43   99                                     3.0
   26   43  100                                     1.0
   26   44   45                                     1.0
   26   44   46                                     1.0
   26   44   47                                     1.0
   26   44   48                                     1.0
   26   44   49                                     3.0
   26   44   50                                     3.0
   26   44   51                                     3.0
   26   44   54                                     1.0
   26   44   55                                     1.0
   26   44   56                                     1.0
   26   44   58                                     1.0
   26   44   59                                     1.0
   26   44   64                                     1.0
   26   44   68                                     1.0
   26   44   70                                     1.0
   26   44   72                                     2.0
   26   44   75                                     2.0
   26   44   76                                     1.0
   26   44   78                                     2.0
   26   44   87                                     1.0
   26   44   88                                     1.0
   26   44   90                                     1.0
   26   44   91                                     2.0
   26   44   99                                     1.0
   26   45   46                                     1.0
   26   45   47                                     2.0
   26   45   48                                     1.0
   26   45   59                                     1.0
   26   45   61                                     1.0
   26   45   66                                     1.0
   26   45   72                                     2.0
   26   45   76                                     1.0
   26   45   78                                     1.0
   26   45   79                                     1.0
   26   45   86                                     1.0
   26   45   88                                     1.0
   26   45   90                                     1.0
   26   45   91                                     1.0
   26   45   96                                     1.0
   26   45   99                                     1.0
   26   46   48                                     1.0
   26   46   49                                     1.0
   26   46   55                                     1.0
   26   46   58                                     2.0
   26   46   60                                     2.0
   26   46   62                                     5.0
   26   46   64                                    12.0
   26   46   65                                     8.0
   26   46   66                                     4.0
   26   46   67                                     1.0
   26   46   69                                     3.0
   26   46   72                                     1.0
   26   46   76                                     2.0
   26   46   78                                     1.0
   26   46   79                                     1.0
   26   46   88                                     3.0
   26   46   89                                     2.0
   26   46   91                                     2.0
   26   46   92                                     1.0
   26   46   99                                     4.0
   26   47   50                                     2.0
   26   47   55                                     3.0
   26   47   57                                     1.0
   26   47   58                                     7.0
   26   47   60                                     4.0
   26   47   62                                     6.0
   26   47   64                                     5.0
   26   47   65                                     3.0
   26   47   66                                     2.0
   26   47   67                                     3.0
   26   47   69                                     2.0
   26   47   72                                     1.0
   26   47   74                                     2.0
   26   47   76                                     1.0
   26   47   78                                     1.0
   26   47   79                                     1.0
   26   47   88                                     2.0
   26   47   89                                     3.0
   26   47   92                                     3.0
   26   47   99                                     2.0
   26   47  100                                     1.0
   26   48   52                                     4.0
   26   48   55                                     6.0
   26   48   56                                     1.0
   26   48   57                                     2.0
   26   48   58                                     6.0
   26   48   60                                     4.0
   26   48   62                                     4.0
   26   48   63                                     1.0
   26   48   64                                     1.0
   26   48   65                                     2.0
   26   48   67                                     1.0
   26   48   69                                     1.0
   26   48   70                                     2.0
   26   48   74                                     2.0
   26   48   75                                     1.0
   26   48   86                                     1.0
   26   48   87                                     1.0
   26   48   88                                     2.0
   26   48   90                                     1.0
   26   48   91                                     2.0
   26   48   93                                     1.0
   26   48   99                                     1.0
   26   49   50                                     2.0
   26   49   51                                     1.0
   26   49   52                                     1.0
   26   49   53                                     2.0
   26   49   55                                     2.0
   26   49   56                                     1.0
   26   49   57                                     2.0
   26   49   58                                     3.0
   26   49   61                                     2.0
   26   49   62                                     2.0
   26   49   65                                     1.0
   26   49   67                                     2.0
   26   49   70                                     2.0
   26   49   74                                     1.0
   26   49   77                                     1.0
   26   49   79                                     1.0
   26   49   88                                     1.0
   26   49   93                                     1.0
   26   49   94                                     1.0
   26   50   52                                     1.0
   26   50   55                                     1.0
   26   50   60                                     2.0
   26   50   61                                     1.0
   26   50   63                                     2.0
   26   50   68                                     1.0
   26   50   85                                     1.0
   26   50   89                                     1.0
   26   50   90                                     1.0
   26   50   91                                     1.0
   26   51   53                                     1.0
   26   51   54                                     2.0
   26   51   56                                     2.0
   26   51   58                                     1.0
   26   51   60                                     2.0
   26   51   61                                     4.0
   26   51   68                                     4.0
   26   51   69                                     6.0
   26   51   70                                     1.0
   26   51   73                                     1.0
   26   51   74                                     3.0
   26   51   86                                     1.0
   26   51   87                                     1.0
   26   51   93                                     1.0
   26   51   94                                     5.0
   26   51   96                                     4.0
   26   51   98                                     3.0
   26   51   99                                     1.0
   26   52   56                                     2.0
   26   52   57                                     1.0
   26   52   61                                     1.0
   26   52   64                                     2.0
   26   52   66                                     6.0
   26   52   68                                     6.0
   26   52   69                                     4.0
   26   52   71                                     3.0
   26   52   73                                     3.0
   26   52   74                                     2.0
   26   52   76                                     1.0
   26   52   79                                     1.0
   26   52   87                                     6.0
   26   52   88                                     2.0
   26   52   89                                     1.0
   26   52   91                                     1.0
   26   52   94                                     1.0
   26   52   95                                     1.0
   26   52   96                                     2.0
   26   52   98                                     2.0
   26   53   59                                     2.0
   26   53   60                                     1.0
   26   53   61                                     3.0
   26   53   64                                     3.0
   26   53   65                                     2.0
   26   53   66                                     4.0
   26   53   68                                     4.0
   26   53   69                                     2.0
   26   53   70                                     1.0
   26   53   71                                     1.0
   26   53   73                                     1.0
   26   53   74                                     2.0
   26   53   87                                     3.0
   26   53   88                                     3.0
   26   53   89                                     2.0
   26   53   94                                     1.0
   26   53   95                                     2.0
   26   53   96                                     1.0
   26   53   99                                     1.0
   26   54   58                                     1.0
   26   54   60                                     1.0
   26   54   61                                     1.0
   26   54   64                                     1.0
   26   54   65                                     3.0
   26   54   68                                     3.0
   26   54   71                                     1.0
   26   54   72                                     1.0
   26   54   73                                     1.0
   26   54   74                                     1.0
   26   54   87                                     2.0
   26   54   88                                     1.0
   26   54   89                                     1.0
   26   54   90                                     1.0
   26   54   95                                     1.0
   26   54   99                                     1.0
   26   55   60                                     1.0
   26   55   61                                     1.0
   26   55   66                                     2.0
   26   55   69                                     2.0
   26   55   71                                     1.0
   26   55   74                                     1.0
   26   55   79                                     1.0
   26   55   88                                     2.0
   26   55   89                                     1.0
   26   55   90                                     1.0
   26   55   93                                     1.0
   26   55   95                                     1.0
   26   56   57                                     1.0
   26   56   63                                     1.0
   26   56   64                                     1.0
   26   56   67                                     2.0
   26   56   68                                     1.0
   26   56   87                                     1.0
   26   56   90                                     1.0
   26   56   95                                     2.0
   26   56   96                                     1.0
   26   57   59                                     1.0
   26   57   69                                     1.0
   26   57   72                                     1.0
   26   57   75                                     1.0
   26   57   87                                     1.0
   26   57   89                                     1.0
   26   57   99                                     1.0
   26   58   70                                     1.0
   26   58   88                                     1.0
   26   58   96                                     1.0
   26   59   63                                     3.0
   26   59   64                                     1.0
   26   59   86                                     1.0
   26   59   90                                     1.0
   26   61   73                                     1.0
   26   61   79                                     1.0
   26   61   86                                     1.0
   26   62   66                                     1.0
   26   62   98                                     1.0
   26   63   87                                     1.0
   26   64   89                                     1.0
   26   64   90                                     1.0
   26   65   68                                     1.0
   26   65   83                                     1.0
   26   65   96                                     1.0
   26   66   88                                     1.0
   26   67   88                                     1.0
   26   67   92                                     2.0
   26   68   97                                     1.0
   26   69   91                                     1.0
   27   27   41                                     1.0
   27   27   44                                     1.0
   27   27   80                                     1.0
   27   28   38                                     1.0
   27   28   39                                     2.0
   27   28   40                                     5.0
   27   28   41                                     3.0
   27   28   42                                     4.0
   27   28   43                                     1.0
   27   28   44                                     2.0
   27   28   45                                     2.0
   27   28   47                                     1.0
   27   28   80                                     1.0
   27   28   84                                     1.0
   27   28   93                                     1.0
   27   29   32                                     1.0
   27   29   34                                     2.0
   27   29   35                                     6.0
   27   29   36                                    13.0
   27   29   37                                     7.0
   27   29   38                                     7.0
   27   29   39                                     4.0
   27   29   40                                     5.0
   27   29   41                                     4.0
   27   29   42                                     4.0
   27   29   43                                     2.0
   27   29   45                                     2.0
   27   29   47                                     2.0
   27   29   49                                     3.0
   27   29   51                                     3.0
   27   29   53                                     1.0
   27   29   54                                     1.0
   27   29   55                                     2.0
   27   29   56                                     1.0
   27   29   62                                     3.0
   27   29   63                                     2.0
   27   29   65                                     2.0
   27   29   69                                     1.0
   27   29   76                                     1.0
   27   29   80                                     1.0
   27   29   84                                     1.0
   27   29   93                                     1.0
   27   30   34                                     8.0
   27   30   35                                     9.0
   27   30   36                                     5.0
   27   30   37                                     2.0
   27   30   38                                     1.0
   27   30   40                                     3.0
   27   30   42                                     3.0
   27   30   44                                     4.0
   27   30   45                                     1.0
   27   30   46                                     1.0
   27   30   47                                     3.0
   27   30   49                                     2.0
   27   30   50                                     1.0
   27   30   51                                     4.0
   27   30   53                                     1.0
   27   30   54                                     3.0
   27   30   55                                     4.0
   27   30   59                                     2.0
   27   30   62                                     2.0
   27   30   65                                     1.0
   27   30   69                                     1.0
   27   30   76                                     1.0
   27   30   82                                     1.0
   27   31   33                                     2.0
   27   31   34                                     2.0
   27   31   36                                     1.0
   27   31   37                                     1.0
   27   31   38                                     2.0
   27   31   41                                     6.0
   27   31   42                                     2.0
   27   31   44                                     2.0
   27   31   45                                     1.0
   27   31   46                                     2.0
   27   31   48                                     2.0
   27   31   51                                     1.0
   27   31   56                                     1.0
   27   31   57                                     1.0
   27   31   61                                     1.0
   27   31   64                                     1.0
   27   31   66                                     1.0
   27   31   67                                     1.0
   27   31   69                                     1.0
   27   31   72                                     1.0
   27   31   76                                     1.0
   27   32   32                                     1.0
   27   32   34                                     1.0
   27   32   35                                     1.0
   27   32   36                                     1.0
   27   32   37                                     2.0
   27   32   38                                     1.0
   27   32   41                                     2.0
   27   32   44                                     2.0
   27   32   45                                     1.0
   27   32   51                                     1.0
   27   32   52                                     2.0
   27   32   53                                     2.0
   27   32   54                                     1.0
   27   32   55                                     1.0
   27   32   56                                     1.0
   27   32   57                                     1.0
   27   32   59                                     1.0
   27   32   60                                     1.0
   27   32   63                                     2.0
   27   32   67                                     1.0
   27   32   74                                     1.0
   27   32   76                                     1.0
   27   32   84                                     1.0
   27   32   87                                     1.0
   27   33   34                                     1.0
   27   33   37                                     1.0
   27   33   47                                     1.0
   27   33   49                                     1.0
   27   33   50                                     2.0
   27   33   51                                     3.0
   27   33   52                                     2.0
   27   33   53                                     2.0
   27   33   54                                     3.0
   27   33   55                                     4.0
   27   33   56                                     3.0
   27   33   65                                     1.0
   27   33   66                                     1.0
   27   33   74                                     2.0
   27   33   76                                     2.0
   27   33   78                                     1.0
   27   33   99                                     2.0
   27   34   36                                     1.0
   27   34   40                                     1.0
   27   34   49                                     5.0
   27   34   50                                     7.0
   27   34   51                                     7.0
   27   34   52                                     5.0
   27   34   53                                     4.0
   27   34   54                                     3.0
   27   34   55                                     1.0
   27   34   56                                     1.0
   27   34   60                                     1.0
   27   34   64                                     1.0
   27   34   66                                     1.0
   27   35   45                                     8.0
   27   35   46                                    10.0
   27   35   47                                     1.0
   27   35   48                                     6.0
   27   35   49                                     4.0
   27   35   50                                     1.0
   27   35   53                                     2.0
   27   35   55                                     3.0
   27   35   57                                     5.0
   27   35   58                                     2.0
   27   35   59                                     6.0
   27   35   63                                     1.0
   27   35   64                                     2.0
   27   35   69                                     1.0
   27   35   87                                     1.0
   27   35   90                                     1.0
   27   35   92                                     1.0
   27   36   41                                     5.0
   27   36   42                                     4.0
   27   36   43                                     6.0
   27   36   44                                     8.0
   27   36   45                                     6.0
   27   36   46                                     4.0
   27   36   47                                     6.0
   27   36   49                                     3.0
   27   36   51                                     4.0
   27   36   53                                     3.0
   27   36   55                                     2.0
   27   36   56                                     1.0
   27   36   57                                     3.0
   27   36   59                                     2.0
   27   36   62                                     1.0
   27   36   63                                     2.0
   27   36   67                                     3.0
   27   36   69                                     4.0
   27   36   70                                     1.0
   27   36   71                                     2.0
   27   36   92                                     6.0
   27   37   39                                     2.0
   27   37   40                                    15.0
   27   37   41                                     9.0
   27   37   42                                     8.0
   27   37   43                                     2.0
   27   37   44                                     4.0
   27   37   45                                     1.0
   27   37   46                                     3.0
   27   37   47                                     1.0
   27   37   49                                     2.0
   27   37   50                                     1.0
   27   37   51                                     3.0
   27   37   53                                     3.0
   27   37   55                                     1.0
   27   37   57                                     2.0
   27   37   58                                     3.0
   27   37   61                                     1.0
   27   37   63                                     1.0
   27   37   64                                     1.0
   27   37   67                                     2.0
   27   37   69                                     2.0
   27   37   70                                     3.0
   27   37   71                                     1.0
   27   38   38                                     2.0
   27   38   39                                     3.0
   27   38   40                                     6.0
   27   38   41                                     4.0
   27   38   42                                     4.0
   27   38   43                                     4.0
   27   38   44                                     5.0
   27   38   45                                     1.0
   27   38   46                                     2.0
   27   38   47                                     3.0
   27   38   48                                     1.0
   27   38   50                                     3.0
   27   38   51                                     2.0
   27   38   53                                     3.0
   27   38   54                                     1.0
   27   38   58                                     3.0
   27   38   59                                     1.0
   27   38   60                                     2.0
   27   38   61                                     1.0
   27   38   64                                     1.0
   27   38   67                                     2.0
   27   38   70                                     5.0
   27   38   71                                     1.0
   27   38   74                                     4.0
   27   38   75                                     2.0
   27   38   87                                     2.0
   27   39   41                                     2.0
   27   39   42                                     1.0
   27   39   43                                     1.0
   27   39   44                                     1.0
   27   39   46                                     1.0
   27   39   47                                     1.0
   27   39   50                                     2.0
   27   39   53                                     1.0
   27   39   57                                     1.0
   27   39   58                                     3.0
   27   39   59                                     8.0
   27   39   60                                     5.0
   27   39   64                                     1.0
   27   39   70                                     2.0
   27   39   74                                     2.0
   27   39   75                                     2.0
   27   39   87                                     2.0
   27   40   42                                     1.0
   27   40   43                                     2.0
   27   40   45                                     1.0
   27   40   46                                     1.0
   27   40   47                                     1.0
   27   40   50                                     2.0
   27   40   51                                     1.0
   27   40   53                                     2.0
   27   40   54                                     4.0
   27   40   55                                     5.0
   27   40   56                                     7.0
   27   40   57                                     8.0
   27   40   58                                     5.0
   27   40   59                                     4.0
   27   40   62                                     1.0
   27   40   70                                     1.0
   27   40   71                                     1.0
   27   40   74                                     2.0
   27   40   75                                     3.0
   27   40   87                                     4.0
   27   41   46                                     1.0
   27   41   48                                     1.0
   27   41   49                                     1.0
   27   41   50                                     3.0
   27   41   51                                     1.0
   27   41   52                                     5.0
   27   41   53                                    10.0
   27   41   54                                    14.0
   27   41   55                                     1.0
   27   41   56                                     4.0
   27   41   58                                     1.0
   27   41   60                                     6.0
   27   41   62                                     5.0
   27   41   68                                     1.0
   27   41   74                                     1.0
   27   41   76                                     1.0
   27   41   77                                     1.0
   27   41   78                                    13.0
   27   41   85                                     1.0
   27   41   98                                     1.0
   27   42   46                                     5.0
   27   42   47                                     2.0
   27   42   48                                     6.0
   27   42   49                                     2.0
   27   42   50                                     4.0
   27   42   51                                     2.0
   27   42   52                                     7.0
   27   42   53                                     4.0
   27   42   54                                     6.0
   27   42   56                                     2.0
   27   42   57                                     1.0
   27   42   60                                     1.0
   27   42   62                                     1.0
   27   42   66                                     3.0
   27   42   68                                     3.0
   27   42   70                                     1.0
   27   42   71                                     1.0
   27   42   72                                     1.0
   27   42   73                                     2.0
   27   42   75                                     1.0
   27   42   76                                     4.0
   27   42   77                                     3.0
   27   42   78                                     6.0
   27   42   87                                     2.0
   27   42   99                                     1.0
   27   43   45                                     3.0
   27   43   46                                     6.0
   27   43   47                                     3.0
   27   43   48                                     2.0
   27   43   49                                     5.0
   27   43   50                                     2.0
   27   43   51                                     3.0
   27   43   52                                     3.0
   27   43   53                                     1.0
   27   43   54                                     1.0
   27   43   56                                     3.0
   27   43   57                                     1.0
   27   43   58                                     1.0
   27   43   60                                     1.0
   27   43   62                                     2.0
   27   43   66                                     1.0
   27   43   68                                     1.0
   27   43   72                                     3.0
   27   43   73                                     2.0
   27   43   74                                     1.0
   27   43   76                                     2.0
   27   43   77                                     3.0
   27   43   78                                     2.0
   27   43   79                                     1.0
   27   43   91                                     1.0
   27   43   99                                     1.0
   27   44   46                                     3.0
   27   44   47                                     1.0
   27   44   48                                     3.0
   27   44   49                                     2.0
   27   44   51                                     3.0
   27   44   52                                     1.0
   27   44   53                                     1.0
   27   44   54                                     1.0
   27   44   56                                     1.0
   27   44   58                                     1.0
   27   44   62                                     1.0
   27   44   66                                     1.0
   27   44   68                                     1.0
   27   44   70                                     1.0
   27   44   71                                     1.0
   27   44   72                                     3.0
   27   44   73                                     1.0
   27   44   76                                     1.0
   27   44   77                                     2.0
   27   44   78                                     1.0
   27   44   87                                     2.0
   27   44   91                                     2.0
   27   44   92                                     1.0
   27   45   46                                     2.0
   27   45   47                                     2.0
   27   45   52                                     1.0
   27   45   56                                     1.0
   27   45   62                                     1.0
   27   45   64                                     1.0
   27   45   65                                     3.0
   27   45   66                                     3.0
   27   45   68                                     1.0
   27   45   70                                     1.0
   27   45   72                                     1.0
   27   45   73                                     1.0
   27   45   76                                     1.0
   27   45   77                                     1.0
   27   45   78                                     1.0
   27   45   82                                     1.0
   27   45   91                                     1.0
   27   45   92                                     2.0
   27   46   48                                     1.0
   27   46   52                                     1.0
   27   46   55                                     1.0
   27   46   56                                     1.0
   27   46   58                                     2.0
   27   46   60                                     4.0
   27   46   61                                     3.0
   27   46   62                                    11.0
   27   46   64                                    13.0
   27   46   65                                     4.0
   27   46   66                                     3.0
   27   46   68                                     1.0
   27   46   69                                     1.0
   27   46   73                                     1.0
   27   46   74                                     1.0
   27   46   75                                     1.0
   27   46   76                                     1.0
   27   46   77                                     1.0
   27   46   78                                     1.0
   27   46   85                                     5.0
   27   46   86                                     4.0
   27   46   87                                     3.0
   27   46   88                                     3.0
   27   46   91                                     2.0
   27   46   92                                     2.0
   27   47   50                                     2.0
   27   47   53                                     1.0
   27   47   55                                     3.0
   27   47   56                                     5.0
   27   47   57                                     2.0
   27   47   58                                     7.0
   27   47   60                                     4.0
   27   47   61                                     2.0
   27   47   62                                     7.0
   27   47   64                                     3.0
   27   47   65                                     5.0
   27   47   67                                     1.0
   27   47   68                                     1.0
   27   47   70                                     1.0
   27   47   72                                     1.0
   27   47   73                                     3.0
   27   47   75                                     3.0
   27   47   76                                     3.0
   27   47   77                                     1.0
   27   47   85                                     2.0
   27   47   86                                     3.0
   27   47   87                                     2.0
   27   47   88                                     1.0
   27   47   89                                     2.0
   27   47   91                                     3.0
   27   48   51                                     1.0
   27   48   52                                     2.0
   27   48   53                                     1.0
   27   48   55                                     4.0
   27   48   56                                     2.0
   27   48   57                                     2.0
   27   48   58                                     4.0
   27   48   60                                     3.0
   27   48   62                                     6.0
   27   48   63                                     1.0
   27   48   64                                     1.0
   27   48   65                                     3.0
   27   48   67                                     2.0
   27   48   69                                     4.0
   27   48   73                                     2.0
   27   48   75                                     3.0
   27   48   76                                     2.0
   27   48   77                                     1.0
   27   48   86                                     2.0
   27   48   87                                     2.0
   27   48   89                                     1.0
   27   48   91                                     2.0
   27   48   92                                     1.0
   27   49   51                                     2.0
   27   49   52                                     1.0
   27   49   53                                     3.0
   27   49   54                                     1.0
   27   49   55                                     2.0
   27   49   56                                     1.0
   27   49   57                                     1.0
   27   49   58                                     3.0
   27   49   60                                     3.0
   27   49   61                                     1.0
   27   49   62                                     4.0
   27   49   63                                     1.0
   27   49   65                                     1.0
   27   49   67                                     1.0
   27   49   69                                     4.0
   27   49   72                                     2.0
   27   49   73                                     2.0
   27   49   75                                     2.0
   27   49   76                                     1.0
   27   49   87                                     1.0
   27   49   91                                     2.0
   27   49   94                                     1.0
   27   49   98                                     1.0
   27   50   52                                     1.0
   27   50   54                                     1.0
   27   50   55                                     1.0
   27   50   57                                     1.0
   27   50   59                                     1.0
   27   50   60                                     1.0
   27   50   61                                     1.0
   27   50   62                                     2.0
   27   50   63                                     1.0
   27   50   64                                     1.0
   27   50   67                                     1.0
   27   50   72                                     1.0
   27   50   75                                     2.0
   27   50   85                                     1.0
   27   50   89                                     1.0
   27   51   53                                     1.0
   27   51   57                                     2.0
   27   51   59                                     1.0
   27   51   61                                     2.0
   27   51   62                                     1.0
   27   51   66                                     1.0
   27   51   68                                     2.0
   27   51   69                                     5.0
   27   51   73                                     2.0
   27   51   74                                     2.0
   27   51   75                                     1.0
   27   51   76                                     2.0
   27   51   78                                     3.0
   27   51   83                                     3.0
   27   51   86                                     1.0
   27   51   92                                     1.0
   27   51   93                                     6.0
   27   51   95                                     4.0
   27   51   98                                     3.0
   27   52   53                                     1.0
   27   52   56                                     1.0
   27   52   60                                     1.0
   27   52   61                                     2.0
   27   52   62                                     1.0
   27   52   63                                     2.0
   27   52   64                                     4.0
   27   52   66                                     5.0
   27   52   67                                     1.0
   27   52   68                                     4.0
   27   52   69                                     4.0
   27   52   71                                     3.0
   27   52   73                                     3.0
   27   52   74                                     2.0
   27   52   75                                     1.0
   27   52   76                                     1.0
   27   52   78                                     2.0
   27   52   83                                     2.0
   27   52   86                                     6.0
   27   52   87                                     2.0
   27   52   93                                     1.0
   27   52   94                                     1.0
   27   52   95                                     2.0
   27   52   98                                     2.0
   27   53   58                                     1.0
   27   53   59                                     2.0
   27   53   61                                     2.0
   27   53   63                                     2.0
   27   53   64                                     9.0
   27   53   66                                     4.0
   27   53   68                                     2.0
   27   53   69                                     4.0
   27   53   71                                     1.0
   27   53   73                                     1.0
   27   53   74                                     2.0
   27   53   78                                     1.0
   27   53   83                                     1.0
   27   53   86                                     3.0
   27   53   87                                     2.0
   27   53   92                                     1.0
   27   53   93                                     1.0
   27   53   95                                     1.0
   27   53   98                                     1.0
   27   54   58                                     1.0
   27   54   59                                     1.0
   27   54   60                                     3.0
   27   54   61                                     1.0
   27   54   62                                     1.0
   27   54   63                                     1.0
   27   54   64                                     5.0
   27   54   68                                     2.0
   27   54   69                                     1.0
   27   54   71                                     1.0
   27   54   72                                     1.0
   27   54   73                                     2.0
   27   54   75                                     1.0
   27   54   86                                     2.0
   27   54   87                                     1.0
   27   55   58                                     1.0
   27   55   59                                     1.0
   27   55   61                                     1.0
   27   55   64                                     1.0
   27   55   66                                     3.0
   27   55   68                                     1.0
   27   55   69                                     2.0
   27   55   71                                     1.0
   27   55   74                                     1.0
   27   55   78                                     1.0
   27   55   83                                     1.0
   27   55   87                                     1.0
   27   55   93                                     1.0
   27   56   60                                     1.0
   27   56   62                                     1.0
   27   56   63                                     2.0
   27   56   64                                     2.0
   27   56   65                                     1.0
   27   56   68                                     1.0
   27   56   86                                     1.0
   27   57   66                                     1.0
   27   57   67                                     1.0
   27   57   69                                     1.0
   27   57   72                                     1.0
   27   57   87                                     1.0
   27   58   65                                     1.0
   27   58   68                                     1.0
   27   58   70                                     1.0
   27   58   71                                     1.0
   27   58   75                                     1.0
   27   59   63                                     3.0
   27   59   68                                     1.0
   27   59   75                                     1.0
   27   62   65                                     1.0
   27   62   73                                     1.0
   27   64   81                                     1.0
   27   65   88                                     1.0
   27   66   71                                     1.0
   27   66   95                                     1.0
   27   69   94                                     1.0
   27   69   97                                     1.0
   28   28   35                                     2.0
   28   28   36                                     2.0
   28   28   41                                     1.0
   28   28   90                                     1.0
   28   29   33                                     2.0
   28   29   34                                     4.0
   28   29   35                                     2.0
   28   29   37                                     2.0
   28   29   38                                     2.0
   28   29   40                                     2.0
   28   29   41                                     1.0
   28   29   44                                     1.0
   28   29   47                                     1.0
   28   29   54                                     1.0
   28   29   55                                     1.0
   28   29   59                                     1.0
   28   29   79                                     1.0
   28   30   33                                     1.0
   28   30   34                                     2.0
   28   30   35                                     2.0
   28   30   36                                     3.0
   28   30   37                                     1.0
   28   30   38                                     1.0
   28   30   39                                     1.0
   28   30   42                                     2.0
   28   30   44                                     4.0
   28   30   46                                     1.0
   28   30   47                                     1.0
   28   30   50                                     2.0
   28   30   53                                     1.0
   28   30   54                                     2.0
   28   30   55                                     1.0
   28   30   56                                     1.0
   28   30   57                                     1.0
   28   30   82                                     1.0
   28   30   93                                     1.0
   28   31   32                                     1.0
   28   31   33                                     2.0
   28   31   34                                     1.0
   28   31   35                                     1.0
   28   31   37                                     1.0
   28   31   40                                     2.0
   28   31   42                                     1.0
   28   31   46                                     1.0
   28   31   51                                     3.0
   28   31   53                                     1.0
   28   31   55                                     1.0
   28   31   74                                     1.0
   28   31   99                                     1.0
   28   32   35                                     1.0
   28   32   37                                     1.0
   28   32   39                                     1.0
   28   32   41                                     1.0
   28   32   43                                     1.0
   28   32   46                                     1.0
   28   32   48                                     1.0
   28   32   53                                     2.0
   28   32   54                                     2.0
   28   32   72                                     3.0
   28   32   74                                     1.0
   28   32   76                                     1.0
   28   32   82                                     1.0
   28   33   35                                     1.0
   28   33   48                                     1.0
   28   33   50                                     3.0
   28   33   51                                     1.0
   28   33   52                                     3.0
   28   33   53                                     3.0
   28   33   54                                     1.0
   28   33   57                                     1.0
   28   33   69                                     1.0
   28   33   72                                     2.0
   28   33   74                                     1.0
   28   33   76                                     2.0
   28   33   91                                     2.0
   28   34   39                                     1.0
   28   34   40                                     1.0
   28   34   44                                     1.0
   28   34   47                                     6.0
   28   34   48                                     5.0
   28   34   49                                     6.0
   28   34   50                                     5.0
   28   34   51                                     2.0
   28   34   52                                     2.0
   28   34   53                                     2.0
   28   34   91                                     1.0
   28   35   43                                     4.0
   28   35   44                                     8.0
   28   35   45                                     5.0
   28   35   46                                    10.0
   28   35   47                                     8.0
   28   35   48                                     1.0
   28   35   58                                     1.0
   28   35   68                                     1.0
   28   35   70                                     2.0
   28   35   76                                     6.0
   28   35   77                                     5.0
   28   35   78                                     2.0
   28   35   87                                     1.0
   28   35   88                                     1.0
   28   36   40                                     1.0
   28   36   41                                     9.0
   28   36   42                                    16.0
   28   36   43                                     9.0
   28   36   44                                     3.0
   28   36   45                                     5.0
   28   36   46                                     6.0
   28   36   49                                     3.0
   28   36   51                                     6.0
   28   36   53                                     2.0
   28   36   54                                     3.0
   28   36   55                                     1.0
   28   36   57                                     7.0
   28   36   59                                     5.0
   28   36   66                                     3.0
   28   36   78                                     3.0
   28   36   79                                     4.0
   28   36   82                                     1.0
   28   36   83                                     2.0
   28   36   89                                     1.0
   28   36   92                                     1.0
   28   37   39                                     4.0
   28   37   40                                     8.0
   28   37   41                                     6.0
   28   37   42                                     3.0
   28   37   43                                     3.0
   28   37   44                                     5.0
   28   37   45                                     1.0
   28   37   46                                     3.0
   28   37   48                                     3.0
   28   37   49                                     2.0
   28   37   51                                     4.0
   28   37   53                                     1.0
   28   37   54                                     2.0
   28   37   55                                     1.0
   28   37   57                                     2.0
   28   37   59                                     2.0
   28   37   60                                     1.0
   28   37   62                                     1.0
   28   37   66                                     1.0
   28   38   39                                     2.0
   28   38   40                                     3.0
   28   38   41                                     2.0
   28   38   42                                     2.0
   28   38   43                                     2.0
   28   38   44                                     3.0
   28   38   46                                     2.0
   28   38   48                                     2.0
   28   38   51                                     5.0
   28   38   54                                     2.0
   28   38   58                                     1.0
   28   38   59                                     1.0
   28   38   60                                     1.0
   28   38   64                                     1.0
   28   38   83                                     1.0
   28   38   90                                     2.0
   28   38   92                                     1.0
   28   39   40                                     1.0
   28   39   43                                     1.0
   28   39   45                                     1.0
   28   39   47                                     5.0
   28   39   51                                     6.0
   28   39   56                                     1.0
   28   39   57                                     2.0
   28   39   58                                     3.0
   28   39   69                                     1.0
   28   39   79                                     1.0
   28   39   90                                     2.0
   28   40   42                                     1.0
   28   40   43                                     1.0
   28   40   45                                     1.0
   28   40   47                                     2.0
   28   40   51                                     3.0
   28   40   52                                     2.0
   28   40   54                                     8.0
   28   40   55                                     7.0
   28   40   56                                     6.0
   28   40   57                                     5.0
   28   40   58                                     3.0
   28   40   67                                     1.0
   28   40   70                                     1.0
   28   41   46                                     3.0
   28   41   47                                     1.0
   28   41   49                                     4.0
   28   41   51                                     8.0
   28   41   52                                     7.0
   28   41   53                                     3.0
   28   41   54                                     4.0
   28   41   56                                     3.0
   28   41   58                                     4.0
   28   41   59                                     2.0
   28   41   61                                     2.0
   28   41   63                                     4.0
   28   41   74                                     1.0
   28   41   86                                     5.0
   28   41   88                                     4.0
   28   41   92                                     1.0
   28   41   93                                     2.0
   28   42   46                                     3.0
   28   42   47                                     5.0
   28   42   48                                     8.0
   28   42   49                                     4.0
   28   42   50                                     1.0
   28   42   51                                     8.0
   28   42   52                                     1.0
   28   42   53                                     1.0
   28   42   54                                     3.0
   28   42   56                                     5.0
   28   42   58                                     1.0
   28   42   59                                     3.0
   28   42   61                                     4.0
   28   42   63                                     1.0
   28   42   64                                     1.0
   28   42   70                                     2.0
   28   42   76                                     1.0
   28   42   86                                     1.0
   28   42   88                                     2.0
   28   42   93                                     2.0
   28   43   44                                     1.0
   28   43   45                                     1.0
   28   43   46                                     9.0
   28   43   47                                     2.0
   28   43   48                                     3.0
   28   43   49                                     3.0
   28   43   51                                     2.0
   28   43   52                                     4.0
   28   43   54                                     1.0
   28   43   56                                     3.0
   28   43   58                                     1.0
   28   43   59                                     1.0
   28   43   60                                     1.0
   28   43   61                                     1.0
   28   43   63                                     3.0
   28   43   72                                     9.0
   28   43   73                                     3.0
   28   43   74                                     2.0
   28   43   77                                     6.0
   28   43   86                                     1.0
   28   43   91                                     2.0
   28   43   92                                     1.0
   28   43   93                                     1.0
   28   43   99                                     2.0
   28   44   45                                     1.0
   28   44   47                                     1.0
   28   44   48                                     2.0
   28   44   49                                     1.0
   28   44   50                                     1.0
   28   44   51                                     4.0
   28   44   52                                     3.0
   28   44   56                                     1.0
   28   44   58                                     1.0
   28   44   59                                     1.0
   28   44   63                                     2.0
   28   44   64                                     1.0
   28   44   71                                     1.0
   28   44   72                                     3.0
   28   44   73                                     5.0
   28   44   76                                     2.0
   28   44   77                                     4.0
   28   44   87                                     1.0
   28   44   91                                     4.0
   28   44   92                                     3.0
   28   44   93                                     2.0
   28   45   46                                     1.0
   28   45   50                                     1.0
   28   45   51                                     2.0
   28   45   53                                     1.0
   28   45   58                                     1.0
   28   45   64                                     3.0
   28   45   65                                     5.0
   28   45   70                                     1.0
   28   45   72                                     3.0
   28   45   73                                     4.0
   28   45   77                                     3.0
   28   45   91                                     1.0
   28   45   92                                     2.0
   28   45   93                                     6.0
   28   46   46                                     1.0
   28   46   47                                     1.0
   28   46   48                                     1.0
   28   46   50                                     2.0
   28   46   51                                     2.0
   28   46   55                                     2.0
   28   46   57                                     2.0
   28   46   58                                     2.0
   28   46   59                                     5.0
   28   46   61                                     9.0
   28   46   62                                     2.0
   28   46   63                                    10.0
   28   46   64                                     7.0
   28   46   65                                     6.0
   28   46   66                                     1.0
   28   46   68                                     2.0
   28   46   74                                     2.0
   28   46   75                                     1.0
   28   46   77                                     3.0
   28   46   78                                     1.0
   28   46   86                                     1.0
   28   46   93                                     2.0
   28   46   94                                     1.0
   28   46   97                                     5.0
   28   47   49                                     1.0
   28   47   50                                     1.0
   28   47   54                                     3.0
   28   47   55                                     1.0
   28   47   56                                     3.0
   28   47   57                                     4.0
   28   47   58                                     3.0
   28   47   59                                     4.0
   28   47   60                                     3.0
   28   47   61                                     5.0
   28   47   62                                     2.0
   28   47   63                                     2.0
   28   47   64                                     6.0
   28   47   65                                     3.0
   28   47   66                                     3.0
   28   47   68                                     3.0
   28   47   72                                     2.0
   28   47   73                                     3.0
   28   47   91                                     1.0
   28   47   92                                     2.0
   28   47   97                                     1.0
   28   47   98                                     3.0
   28   48   50                                     1.0
   28   48   51                                     1.0
   28   48   53                                     1.0
   28   48   54                                     3.0
   28   48   55                                     1.0
   28   48   56                                     1.0
   28   48   57                                     3.0
   28   48   58                                     2.0
   28   48   60                                     2.0
   28   48   61                                     3.0
   28   48   62                                     1.0
   28   48   63                                     1.0
   28   48   64                                     2.0
   28   48   66                                     1.0
   28   48   68                                     3.0
   28   48   70                                     2.0
   28   48   76                                     1.0
   28   48   77                                     4.0
   28   48   78                                     1.0
   28   48   86                                     1.0
   28   48   87                                     2.0
   28   48   93                                     1.0
   28   48   94                                     2.0
   28   48   98                                     2.0
   28   49   51                                     1.0
   28   49   53                                     1.0
   28   49   54                                     2.0
   28   49   56                                     1.0
   28   49   57                                     1.0
   28   49   58                                     2.0
   28   49   61                                     1.0
   28   49   62                                     3.0
   28   49   64                                     1.0
   28   49   65                                     1.0
   28   49   66                                     1.0
   28   49   68                                     1.0
   28   49   70                                     4.0
   28   49   73                                     2.0
   28   49   74                                     1.0
   28   49   77                                     4.0
   28   49   92                                     3.0
   28   50   56                                     1.0
   28   50   58                                     1.0
   28   50   59                                     1.0
   28   50   61                                     2.0
   28   50   62                                     4.0
   28   50   63                                     1.0
   28   50   64                                     1.0
   28   50   68                                     2.0
   28   50   70                                     2.0
   28   50   72                                     2.0
   28   50   77                                     2.0
   28   50   78                                     1.0
   28   50   88                                     1.0
   28   50   95                                     1.0
   28   50   98                                     1.0
   28   51   52                                     1.0
   28   51   59                                     1.0
   28   51   62                                     3.0
   28   51   66                                     1.0
   28   51   67                                     2.0
   28   51   68                                     1.0
   28   51   69                                     3.0
   28   51   70                                     2.0
   28   51   73                                     2.0
   28   51   74                                     6.0
   28   51   75                                     7.0
   28   51   77                                     5.0
   28   51   78                                     3.0
   28   51   86                                     1.0
   28   51   94                                     2.0
   28   52   54                                     2.0
   28   52   56                                     1.0
   28   52   58                                     1.0
   28   52   60                                     1.0
   28   52   61                                     2.0
   28   52   62                                     1.0
   28   52   63                                     1.0
   28   52   64                                     5.0
   28   52   65                                     2.0
   28   52   66                                     3.0
   28   52   67                                     2.0
   28   52   69                                     2.0
   28   52   73                                     2.0
   28   52   74                                     4.0
   28   52   75                                     3.0
   28   52   77                                     2.0
   28   52   78                                     3.0
   28   52   88                                     1.0
   28   52   91                                     2.0
   28   52   92                                     1.0
   28   52   99                                     1.0
   28   53   58                                     2.0
   28   53   59                                     2.0
   28   53   61                                     2.0
   28   53   62                                     4.0
   28   53   63                                     3.0
   28   53   64                                     2.0
   28   53   65                                     2.0
   28   53   66                                     2.0
   28   53   67                                     1.0
   28   53   68                                     1.0
   28   53   69                                     1.0
   28   53   73                                     1.0
   28   53   74                                     1.0
   28   53   75                                     2.0
   28   53   78                                     1.0
   28   53   87                                     1.0
   28   53   88                                     2.0
   28   53   90                                     2.0
   28   53   91                                     2.0
   28   53   92                                     4.0
   28   54   58                                     1.0
   28   54   59                                     3.0
   28   54   61                                     1.0
   28   54   62                                     1.0
   28   54   63                                     1.0
   28   54   64                                     1.0
   28   54   65                                     2.0
   28   54   67                                     1.0
   28   54   70                                     2.0
   28   54   71                                     1.0
   28   54   73                                     2.0
   28   54   74                                     2.0
   28   54   75                                     1.0
   28   54   88                                     1.0
   28   54   90                                     1.0
   28   54   91                                     2.0
   28   54   92                                     2.0
   28   54   98                                     1.0
   28   55   58                                     1.0
   28   55   65                                     1.0
   28   55   68                                     1.0
   28   55   77                                     2.0
   28   55   88                                     1.0
   28   55   91                                     1.0
   28   55   93                                     1.0
   28   55   95                                     1.0
   28   55   96                                     2.0
   28   56   61                                     1.0
   28   56   62                                     2.0
   28   56   63                                     2.0
   28   56   73                                     1.0
   28   56   74                                     1.0
   28   56   78                                     2.0
   28   56   88                                     1.0
   28   56   89                                     1.0
   28   56   91                                     2.0
   28   56   92                                     1.0
   28   56   93                                     1.0
   28   56   95                                     1.0
   28   57   64                                     1.0
   28   57   66                                     1.0
   28   57   73                                     1.0
   28   57   98                                     1.0
   28   58   60                                     1.0
   28   58   66                                     1.0
   28   58   87                                     1.0
   28   58   92                                     1.0
   28   59   69                                     1.0
   28   59   72                                     1.0
   28   59   91                                     1.0
   28   59   92                                     1.0
   28   60   63                                     1.0
   28   60   77                                     2.0
   28   60   88                                     1.0
   28   60   89                                     1.0
   28   61   85                                     1.0
   28   62   72                                     1.0
   28   62   74                                     1.0
   28   62   77                                     1.0
   28   62   93                                     1.0
   28   64   86                                     1.0
   28   64   92                                     2.0
   28   65   74                                     1.0
   28   66   87                                     1.0
   28   67   90                                     1.0
   28   67   91                                     1.0
   28   68   91                                     1.0
   28   68  100                                     1.0
   28   69   95                                     1.0
   28   70   89                                     1.0
   28   71   75                                     1.0
   28   75   98                                     1.0
   29   29   32                                     1.0
   29   29   33                                     1.0
   29   29   36                                     1.0
   29   29   37                                     1.0
   29   29   44                                     1.0
   29   29   50                                     1.0
   29   30   34                                     1.0
   29   30   44                                     1.0
   29   30   55                                     1.0
   29   31   43                                     1.0
   29   31   53                                     1.0
   29   31   69                                     1.0
   29   31   72                                     1.0
   29   31   76                                     2.0
   29   32   48                                     1.0
   29   32   49                                     4.0
   29   32   50                                     4.0
   29   32   51                                     3.0
   29   32   52                                     1.0
   29   32   53                                     2.0
   29   32   72                                     1.0
   29   32   73                                     1.0
   29   32   74                                     1.0
   29   32   76                                     1.0
   29   32   79                                     1.0
   29   32   90                                     1.0
   29   32   91                                     1.0
   29   33   46                                     2.0
   29   33   47                                     3.0
   29   33   48                                     3.0
   29   33   49                                     4.0
   29   33   50                                     4.0
   29   33   51                                     3.0
   29   33   52                                     3.0
   29   33   53                                     3.0
   29   33   60                                     1.0
   29   33   72                                     1.0
   29   33   73                                     1.0
   29   33   75                                     1.0
   29   33   76                                     1.0
   29   33   79                                     2.0
   29   33   83                                     1.0
   29   33   84                                     2.0
   29   33   90                                     1.0
   29   34   39                                     1.0
   29   34   45                                     2.0
   29   34   46                                     4.0
   29   34   47                                     4.0
   29   34   48                                     3.0
   29   34   50                                     2.0
   29   34   64                                     1.0
   29   34   69                                     1.0
   29   34   70                                     3.0
   29   34   90                                     1.0
   29   35   37                                     1.0
   29   35   42                                     3.0
   29   35   43                                     9.0
   29   35   44                                     6.0
   29   35   45                                     3.0
   29   35   46                                     4.0
   29   35   51                                     2.0
   29   35   53                                     4.0
   29   35   55                                     5.0
   29   35   56                                     1.0
   29   35   57                                     5.0
   29   35   58                                     5.0
   29   35   59                                     3.0
   29   35   64                                     2.0
   29   35   67                                     4.0
   29   35   68                                     4.0
   29   35   69                                     4.0
   29   36   40                                     5.0
   29   36   41                                     6.0
   29   36   42                                    15.0
   29   36   43                                     7.0
   29   36   44                                     1.0
   29   36   45                                     4.0
   29   36   46                                     3.0
   29   36   51                                     1.0
   29   36   56                                     1.0
   29   36   77                                     1.0
   29   36   78                                     1.0
   29   36   79                                     1.0
   29   36   83                                     1.0
   29   36   90                                     1.0
   29   37   38                                     1.0
   29   37   39                                     5.0
   29   37   40                                     5.0
   29   37   41                                     4.0
   29   37   42                                     5.0
   29   37   43                                     1.0
   29   37   44                                     2.0
   29   37   48                                     3.0
   29   37   59                                     2.0
   29   37   60                                     1.0
   29   37   66                                     1.0
   29   37   79                                     1.0
   29   37   83                                     1.0
   29   37   84                                     1.0
   29   37   90                                     1.0
   29   38   39                                     3.0
   29   38   40                                     1.0
   29   38   41                                     2.0
   29   38   42                                     3.0
   29   38   48                                     1.0
   29   38   53                                     1.0
   29   38   54                                     1.0
   29   38   57                                     1.0
   29   38   59                                     2.0
   29   38   60                                     1.0
   29   38   66                                     1.0
   29   38   71                                     1.0
   29   38   84                                     3.0
   29   38   91                                     2.0
   29   39   41                                     1.0
   29   39   42                                     1.0
   29   39   55                                     2.0
   29   39   56                                     2.0
   29   39   84                                     2.0
   29   39   91                                     2.0
   29   40   42                                     1.0
   29   40   48                                     1.0
   29   40   50                                     5.0
   29   40   51                                     5.0
   29   40   52                                     6.0
   29   40   53                                    16.0
   29   40   54                                     9.0
   29   40   55                                     6.0
   29   40   56                                     1.0
   29   40   59                                     1.0
   29   40   61                                     1.0
   29   40   69                                     1.0
   29   40   71                                     1.0
   29   40   76                                     4.0
   29   40   85                                     1.0
   29   41   48                                     2.0
   29   41   49                                     3.0
   29   41   50                                     4.0
   29   41   51                                     2.0
   29   41   52                                     3.0
   29   41   53                                     1.0
   29   41   54                                     2.0
   29   41   56                                     3.0
   29   41   58                                     4.0
   29   41   60                                     5.0
   29   41   61                                     5.0
   29   41   75                                     4.0
   29   41   76                                    13.0
   29   42   46                                     6.0
   29   42   47                                     1.0
   29   42   48                                     4.0
   29   42   49                                     2.0
   29   42   50                                     1.0
   29   42   51                                     3.0
   29   42   52                                     1.0
   29   42   53                                     1.0
   29   42   56                                     1.0
   29   42   58                                     1.0
   29   42   60                                     1.0
   29   42   70                                     1.0
   29   42   85                                     3.0
   29   42   91                                     2.0
   29   43   45                                     2.0
   29   43   46                                     4.0
   29   43   47                                     1.0
   29   43   50                                     2.0
   29   43   58                                     1.0
   29   43   68                                     1.0
   29   43   85                                     2.0
   29   43   88                                     1.0
   29   43   91                                     2.0
   29   44   45                                     1.0
   29   44   46                                     1.0
   29   44   49                                     1.0
   29   44   51                                     3.0
   29   44   69                                     1.0
   29   44   91                                     1.0
   29   44   93                                     1.0
   29   45   51                                     3.0
   29   45   70                                     2.0
   29   45   85                                     1.0
   29   46   50                                     2.0
   29   46   51                                     3.0
   29   46   56                                     1.0
   29   46   58                                     2.0
   29   46   60                                     3.0
   29   46   63                                     3.0
   29   46   65                                     4.0
   29   46   74                                     1.0
   29   46   84                                     5.0
   29   46   91                                     1.0
   29   47   50                                     3.0
   29   47   52                                     1.0
   29   47   56                                     3.0
   29   47   58                                     3.0
   29   47   59                                     1.0
   29   47   60                                     1.0
   29   47   63                                     2.0
   29   47   65                                     2.0
   29   47   67                                     1.0
   29   47   72                                     1.0
   29   47   84                                     1.0
   29   47   85                                     1.0
   29   48   51                                     3.0
   29   48   52                                     3.0
   29   48   55                                     1.0
   29   48   57                                     3.0
   29   48   59                                     1.0
   29   48   62                                     1.0
   29   48   68                                     8.0
   29   48   70                                     2.0
   29   48   71                                     1.0
   29   48   77                                     1.0
   29   48   87                                     1.0
   29   48   97                                     1.0
   29   49   51                                     3.0
   29   49   52                                     1.0
   29   49   57                                     2.0
   29   49   63                                     8.0
   29   49   68                                     4.0
   29   49   70                                     4.0
   29   49   71                                     2.0
   29   49   73                                     1.0
   29   49   77                                     6.0
   29   49   92                                     1.0
   29   49   93                                     1.0
   29   50   52                                     1.0
   29   50   57                                     1.0
   29   50   59                                     1.0
   29   50   63                                     7.0
   29   50   65                                     1.0
   29   50   68                                     4.0
   29   50   70                                     2.0
   29   50   71                                     1.0
   29   50   72                                     2.0
   29   50   77                                     3.0
   29   51   57                                     1.0
   29   51   63                                     7.0
   29   51   68                                     4.0
   29   51   70                                     2.0
   29   51   71                                     2.0
   29   51   72                                     2.0
   29   51   73                                     3.0
   29   51   77                                     4.0
   29   51   97                                     1.0
   29   52   58                                     1.0
   29   52   61                                     1.0
   29   52   62                                     1.0
   29   52   63                                     3.0
   29   52   67                                     4.0
   29   52   70                                     6.0
   29   52   72                                     7.0
   29   52   73                                     2.0
   29   52   77                                     2.0
   29   52   78                                     1.0
   29   52   92                                     1.0
   29   52   93                                     3.0
   29   53   55                                     1.0
   29   53   58                                     1.0
   29   53   59                                     2.0
   29   53   61                                     2.0
   29   53   62                                     3.0
   29   53   63                                     6.0
   29   53   64                                     2.0
   29   53   67                                     3.0
   29   53   68                                     4.0
   29   53   70                                     2.0
   29   53   72                                     1.0
   29   53   73                                     1.0
   29   53   92                                     3.0
   29   53   93                                     6.0
   29   54   55                                     1.0
   29   54   58                                     1.0
   29   54   59                                     4.0
   29   54   61                                     2.0
   29   54   62                                     1.0
   29   54   64                                     1.0
   29   54   67                                     2.0
   29   54   70                                     4.0
   29   54   71                                     1.0
   29   54   72                                     2.0
   29   54   74                                     3.0
   29   54   92                                     2.0
   29   54   93                                     6.0
   29   55   58                                     2.0
   29   55   59                                     1.0
   29   55   61                                     1.0
   29   55   63                                     3.0
   29   55   64                                     1.0
   29   55   67                                     2.0
   29   55   70                                     1.0
   29   55   73                                     1.0
   29   55   77                                     1.0
   29   55   78                                     2.0
   29   55   96                                     1.0
   29   56   57                                     1.0
   29   56   58                                     3.0
   29   56   59                                     1.0
   29   56   60                                     1.0
   29   56   62                                     1.0
   29   56   63                                     1.0
   29   56   68                                     2.0
   29   56   71                                     1.0
   29   56   92                                     1.0
   29   56   93                                     3.0
   29   57   61                                     1.0
   29   57   62                                     3.0
   29   57   67                                     2.0
   29   57   72                                     1.0
   29   58   67                                     4.0
   29   58   73                                     3.0
   29   59   68                                     1.0
   29   59   69                                     2.0
   29   59   70                                     3.0
   29   59   89                                     2.0
   29   59   93                                     4.0
   29   60   77                                     2.0
   29   60   78                                     1.0
   29   60   89                                     2.0
   29   61   78                                     2.0
   29   61   79                                     1.0
   29   63   93                                     2.0
   29   64   74                                     1.0
   29   64   75                                     3.0
   29   64   93                                     1.0
   29   67   92                                     4.0
   30   30   54                                     1.0
   30   31   44                                     1.0
   30   31   46                                     1.0
   30   31   47                                     1.0
   30   31   48                                     1.0
   30   31   49                                     1.0
   30   31   50                                     2.0
   30   31   51                                     1.0
   30   31   53                                     1.0
   30   31   72                                     1.0
   30   32   47                                     2.0
   30   32   48                                     2.0
   30   32   49                                     3.0
   30   32   50                                     3.0
   30   32   51                                     2.0
   30   32   52                                     3.0
   30   32   53                                     1.0
   30   32   54                                     1.0
   30   32   75                                     2.0
   30   32   84                                     1.0
   30   32   90                                     1.0
   30   33   46                                     4.0
   30   33   47                                     4.0
   30   33   48                                     4.0
   30   33   49                                     5.0
   30   33   50                                     2.0
   30   33   51                                     2.0
   30   33   52                                     1.0
   30   33   53                                     2.0
   30   33   54                                     1.0
   30   33   55                                     1.0
   30   33   70                                     1.0
   30   33   75                                     2.0
   30   33   76                                     2.0
   30   33   78                                     1.0
   30   33   79                                     1.0
   30   33   90                                     1.0
   30   33   98                                     2.0
   30   34   43                                     3.0
   30   34   44                                     4.0
   30   34   45                                     6.0
   30   34   46                                     3.0
   30   34   47                                     3.0
   30   34   48                                     5.0
   30   34   49                                     7.0
   30   34   58                                     2.0
   30   34   69                                     1.0
   30   34   76                                     3.0
   30   34   80                                     2.0
   30   34   83                                     4.0
   30   34   89                                     1.0
   30   34   90                                     1.0
   30   34   98                                     4.0
   30   35   41                                     5.0
   30   35   42                                     5.0
   30   35   43                                     7.0
   30   35   44                                     3.0
   30   35   45                                     1.0
   30   35   55                                     1.0
   30   35   56                                     1.0
   30   35   57                                     1.0
   30   35   59                                     2.0
   30   35   61                                     3.0
   30   35   64                                     2.0
   30   35   65                                     1.0
   30   35   67                                     1.0
   30   35   68                                     1.0
   30   35   76                                     1.0
   30   35   77                                     3.0
   30   35   81                                     2.0
   30   35   84                                     3.0
   30   35   98                                     1.0
   30   36   39                                     2.0
   30   36   40                                     6.0
   30   36   41                                     4.0
   30   36   43                                     1.0
   30   36   44                                     4.0
   30   36   46                                     3.0
   30   36   48                                     7.0
   30   36   50                                     5.0
   30   36   51                                     2.0
   30   36   52                                     5.0
   30   36   53                                     2.0
   30   36   55                                     4.0
   30   36   56                                     3.0
   30   36   60                                     1.0
   30   36   61                                     2.0
   30   36   69                                     1.0
   30   36   77                                     1.0
   30   36   78                                     8.0
   30   36   81                                     1.0
   30   36   82                                     2.0
   30   36   84                                     2.0
   30   36   85                                     3.0
   30   36   93                                     3.0
   30   36   95                                     1.0
   30   37   38                                     2.0
   30   37   39                                     3.0
   30   37   40                                     1.0
   30   37   41                                     5.0
   30   37   44                                     3.0
   30   37   45                                     1.0
   30   37   46                                     2.0
   30   37   48                                     2.0
   30   37   49                                     1.0
   30   37   50                                     1.0
   30   37   51                                     1.0
   30   37   52                                     1.0
   30   37   58                                     2.0
   30   37   59                                     1.0
   30   37   60                                     2.0
   30   37   78                                     8.0
   30   37   82                                    10.0
   30   37   85                                    10.0
   30   37   91                                     1.0
   30   37   95                                     5.0
   30   38   40                                     1.0
   30   38   41                                     1.0
   30   38   43                                     2.0
   30   38   44                                     1.0
   30   38   48                                     1.0
   30   38   49                                     1.0
   30   38   50                                     1.0
   30   38   53                                     1.0
   30   38   56                                     1.0
   30   38   58                                     4.0
   30   38   60                                     1.0
   30   38   62                                     2.0
   30   38   63                                     1.0
   30   38   78                                     3.0
   30   38   82                                     5.0
   30   38   85                                     5.0
   30   38   95                                     1.0
   30   38   96                                     5.0
   30   39   43                                     1.0
   30   39   50                                     2.0
   30   39   53                                     3.0
   30   39   54                                     5.0
   30   39   55                                     9.0
   30   39   56                                    12.0
   30   39   58                                     3.0
   30   39   80                                     1.0
   30   39   82                                     2.0
   30   39   85                                     2.0
   30   39   88                                     5.0
   30   39   95                                     1.0
   30   39   96                                     6.0
   30   40   42                                     1.0
   30   40   49                                     4.0
   30   40   50                                    15.0
   30   40   51                                    15.0
   30   40   52                                    17.0
   30   40   53                                     9.0
   30   40   54                                     8.0
   30   40   55                                     3.0
   30   40   56                                     2.0
   30   40   58                                     1.0
   30   40   85                                     1.0
   30   40   96                                     2.0
   30   41   47                                     2.0
   30   41   49                                     8.0
   30   41   50                                    10.0
   30   41   51                                     2.0
   30   41   53                                     1.0
   30   41   54                                     1.0
   30   41   62                                     2.0
   30   41   63                                     1.0
   30   41   64                                     2.0
   30   41   66                                     3.0
   30   41   72                                     1.0
   30   41   74                                     3.0
   30   41   76                                     1.0
   30   41   85                                     1.0
   30   41   95                                     5.0
   30   41   96                                     2.0
   30   41   97                                     4.0
   30   41   98                                     1.0
   30   42   44                                     1.0
   30   42   45                                     2.0
   30   42   46                                     2.0
   30   42   47                                     1.0
   30   42   48                                     2.0
   30   42   49                                     1.0
   30   42   50                                     3.0
   30   42   51                                     3.0
   30   42   52                                     1.0
   30   42   54                                     4.0
   30   42   56                                     1.0
   30   42   58                                     2.0
   30   42   60                                     3.0
   30   42   61                                     1.0
   30   42   64                                     3.0
   30   42   65                                     1.0
   30   42   66                                     2.0
   30   42   67                                     3.0
   30   42   72                                     3.0
   30   42   74                                     2.0
   30   42   75                                     3.0
   30   42   76                                     2.0
   30   42   85                                     1.0
   30   42   92                                     1.0
   30   42   96                                     3.0
   30   42   97                                    12.0
   30   43   44                                     2.0
   30   43   45                                     1.0
   30   43   46                                     1.0
   30   43   47                                     1.0
   30   43   48                                     5.0
   30   43   50                                     1.0
   30   43   51                                     1.0
   30   43   53                                     1.0
   30   43   54                                     2.0
   30   43   55                                     1.0
   30   43   56                                     1.0
   30   43   58                                     1.0
   30   43   59                                     1.0
   30   43   60                                     1.0
   30   43   62                                     2.0
   30   43   64                                     1.0
   30   43   66                                     1.0
   30   43   67                                     2.0
   30   43   72                                     1.0
   30   43   74                                     1.0
   30   43   75                                     4.0
   30   43   76                                     2.0
   30   43   85                                     5.0
   30   43   86                                     3.0
   30   43   96                                     1.0
   30   43   97                                     4.0
   30   44   48                                     3.0
   30   44   50                                     2.0
   30   44   51                                     1.0
   30   44   54                                     1.0
   30   44   58                                     1.0
   30   44   60                                     1.0
   30   44   64                                     1.0
   30   44   67                                     1.0
   30   44   72                                     1.0
   30   44   75                                     1.0
   30   44   76                                     1.0
   30   44   85                                     2.0
   30   44   86                                     1.0
   30   44   97                                     4.0
   30   45   47                                     1.0
   30   45   53                                     1.0
   30   45   57                                     1.0
   30   45   58                                     1.0
   30   45   66                                     1.0
   30   45   67                                     1.0
   30   45   75                                     1.0
   30   45   85                                     1.0
   30   45   86                                     1.0
   30   45   97                                     2.0
   30   46   54                                     2.0
   30   46   56                                     3.0
   30   46   57                                     4.0
   30   46   59                                    11.0
   30   46   60                                     1.0
   30   46   61                                     2.0
   30   46   62                                     1.0
   30   46   64                                     2.0
   30   46   65                                     1.0
   30   46   68                                     2.0
   30   46   69                                     1.0
   30   46   70                                     3.0
   30   46   71                                     3.0
   30   46   74                                     3.0
   30   46   75                                     1.0
   30   46   84                                     5.0
   30   46   85                                     4.0
   30   46   86                                     3.0
   30   46   87                                     1.0
   30   47   52                                     2.0
   30   47   54                                     1.0
   30   47   56                                     1.0
   30   47   57                                     3.0
   30   47   58                                     2.0
   30   47   59                                     3.0
   30   47   61                                     2.0
   30   47   62                                     5.0
   30   47   63                                     1.0
   30   47   68                                     2.0
   30   47   69                                     3.0
   30   47   70                                     4.0
   30   47   71                                     1.0
   30   47   73                                     3.0
   30   47   74                                     2.0
   30   47   75                                     3.0
   30   47   84                                     2.0
   30   47   85                                     1.0
   30   47   86                                     4.0
   30   47   87                                     3.0
   30   47   89                                     1.0
   30   47   90                                     3.0
   30   48   50                                     1.0
   30   48   52                                     1.0
   30   48   54                                     1.0
   30   48   55                                     1.0
   30   48   56                                     1.0
   30   48   57                                     2.0
   30   48   58                                     1.0
   30   48   59                                     2.0
   30   48   61                                     1.0
   30   48   62                                     1.0
   30   48   63                                     1.0
   30   48   65                                     2.0
   30   48   68                                     1.0
   30   48   69                                     1.0
   30   48   70                                     2.0
   30   48   71                                     1.0
   30   48   73                                     2.0
   30   48   74                                     1.0
   30   48   75                                     1.0
   30   48   84                                     1.0
   30   48   85                                     1.0
   30   48   86                                     1.0
   30   48   87                                     1.0
   30   48   90                                     2.0
   30   49   49                                     1.0
   30   49   51                                     1.0
   30   49   54                                     1.0
   30   49   56                                     2.0
   30   49   61                                     1.0
   30   49   62                                     1.0
   30   49   64                                     1.0
   30   49   65                                     2.0
   30   49   70                                     2.0
   30   49   71                                     1.0
   30   49   75                                     1.0
   30   49   85                                     1.0
   30   49   87                                     1.0
   30   49   94                                     1.0
   30   50   51                                     1.0
   30   50   54                                     2.0
   30   50   56                                     2.0
   30   50   59                                     1.0
   30   50   63                                     1.0
   30   50   68                                     1.0
   30   50   73                                     1.0
   30   50   74                                     1.0
   30   50   86                                     1.0
   30   50   91                                     1.0
   30   51   58                                     1.0
   30   51   64                                     1.0
   30   51   65                                     1.0
   30   51   67                                     1.0
   30   51   69                                     3.0
   30   51   70                                     1.0
   30   51   74                                     1.0
   30   51   84                                     1.0
   30   51   87                                     1.0
   30   51   88                                     1.0
   30   51   92                                     5.0
   30   51   93                                     4.0
   30   51   95                                     3.0
   30   51   99                                     2.0
   30   52   56                                     1.0
   30   52   60                                     1.0
   30   52   61                                     1.0
   30   52   63                                     2.0
   30   52   64                                     3.0
   30   52   65                                     3.0
   30   52   67                                     3.0
   30   52   69                                     3.0
   30   52   73                                     1.0
   30   52   84                                     6.0
   30   52   91                                     1.0
   30   52   92                                     1.0
   30   52   93                                     3.0
   30   52   95                                     2.0
   30   52   99                                     3.0
   30   53   55                                     1.0
   30   53   61                                     2.0
   30   53   63                                     3.0
   30   53   65                                     3.0
   30   53   67                                     1.0
   30   53   69                                     1.0
   30   53   84                                     3.0
   30   53   92                                     1.0
   30   53   93                                     1.0
   30   53   95                                     1.0
   30   53   99                                     1.0
   30   54   59                                     5.0
   30   54   60                                     1.0
   30   54   63                                     1.0
   30   54   67                                     1.0
   30   54   84                                     1.0
   30   54   96                                     1.0
   30   55   58                                     3.0
   30   55   59                                     5.0
   30   55   65                                     1.0
   30   55   68                                     1.0
   30   55   70                                     1.0
   30   55   84                                     2.0
   30   55   99                                     1.0
   30   56   58                                     1.0
   30   56   59                                     3.0
   30   56   60                                     1.0
   30   56   68                                     2.0
   30   56   84                                     1.0
   30   57   58                                     1.0
   30   57   59                                     1.0
   30   57   62                                     1.0
   30   57   66                                     1.0
   30   58   73                                     1.0
   30   59   93                                     1.0
   30   61   79                                     1.0
   30   65   79                                     1.0
   30   66   86                                     1.0
   30   66   92                                     1.0
   30   67   93                                     1.0
   30   69   89                                     2.0
   31   31   49                                     1.0
   31   32   46                                     1.0
   31   32   47                                     2.0
   31   32   48                                     1.0
   31   32   49                                     1.0
   31   32   50                                     1.0
   31   32   51                                     2.0
   31   32   52                                     1.0
   31   32   54                                     2.0
   31   32   78                                     1.0
   31   32   79                                     1.0
   31   32   81                                     1.0
   31   32   89                                     1.0
   31   32   96                                     1.0
   31   33   38                                     1.0
   31   33   44                                     1.0
   31   33   45                                     3.0
   31   33   46                                     3.0
   31   33   47                                     6.0
   31   33   48                                     5.0
   31   33   49                                     2.0
   31   33   50                                     1.0
   31   33   76                                     1.0
   31   33   80                                     1.0
   31   33   81                                     1.0
   31   33   83                                     1.0
   31   33   88                                     1.0
   31   34   42                                     3.0
   31   34   43                                     7.0
   31   34   44                                     5.0
   31   34   45                                     5.0
   31   34   46                                     3.0
   31   34   47                                     6.0
   31   34   48                                     2.0
   31   34   49                                     1.0
   31   34   50                                     1.0
   31   34   53                                     2.0
   31   34   56                                     2.0
   31   34   57                                     3.0
   31   34   58                                     3.0
   31   34   59                                     2.0
   31   34   62                                     2.0
   31   34   69                                     1.0
   31   34   80                                     1.0
   31   34   90                                     2.0
   31   35   39                                     1.0
   31   35   40                                     4.0
   31   35   41                                     6.0
   31   35   42                                     7.0
   31   35   43                                     4.0
   31   35   45                                     3.0
   31   35   46                                     4.0
   31   35   48                                     2.0
   31   35   50                                     2.0
   31   35   51                                     2.0
   31   35   53                                     3.0
   31   35   56                                     2.0
   31   35   59                                     3.0
   31   35   60                                     1.0
   31   35   62                                     1.0
   31   35   63                                     1.0
   31   35   67                                     1.0
   31   35   77                                     2.0
   31   36   38                                     5.0
   31   36   39                                     7.0
   31   36   40                                     2.0
   31   36   41                                     4.0
   31   36   42                                     3.0
   31   36   43                                     2.0
   31   36   46                                     2.0
   31   36   47                                     2.0
   31   36   52                                     1.0
   31   36   53                                     2.0
   31   36   55                                     1.0
   31   36   56                                     2.0
   31   36   57                                     4.0
   31   36   59                                     3.0
   31   36   60                                     4.0
   31   36   62                                     2.0
   31   36   65                                     1.0
   31   36   81                                     2.0
   31   36   84                                     1.0
   31   36   91                                     1.0
   31   36   94                                     1.0
   31   37   38                                     1.0
   31   37   39                                     2.0
   31   37   41                                     1.0
   31   37   42                                     2.0
   31   37   43                                     1.0
   31   37   44                                     1.0
   31   37   47                                     2.0
   31   37   48                                     3.0
   31   37   50                                     3.0
   31   37   52                                     2.0
   31   37   53                                     2.0
   31   37   56                                     2.0
   31   37   57                                     6.0
   31   37   58                                     1.0
   31   37   59                                     4.0
   31   37   60                                    10.0
   31   37   61                                     1.0
   31   37   62                                     2.0
   31   37   63                                     2.0
   31   37   78                                     1.0
   31   37   94                                     1.0
   31   38   40                                     1.0
   31   38   41                                     2.0
   31   38   42                                     3.0
   31   38   43                                     3.0
   31   38   44                                     3.0
   31   38   48                                     4.0
   31   38   50                                     5.0
   31   38   52                                     1.0
   31   38   53                                     4.0
   31   38   54                                     2.0
   31   38   55                                     2.0
   31   38   56                                     3.0
   31   38   57                                     7.0
   31   38   58                                     1.0
   31   38   59                                     2.0
   31   38   60                                     5.0
   31   38   62                                     1.0
   31   38   78                                     2.0
   31   38   79                                     1.0
   31   38   82                                     1.0
   31   38   88                                     1.0
   31   38   93                                     1.0
   31   38   95                                     1.0
   31   38   96                                     1.0
   31   39   43                                     6.0
   31   39   45                                     1.0
   31   39   48                                     1.0
   31   39   49                                     1.0
   31   39   50                                     4.0
   31   39   52                                     1.0
   31   39   53                                     8.0
   31   39   54                                     5.0
   31   39   55                                     6.0
   31   39   56                                     6.0
   31   39   57                                     9.0
   31   39   58                                     2.0
   31   39   59                                     1.0
   31   39   60                                     4.0
   31   39   78                                     3.0
   31   39   79                                     2.0
   31   39   82                                     2.0
   31   39   85                                     1.0
   31   39   89                                     5.0
   31   39   92                                     5.0
   31   39   95                                     1.0
   31   39   96                                     1.0
   31   39   99                                     3.0
   31   40   42                                     2.0
   31   40   43                                     2.0
   31   40   44                                     1.0
   31   40   46                                     1.0
   31   40   47                                     1.0
   31   40   48                                     1.0
   31   40   49                                     2.0
   31   40   50                                    13.0
   31   40   51                                     6.0
   31   40   52                                    10.0
   31   40   53                                     9.0
   31   40   54                                     2.0
   31   40   57                                     3.0
   31   40   58                                     3.0
   31   40   60                                     4.0
   31   40   62                                     2.0
   31   40   63                                     1.0
   31   40   82                                     3.0
   31   40   85                                     2.0
   31   40   96                                     1.0
   31   40   99                                     1.0
   31   41   41                                     1.0
   31   41   43                                     1.0
   31   41   45                                     1.0
   31   41   46                                     4.0
   31   41   47                                     9.0
   31   41   48                                    23.0
   31   41   49                                    22.0
   31   41   50                                     9.0
   31   41   51                                     1.0
   31   41   55                                     1.0
   31   41   58                                     6.0
   31   41   59                                     1.0
   31   41   60                                     4.0
   31   41   62                                     6.0
   31   41   63                                     1.0
   31   41   71                                     1.0
   31   41   74                                     2.0
   31   41   78                                     2.0
   31   41   83                                     3.0
   31   41   95                                     1.0
   31   42   44                                     1.0
   31   42   45                                     7.0
   31   42   46                                     7.0
   31   42   47                                     7.0
   31   42   48                                     4.0
   31   42   49                                     2.0
   31   42   50                                     2.0
   31   42   51                                     3.0
   31   42   53                                     3.0
   31   42   54                                     1.0
   31   42   55                                     5.0
   31   42   57                                     2.0
   31   42   58                                     2.0
   31   42   60                                     3.0
   31   42   62                                     2.0
   31   42   66                                     1.0
   31   42   70                                    11.0
   31   42   71                                     9.0
   31   42   72                                     6.0
   31   42   75                                    11.0
   31   42   83                                     2.0
   31   42   85                                     6.0
   31   42   95                                     1.0
   31   42   96                                     2.0
   31   42   97                                     1.0
   31   43   43                                     1.0
   31   43   44                                     1.0
   31   43   45                                     1.0
   31   43   46                                     2.0
   31   43   47                                     3.0
   31   43   49                                     1.0
   31   43   50                                     3.0
   31   43   51                                     1.0
   31   43   52                                     3.0
   31   43   54                                     1.0
   31   43   55                                     5.0
   31   43   60                                     2.0
   31   43   62                                     1.0
   31   43   67                                     8.0
   31   43   70                                     7.0
   31   43   71                                     5.0
   31   43   72                                     2.0
   31   43   73                                     2.0
   31   43   74                                     1.0
   31   43   75                                    15.0
   31   43   82                                     3.0
   31   43   85                                     4.0
   31   44   47                                     1.0
   31   44   50                                     2.0
   31   44   52                                     3.0
   31   44   55                                     2.0
   31   44   57                                     4.0
   31   44   58                                     5.0
   31   44   67                                     5.0
   31   44   70                                     7.0
   31   44   72                                     2.0
   31   44   73                                     1.0
   31   44   74                                     3.0
   31   44   75                                    14.0
   31   44   76                                     2.0
   31   44   85                                     2.0
   31   45   49                                     1.0
   31   45   50                                     2.0
   31   45   52                                     3.0
   31   45   53                                     3.0
   31   45   54                                     2.0
   31   45   57                                     1.0
   31   45   58                                     3.0
   31   45   59                                     3.0
   31   45   60                                     3.0
   31   45   67                                     3.0
   31   45   71                                     2.0
   31   45   72                                     2.0
   31   45   73                                     1.0
   31   45   74                                     1.0
   31   45   75                                     8.0
   31   45   76                                     2.0
   31   45   85                                     2.0
   31   45   96                                     1.0
   31   45   97                                     3.0
   31   45   98                                     2.0
   31   46   49                                     2.0
   31   46   51                                     3.0
   31   46   53                                     1.0
   31   46   54                                     1.0
   31   46   55                                     2.0
   31   46   56                                     4.0
   31   46   57                                     4.0
   31   46   58                                    12.0
   31   46   59                                     5.0
   31   46   60                                     1.0
   31   46   62                                     1.0
   31   46   64                                     1.0
   31   46   65                                     1.0
   31   46   67                                     7.0
   31   46   70                                     4.0
   31   46   74                                     1.0
   31   46   75                                     6.0
   31   46   85                                     2.0
   31   47   50                                     2.0
   31   47   51                                     8.0
   31   47   53                                     7.0
   31   47   54                                     3.0
   31   47   55                                     2.0
   31   47   56                                     3.0
   31   47   57                                     4.0
   31   47   58                                     3.0
   31   47   62                                     4.0
   31   47   63                                     1.0
   31   47   65                                     3.0
   31   47   67                                     2.0
   31   47   71                                     1.0
   31   47   72                                     3.0
   31   47   73                                     1.0
   31   47   74                                     1.0
   31   47   75                                     5.0
   31   47   76                                     3.0
   31   47   78                                     1.0
   31   47   85                                    13.0
   31   47   86                                     1.0
   31   47   88                                     8.0
   31   47   93                                     1.0
   31   47   94                                     3.0
   31   47   96                                    15.0
   31   48   49                                     3.0
   31   48   50                                     2.0
   31   48   51                                     5.0
   31   48   52                                     1.0
   31   48   53                                     2.0
   31   48   54                                     3.0
   31   48   57                                     1.0
   31   48   58                                     3.0
   31   48   62                                    10.0
   31   48   63                                     1.0
   31   48   65                                     1.0
   31   48   67                                     5.0
   31   48   75                                     4.0
   31   48   85                                     8.0
   31   48   88                                     8.0
   31   48   93                                     2.0
   31   48   94                                     6.0
   31   48   96                                     6.0
   31   49   50                                     2.0
   31   49   52                                     1.0
   31   49   53                                     1.0
   31   49   55                                     2.0
   31   49   56                                     3.0
   31   49   57                                     1.0
   31   49   58                                     6.0
   31   49   61                                     6.0
   31   49   62                                     6.0
   31   49   65                                     1.0
   31   49   70                                     3.0
   31   49   85                                     5.0
   31   49   86                                     1.0
   31   49   88                                     4.0
   31   49   93                                     1.0
   31   49   94                                     3.0
   31   49   96                                     4.0
   31   50   51                                     1.0
   31   50   52                                     1.0
   31   50   55                                     2.0
   31   50   56                                     4.0
   31   50   58                                     2.0
   31   50   60                                     4.0
   31   50   61                                     3.0
   31   50   62                                     6.0
   31   50   67                                     2.0
   31   50   75                                     2.0
   31   50   76                                     2.0
   31   50   83                                     2.0
   31   50   85                                     1.0
   31   50   86                                     3.0
   31   50   88                                     4.0
   31   50   94                                     4.0
   31   50   96                                     5.0
   31   50   97                                     3.0
   31   51   51                                     1.0
   31   51   55                                     3.0
   31   51   60                                     4.0
   31   51   61                                     3.0
   31   51   62                                     3.0
   31   51   64                                     4.0
   31   51   75                                     1.0
   31   51   76                                     3.0
   31   51   85                                     4.0
   31   51   94                                     4.0
   31   52   57                                     1.0
   31   52   58                                     2.0
   31   52   60                                     8.0
   31   52   61                                     1.0
   31   52   62                                     8.0
   31   52   64                                     4.0
   31   52   67                                     3.0
   31   52   71                                     2.0
   31   52   74                                     2.0
   31   52   82                                     1.0
   31   52   83                                     2.0
   31   52   84                                     1.0
   31   52   88                                     4.0
   31   52   96                                     5.0
   31   53   54                                     2.0
   31   53   57                                     1.0
   31   53   58                                     1.0
   31   53   60                                     4.0
   31   53   61                                     3.0
   31   53   62                                     2.0
   31   53   63                                     3.0
   31   53   68                                     2.0
   31   53   70                                     1.0
   31   53   71                                     5.0
   31   53   74                                     4.0
   31   53   78                                     1.0
   31   53   82                                     2.0
   31   53   83                                     8.0
   31   53   85                                     1.0
   31   54   55                                     2.0
   31   54   56                                     1.0
   31   54   57                                     2.0
   31   54   58                                     1.0
   31   54   59                                     1.0
   31   54   60                                     3.0
   31   54   61                                     5.0
   31   54   63                                     2.0
   31   54   64                                     1.0
   31   54   68                                     2.0
   31   54   71                                     5.0
   31   54   74                                     2.0
   31   54   78                                     2.0
   31   54   82                                     5.0
   31   54   83                                     9.0
   31   54   94                                     1.0
   31   54   95                                     3.0
   31   55   56                                     1.0
   31   55   57                                     1.0
   31   55   59                                     1.0
   31   55   62                                     1.0
   31   55   63                                     4.0
   31   55   64                                     1.0
   31   55   69                                     1.0
   31   55   71                                     2.0
   31   55   74                                     2.0
   31   55   76                                     2.0
   31   55   77                                     2.0
   31   55   78                                     1.0
   31   55   82                                     3.0
   31   55   83                                     4.0
   31   55   86                                     1.0
   31   56   58                                     1.0
   31   56   62                                     1.0
   31   56   63                                     2.0
   31   56   64                                     1.0
   31   56   68                                     1.0
   31   56   71                                     3.0
   31   56   73                                     1.0
   31   56   74                                     2.0
   31   56   75                                     1.0
   31   56   82                                     1.0
   31   56   83                                     3.0
   31   56   91                                     1.0
   31   57   58                                     1.0
   31   57   59                                     3.0
   31   57   60                                     3.0
   31   57   62                                     1.0
   31   57   67                                     1.0
   31   57   73                                     1.0
   31   57   74                                     5.0
   31   57   75                                     1.0
   31   57   79                                     1.0
   31   57   82                                     2.0
   31   57   83                                     5.0
   31   57   84                                     1.0
   31   57   85                                     2.0
   31   57   86                                     1.0
   31   57   89                                     1.0
   31   57   93                                     1.0
   31   58   62                                     1.0
   31   58   63                                     2.0
   31   58   68                                     1.0
   31   58   75                                     1.0
   31   58   76                                     1.0
   31   58   83                                     1.0
   31   58   96                                     2.0
   31   58   97                                     2.0
   31   59   71                                     2.0
   31   59   72                                     1.0
   31   59   73                                     1.0
   31   59   79                                     1.0
   31   59   83                                     3.0
   31   59   85                                     1.0
   31   59   86                                     2.0
   31   59   88                                     2.0
   31   60   70                                     1.0
   31   60   74                                     1.0
   31   60   75                                     1.0
   31   60   76                                     1.0
   31   60   94                                     1.0
   31   61   74                                     2.0
   31   61   83                                     4.0
   31   62   66                                     1.0
   31   62   74                                     2.0
   31   62   83                                     1.0
   31   62   96                                     1.0
   31   62   97                                     1.0
   31   63   75                                     1.0
   31   63   76                                     1.0
   31   63   77                                     1.0
   31   64   83                                     3.0
   31   65   79                                     1.0
   31   65   82                                     1.0
   31   66   67                                     1.0
   31   68   78                                     1.0
   31   68   80                                     1.0
   31   68   82                                     1.0
   31   69   76                                     1.0
   31   71   93                                     1.0
   31   78   89                                     1.0
   31   79   85                                     1.0
   32   32   53                                     1.0
   32   33   43                                     3.0
   32   33   44                                     2.0
   32   33   45                                     3.0
   32   33   46                                     2.0
   32   33   48                                     3.0
   32   33   49                                     1.0
   32   33   53                                     1.0
   32   33   59                                     1.0
   32   33   62                                     1.0
   32   33   98                                     1.0
   32   34   41                                     5.0
   32   34   42                                     3.0
   32   34   43                                     5.0
   32   34   44                                     2.0
   32   34   45                                     3.0
   32   34   46                                     2.0
   32   34   47                                     1.0
   32   34   48                                     3.0
   32   34   50                                     1.0
   32   34   51                                     2.0
   32   34   53                                     2.0
   32   34   56                                     3.0
   32   34   57                                     1.0
   32   34   60                                     1.0
   32   35   38                                     1.0
   32   35   39                                     4.0
   32   35   40                                     8.0
   32   35   41                                     1.0
   32   35   42                                     1.0
   32   35   43                                     5.0
   32   35   44                                     1.0
   32   35   45                                     2.0
   32   35   46                                     2.0
   32   35   48                                     2.0
   32   35   50                                     3.0
   32   35   51                                     1.0
   32   35   56                                     3.0
   32   35   59                                     1.0
   32   35   60                                     2.0
   32   35   88                                     1.0
   32   36   38                                     1.0
   32   36   39                                     4.0
   32   36   40                                     1.0
   32   36   41                                     9.0
   32   36   42                                     2.0
   32   36   43                                     2.0
   32   36   44                                     4.0
   32   36   45                                     3.0
   32   36   47                                     1.0
   32   36   48                                     3.0
   32   36   53                                     1.0
   32   36   55                                     1.0
   32   36   62                                     1.0
   32   36   63                                     1.0
   32   36   66                                     1.0
   32   37   38                                     1.0
   32   37   39                                     3.0
   32   37   40                                     3.0
   32   37   41                                     4.0
   32   37   43                                     1.0
   32   37   44                                     3.0
   32   37   45                                     1.0
   32   37   48                                     3.0
   32   37   52                                     1.0
   32   37   56                                     2.0
   32   37   57                                     2.0
   32   37   60                                     2.0
   32   37   75                                     1.0
   32   37   79                                     1.0
   32   37   81                                     1.0
   32   37   85                                     1.0
   32   38   39                                     1.0
   32   38   40                                     3.0
   32   38   43                                     1.0
   32   38   45                                     1.0
   32   38   48                                     1.0
   32   38   54                                     2.0
   32   38   55                                     2.0
   32   38   56                                     2.0
   32   38   57                                     1.0
   32   38   73                                     2.0
   32   38   75                                     2.0
   32   38   76                                     2.0
   32   38   79                                     1.0
   32   38   89                                     1.0
   32   38   91                                     1.0
   32   38   92                                     1.0
   32   38   99                                     1.0
   32   39   39                                     1.0
   32   39   43                                     1.0
   32   39   44                                     1.0
   32   39   46                                     1.0
   32   39   48                                     1.0
   32   39   49                                     1.0
   32   39   50                                     1.0
   32   39   52                                     3.0
   32   39   53                                     8.0
   32   39   54                                     5.0
   32   39   55                                     4.0
   32   39   56                                     3.0
   32   39   57                                     1.0
   32   39   59                                     2.0
   32   39   61                                     1.0
   32   39   62                                     1.0
   32   39   75                                     1.0
   32   39   76                                     1.0
   32   39   79                                     4.0
   32   39   81                                     3.0
   32   39   82                                     1.0
   32   39   90                                     2.0
   32   39   94                                     1.0
   32   39   99                                     1.0
   32   40   44                                     1.0
   32   40   47                                     1.0
   32   40   48                                     2.0
   32   40   49                                     6.0
   32   40   50                                     9.0
   32   40   51                                    10.0
   32   40   52                                     5.0
   32   40   53                                     2.0
   32   40   57                                     1.0
   32   40   58                                     1.0
   32   40   59                                     4.0
   32   40   60                                     1.0
   32   40   61                                     5.0
   32   41   45                                     2.0
   32   41   46                                     5.0
   32   41   47                                     6.0
   32   41   48                                    11.0
   32   41   49                                     7.0
   32   41   50                                     3.0
   32   41   53                                     1.0
   32   41   55                                     2.0
   32   41   56                                     1.0
   32   41   57                                     3.0
   32   41   58                                     1.0
   32   41   59                                     2.0
   32   41   65                                     3.0
   32   41   69                                     6.0
   32   41   70                                     5.0
   32   41   73                                     3.0
   32   41   74                                     2.0
   32   41   78                                     2.0
   32   42   44                                     4.0
   32   42   45                                     8.0
   32   42   46                                     6.0
   32   42   47                                     8.0
   32   42   48                                     1.0
   32   42   49                                     1.0
   32   42   50                                     2.0
   32   42   51                                     2.0
   32   42   52                                     1.0
   32   42   54                                     5.0
   32   42   57                                     1.0
   32   42   58                                     2.0
   32   42   63                                     1.0
   32   42   64                                     1.0
   32   42   65                                     1.0
   32   42   69                                     3.0
   32   42   70                                     1.0
   32   42   73                                     1.0
   32   42   74                                     1.0
   32   42   80                                     1.0
   32   42   82                                     1.0
   32   42   85                                     1.0
   32   43   43                                     1.0
   32   43   44                                     4.0
   32   43   45                                     2.0
   32   43   46                                     1.0
   32   43   47                                     3.0
   32   43   48                                     3.0
   32   43   50                                     3.0
   32   43   52                                     3.0
   32   43   54                                     3.0
   32   43   57                                     2.0
   32   43   58                                     1.0
   32   43   60                                     2.0
   32   43   61                                     1.0
   32   43   62                                     2.0
   32   43   65                                     1.0
   32   43   66                                     2.0
   32   43   70                                     1.0
   32   43   73                                     1.0
   32   43   74                                     1.0
   32   43   95                                     1.0
   32   43   98                                     1.0
   32   44   46                                     3.0
   32   44   47                                     1.0
   32   44   48                                     1.0
   32   44   49                                     2.0
   32   44   50                                     2.0
   32   44   52                                     4.0
   32   44   54                                     2.0
   32   44   56                                     1.0
   32   44   57                                     2.0
   32   44   66                                     1.0
   32   44   70                                     1.0
   32   44   71                                     1.0
   32   44   73                                     1.0
   32   44   76                                     1.0
   32   44   79                                     1.0
   32   44   83                                     1.0
   32   44   89                                     2.0
   32   44   94                                     2.0
   32   45   47                                     1.0
   32   45   50                                     2.0
   32   45   51                                     2.0
   32   45   54                                     3.0
   32   45   57                                     1.0
   32   45   58                                     1.0
   32   45   59                                     5.0
   32   45   60                                     6.0
   32   45   66                                     1.0
   32   45   70                                     1.0
   32   45   76                                     1.0
   32   45   97                                     1.0
   32   46   49                                     3.0
   32   46   52                                     1.0
   32   46   53                                     1.0
   32   46   54                                     4.0
   32   46   55                                     3.0
   32   46   56                                     9.0
   32   46   57                                     9.0
   32   46   58                                     5.0
   32   46   59                                     3.0
   32   46   60                                     1.0
   32   46   62                                     3.0
   32   46   64                                     4.0
   32   46   70                                     1.0
   32   46   84                                     2.0
   32   46   85                                     1.0
   32   46   86                                     1.0
   32   46   94                                     1.0
   32   47   50                                     3.0
   32   47   51                                     5.0
   32   47   52                                     5.0
   32   47   53                                     2.0
   32   47   54                                     4.0
   32   47   55                                     2.0
   32   47   56                                     2.0
   32   47   57                                     1.0
   32   47   58                                     2.0
   32   47   59                                     2.0
   32   47   62                                     3.0
   32   47   64                                     2.0
   32   47   66                                     1.0
   32   47   69                                     1.0
   32   47   70                                     1.0
   32   47   71                                     2.0
   32   47   76                                     1.0
   32   47   78                                     2.0
   32   47   81                                     1.0
   32   47   84                                     4.0
   32   47   85                                     4.0
   32   47   86                                     3.0
   32   47   87                                     3.0
   32   47   90                                     3.0
   32   47   92                                     1.0
   32   47   94                                     3.0
   32   48   49                                     2.0
   32   48   50                                     3.0
   32   48   51                                     2.0
   32   48   52                                     1.0
   32   48   53                                     3.0
   32   48   54                                     1.0
   32   48   55                                     1.0
   32   48   56                                     3.0
   32   48   57                                     2.0
   32   48   58                                     3.0
   32   48   59                                     2.0
   32   48   61                                     3.0
   32   48   62                                     6.0
   32   48   75                                     1.0
   32   48   84                                     1.0
   32   48   85                                     1.0
   32   48   86                                     1.0
   32   48   87                                     1.0
   32   48   90                                     1.0
   32   48   92                                     1.0
   32   48   93                                     1.0
   32   48   94                                     1.0
   32   49   50                                     1.0
   32   49   51                                     1.0
   32   49   54                                     1.0
   32   49   55                                     3.0
   32   49   56                                     1.0
   32   49   58                                     3.0
   32   49   60                                     1.0
   32   49   61                                     5.0
   32   49   62                                     3.0
   32   49   70                                     2.0
   32   49   85                                     3.0
   32   49   86                                     2.0
   32   49   87                                     1.0
   32   49   93                                     1.0
   32   49   94                                     1.0
   32   50   53                                     1.0
   32   50   55                                     3.0
   32   50   56                                     1.0
   32   50   58                                     2.0
   32   50   59                                     1.0
   32   50   60                                     1.0
   32   50   61                                     3.0
   32   50   62                                     3.0
   32   50   73                                     1.0
   32   50   75                                     2.0
   32   50   83                                     2.0
   32   50   87                                     1.0
   32   50   92                                     1.0
   32   50   93                                     1.0
   32   50   97                                     2.0
   32   51   54                                     1.0
   32   51   55                                     2.0
   32   51   58                                     1.0
   32   51   60                                     1.0
   32   51   61                                     4.0
   32   51   62                                     2.0
   32   51   64                                     5.0
   32   51   72                                     2.0
   32   51   85                                     1.0
   32   51   91                                     1.0
   32   51   93                                     1.0
   32   51   94                                     1.0
   32   52   54                                     1.0
   32   52   57                                     2.0
   32   52   58                                     3.0
   32   52   59                                     1.0
   32   52   60                                     4.0
   32   52   61                                     4.0
   32   52   62                                     6.0
   32   52   64                                     5.0
   32   52   65                                     1.0
   32   52   66                                     1.0
   32   52   67                                     1.0
   32   52   68                                     2.0
   32   52   71                                     8.0
   32   52   72                                     2.0
   32   52   74                                     2.0
   32   52   87                                     1.0
   32   53   56                                     3.0
   32   53   58                                     3.0
   32   53   60                                     3.0
   32   53   61                                     3.0
   32   53   62                                     3.0
   32   53   63                                     1.0
   32   53   64                                     1.0
   32   53   65                                     2.0
   32   53   68                                     8.0
   32   53   71                                     8.0
   32   53   72                                     1.0
   32   53   74                                     5.0
   32   53   82                                     4.0
   32   54   55                                     1.0
   32   54   56                                     1.0
   32   54   58                                     1.0
   32   54   60                                     1.0
   32   54   61                                     4.0
   32   54   63                                    10.0
   32   54   65                                     1.0
   32   54   68                                     7.0
   32   54   71                                     9.0
   32   54   72                                     1.0
   32   54   74                                     2.0
   32   54   81                                     2.0
   32   54   82                                     6.0
   32   54   93                                     1.0
   32   55   57                                     1.0
   32   55   59                                     1.0
   32   55   61                                     2.0
   32   55   63                                     5.0
   32   55   65                                     1.0
   32   55   69                                     2.0
   32   55   70                                     1.0
   32   55   71                                     3.0
   32   55   74                                     3.0
   32   55   81                                     1.0
   32   55   82                                     3.0
   32   56   60                                     1.0
   32   56   61                                     1.0
   32   56   63                                     5.0
   32   56   66                                     1.0
   32   56   68                                     4.0
   32   56   69                                     2.0
   32   56   70                                     1.0
   32   56   71                                     5.0
   32   56   72                                     1.0
   32   56   81                                     1.0
   32   56   82                                     1.0
   32   57   58                                     1.0
   32   57   59                                     1.0
   32   57   60                                     1.0
   32   57   65                                     1.0
   32   57   70                                     2.0
   32   57   74                                     4.0
   32   57   81                                     1.0
   32   57   82                                     3.0
   32   57   85                                     2.0
   32   58   62                                     2.0
   32   58   63                                     2.0
   32   58   66                                     1.0
   32   58   67                                     2.0
   32   58   68                                     1.0
   32   58   71                                     1.0
   32   58   96                                     2.0
   32   59   62                                     1.0
   32   59   66                                     1.0
   32   59   70                                     1.0
   32   59   71                                     2.0
   32   59   82                                     1.0
   32   59   85                                     1.0
   32   59   88                                     2.0
   32   60   66                                     1.0
   32   60   70                                     3.0
   32   60   81                                     1.0
   32   61   71                                     1.0
   32   61   73                                     1.0
   32   61   74                                     1.0
   32   61   82                                     2.0
   32   62   65                                     2.0
   32   62   66                                     1.0
   32   62   96                                     2.0
   32   63   74                                     2.0
   32   64   72                                     1.0
   32   64   82                                     1.0
   32   65   82                                     1.0
   33   33   43                                     1.0
   33   33   44                                     1.0
   33   33   47                                     1.0
   33   34   39                                     1.0
   33   34   40                                     3.0
   33   34   41                                     3.0
   33   34   45                                     2.0
   33   34   60                                     1.0
   33   34   62                                     1.0
   33   35   38                                     3.0
   33   35   39                                     4.0
   33   35   40                                     1.0
   33   35   41                                     3.0
   33   35   43                                     2.0
   33   35   45                                     1.0
   33   35   46                                     2.0
   33   35   56                                     1.0
   33   35   67                                     1.0
   33   35   79                                     1.0
   33   36   37                                     2.0
   33   36   38                                     1.0
   33   36   39                                     3.0
   33   36   40                                     1.0
   33   36   41                                     1.0
   33   36   42                                     1.0
   33   36   43                                     3.0
   33   36   50                                     1.0
   33   36   59                                     1.0
   33   36   75                                     1.0
   33   36   77                                     1.0
   33   36   98                                     1.0
   33   36  100                                     1.0
   33   37   37                                     1.0
   33   37   40                                     1.0
   33   37   44                                     1.0
   33   37   48                                     1.0
   33   37   50                                     1.0
   33   37   53                                     2.0
   33   37   54                                     1.0
   33   37   55                                     1.0
   33   37   59                                     1.0
   33   37   64                                     1.0
   33   37   65                                     1.0
   33   37   72                                     1.0
   33   37   73                                     2.0
   33   37   88                                     1.0
   33   37   91                                     1.0
   33   37   95                                     1.0
   33   37   98                                     2.0
   33   37   99                                     2.0
   33   37  100                                     1.0
   33   38   43                                     1.0
   33   38   47                                     1.0
   33   38   48                                     1.0
   33   38   52                                     1.0
   33   38   53                                     3.0
   33   38   54                                     1.0
   33   38   60                                     1.0
   33   38   69                                     1.0
   33   38   71                                     2.0
   33   38   72                                     4.0
   33   38   73                                     7.0
   33   38   76                                     1.0
   33   38   79                                     1.0
   33   38   82                                     1.0
   33   38   90                                     1.0
   33   38   95                                     2.0
   33   38   97                                     1.0
   33   38   98                                     1.0
   33   38   99                                     1.0
   33   38  100                                     1.0
   33   39   39                                     1.0
   33   39   42                                     1.0
   33   39   49                                     2.0
   33   39   50                                     5.0
   33   39   51                                    16.0
   33   39   52                                    15.0
   33   39   53                                     9.0
   33   39   56                                     1.0
   33   39   60                                     1.0
   33   39   62                                     1.0
   33   39   63                                     1.0
   33   39   70                                     3.0
   33   39   71                                     2.0
   33   39   72                                     3.0
   33   39   73                                     8.0
   33   39   76                                     1.0
   33   39   90                                     2.0
   33   39   97                                     4.0
   33   40   42                                     1.0
   33   40   46                                     9.0
   33   40   47                                    21.0
   33   40   48                                    23.0
   33   40   49                                    22.0
   33   40   50                                    22.0
   33   40   51                                     8.0
   33   40   52                                     2.0
   33   40   53                                     1.0
   33   40   57                                     1.0
   33   40   61                                     1.0
   33   40   84                                     1.0
   33   40   85                                     1.0
   33   40   98                                     1.0
   33   41   45                                     6.0
   33   41   46                                     8.0
   33   41   47                                     6.0
   33   41   48                                     5.0
   33   41   49                                     4.0
   33   41   50                                     1.0
   33   41   51                                     4.0
   33   41   52                                     2.0
   33   41   53                                     4.0
   33   41   54                                     3.0
   33   41   55                                     2.0
   33   41   57                                     1.0
   33   41   59                                     1.0
   33   41   69                                     1.0
   33   41   77                                     1.0
   33   41   82                                     1.0
   33   42   43                                     2.0
   33   42   44                                     4.0
   33   42   45                                     2.0
   33   42   46                                     4.0
   33   42   48                                     5.0
   33   42   49                                     2.0
   33   42   50                                     2.0
   33   42   51                                     3.0
   33   42   52                                     2.0
   33   42   53                                     2.0
   33   42   54                                     2.0
   33   42   55                                     2.0
   33   42   57                                     1.0
   33   42   60                                     1.0
   33   42   64                                     1.0
   33   42   70                                     1.0
   33   42   80                                     1.0
   33   43   43                                     1.0
   33   43   45                                     3.0
   33   43   46                                     2.0
   33   43   48                                     2.0
   33   43   50                                     3.0
   33   43   51                                     1.0
   33   43   54                                     1.0
   33   43   60                                     1.0
   33   43   61                                     1.0
   33   43   69                                     1.0
   33   43   95                                     1.0
   33   44   45                                     2.0
   33   44   48                                     1.0
   33   44   51                                     1.0
   33   44   52                                     2.0
   33   44   54                                     1.0
   33   44   56                                     1.0
   33   44   58                                     1.0
   33   44   63                                     1.0
   33   44   65                                     1.0
   33   44   89                                     1.0
   33   44   93                                     1.0
   33   44   94                                     4.0
   33   45   50                                     1.0
   33   45   59                                     1.0
   33   45   62                                     2.0
   33   45   74                                     1.0
   33   45   87                                     5.0
   33   45   91                                     4.0
   33   45   94                                     1.0
   33   46   48                                     1.0
   33   46   50                                     1.0
   33   46   52                                     4.0
   33   46   53                                     3.0
   33   46   54                                     4.0
   33   46   55                                    11.0
   33   46   56                                     2.0
   33   46   58                                     3.0
   33   46   60                                     2.0
   33   47   50                                     1.0
   33   47   51                                     5.0
   33   47   52                                     9.0
   33   47   53                                     6.0
   33   47   54                                     5.0
   33   47   55                                     3.0
   33   47   56                                     3.0
   33   47   57                                     1.0
   33   47   58                                     2.0
   33   47   60                                     2.0
   33   47   61                                     3.0
   33   47   62                                     2.0
   33   47   64                                     1.0
   33   47   67                                     1.0
   33   47   69                                     1.0
   33   47   70                                     3.0
   33   47   71                                     2.0
   33   47   74                                     1.0
   33   47   78                                     1.0
   33   48   50                                     5.0
   33   48   51                                     2.0
   33   48   52                                     4.0
   33   48   53                                     5.0
   33   48   54                                     1.0
   33   48   55                                     3.0
   33   48   56                                     3.0
   33   48   58                                     4.0
   33   48   60                                     1.0
   33   48   61                                     4.0
   33   48   62                                     5.0
   33   48   64                                     1.0
   33   48   67                                     2.0
   33   48   70                                     1.0
   33   48   71                                     1.0
   33   48   73                                     1.0
   33   48   74                                     2.0
   33   49   49                                     1.0
   33   49   50                                     4.0
   33   49   51                                     1.0
   33   49   52                                     1.0
   33   49   53                                     3.0
   33   49   55                                     2.0
   33   49   58                                     1.0
   33   49   60                                     1.0
   33   49   61                                     3.0
   33   49   62                                     2.0
   33   49   63                                     1.0
   33   49   64                                     1.0
   33   49   67                                     1.0
   33   49   71                                     1.0
   33   49   74                                     1.0
   33   49   85                                     1.0
   33   49   90                                     1.0
   33   50   52                                     3.0
   33   50   53                                     1.0
   33   50   54                                     1.0
   33   50   55                                     1.0
   33   50   57                                     2.0
   33   50   61                                     2.0
   33   50   62                                     2.0
   33   50   64                                     1.0
   33   50   70                                     1.0
   33   50   71                                     1.0
   33   50   83                                     1.0
   33   50   84                                     1.0
   33   50   90                                     1.0
   33   51   58                                     2.0
   33   51   61                                     2.0
   33   51   62                                     2.0
   33   51   66                                     1.0
   33   51   68                                     2.0
   33   51   74                                     1.0
   33   52   57                                     2.0
   33   52   58                                     3.0
   33   52   59                                     4.0
   33   52   61                                     4.0
   33   52   62                                     4.0
   33   52   64                                     3.0
   33   52   66                                     3.0
   33   52   68                                     3.0
   33   52   70                                     3.0
   33   52   74                                     1.0
   33   52   81                                     1.0
   33   52   85                                     1.0
   33   52   86                                     1.0
   33   53   55                                     1.0
   33   53   56                                     1.0
   33   53   57                                     3.0
   33   53   58                                     1.0
   33   53   59                                     5.0
   33   53   61                                     1.0
   33   53   62                                     4.0
   33   53   64                                     2.0
   33   53   66                                     3.0
   33   53   67                                     3.0
   33   53   70                                     2.0
   33   53   74                                     2.0
   33   53   79                                     1.0
   33   53   81                                     2.0
   33   53   91                                     1.0
   33   54   55                                     1.0
   33   54   56                                     1.0
   33   54   58                                     1.0
   33   54   59                                     1.0
   33   54   60                                     2.0
   33   54   62                                     3.0
   33   54   63                                     1.0
   33   54   64                                     1.0
   33   54   66                                     2.0
   33   54   67                                     2.0
   33   54   70                                     3.0
   33   54   74                                     1.0
   33   54   79                                     2.0
   33   54   81                                     1.0
   33   55   56                                     1.0
   33   55   58                                     1.0
   33   55   59                                     1.0
   33   55   61                                     2.0
   33   55   62                                     1.0
   33   55   63                                     1.0
   33   55   64                                     2.0
   33   55   66                                     2.0
   33   55   70                                     2.0
   33   55   74                                     1.0
   33   55   79                                     1.0
   33   55   81                                     1.0
   33   56   62                                     2.0
   33   56   63                                     1.0
   33   56   65                                     1.0
   33   56   67                                     2.0
   33   56   69                                     1.0
   33   56   70                                     2.0
   33   57   64                                     1.0
   33   57   74                                     1.0
   33   57   79                                     1.0
   33   57   81                                     1.0
   33   57   84                                     1.0
   33   58   62                                     1.0
   33   58   64                                     1.0
   33   58   65                                     1.0
   33   58   67                                     1.0
   33   58   73                                     1.0
   33   59   61                                     1.0
   33   59   64                                     1.0
   33   59   70                                     1.0
   33   59   79                                     1.0
   33   59   85                                     1.0
   33   60   69                                     1.0
   33   60   87                                     1.0
   33   61   73                                     1.0
   33   61   81                                     1.0
   33   62   95                                     1.0
   33   63   73                                     1.0
   34   34   41                                     1.0
   34   35   38                                     2.0
   34   35   40                                     1.0
   34   35   43                                     2.0
   34   35   45                                     1.0
   34   35   56                                     1.0
   34   35   99                                     1.0
   34   36   37                                     1.0
   34   36   41                                     2.0
   34   36   54                                     1.0
   34   36   63                                     1.0
   34   36   72                                     2.0
   34   36   76                                     1.0
   34   36   88                                     1.0
   34   36   95                                     1.0
   34   37   38                                     1.0
   34   37   46                                     1.0
   34   37   47                                     1.0
   34   37   53                                     1.0
   34   37   59                                     1.0
   34   37   60                                     1.0
   34   37   71                                     2.0
   34   37   73                                     1.0
   34   37   76                                     1.0
   34   37   79                                     1.0
   34   37   82                                     1.0
   34   37   97                                     2.0
   34   38   38                                     1.0
   34   38   50                                     1.0
   34   38   51                                     1.0
   34   38   52                                     3.0
   34   38   53                                     3.0
   34   38   54                                     2.0
   34   38   56                                     1.0
   34   38   63                                     1.0
   34   38   65                                     1.0
   34   38   69                                     1.0
   34   38   70                                     5.0
   34   38   71                                    10.0
   34   38   72                                     2.0
   34   38   73                                     2.0
   34   38   76                                     2.0
   34   38   77                                     1.0
   34   38   84                                     1.0
   34   38   92                                     1.0
   34   38   97                                     1.0
   34   39   48                                     4.0
   34   39   49                                    10.0
   34   39   50                                    14.0
   34   39   51                                    12.0
   34   39   52                                     6.0
   34   39   53                                     5.0
   34   39   54                                     2.0
   34   39   62                                     5.0
   34   39   63                                     3.0
   34   39   65                                     5.0
   34   39   67                                     3.0
   34   39   69                                     3.0
   34   39   70                                     3.0
   34   39   71                                     1.0
   34   39   72                                     1.0
   34   39   74                                     2.0
   34   39   75                                     3.0
   34   39   76                                     5.0
   34   39   83                                     1.0
   34   39   92                                     1.0
   34   40   46                                    18.0
   34   40   47                                    18.0
   34   40   48                                    18.0
   34   40   49                                    12.0
   34   40   50                                     1.0
   34   40   97                                     1.0
   34   41   44                                     5.0
   34   41   45                                    18.0
   34   41   46                                     5.0
   34   41   47                                     3.0
   34   41   48                                     4.0
   34   41   49                                     1.0
   34   41   50                                     2.0
   34   41   53                                     3.0
   34   41   55                                     5.0
   34   41   60                                     1.0
   34   41   64                                     1.0
   34   41   80                                     2.0
   34   42   43                                     1.0
   34   42   44                                     4.0
   34   42   45                                     5.0
   34   42   46                                     3.0
   34   42   47                                     3.0
   34   42   49                                     1.0
   34   42   50                                     2.0
   34   42   52                                     1.0
   34   42   53                                     1.0
   34   42   58                                     1.0
   34   42   60                                     1.0
   34   42   97                                     1.0
   34   43   45                                     3.0
   34   43   47                                     1.0
   34   43   56                                     1.0
   34   43   59                                     1.0
   34   43   61                                     1.0
   34   43   81                                     1.0
   34   43   85                                     1.0
   34   43   89                                     1.0
   34   43   91                                     1.0
   34   43   95                                     1.0
   34   44   46                                     1.0
   34   44   47                                     1.0
   34   44   49                                     1.0
   34   44   50                                     1.0
   34   44   53                                     1.0
   34   44   56                                     1.0
   34   44   62                                     1.0
   34   44   70                                     1.0
   34   44   81                                     4.0
   34   44   82                                     5.0
   34   44   85                                     5.0
   34   44   90                                     4.0
   34   44   93                                     1.0
   34   45   55                                     1.0
   34   45   56                                     3.0
   34   45   62                                     1.0
   34   45   80                                    17.0
   34   45   85                                     6.0
   34   45   86                                     5.0
   34   45   87                                     1.0
   34   45   90                                     1.0
   34   45   92                                     2.0
   34   46   52                                     1.0
   34   46   53                                     6.0
   34   46   54                                     9.0
   34   46   55                                     4.0
   34   46   56                                     3.0
   34   46   63                                     1.0
   34   46   69                                     1.0
   34   47   50                                     2.0
   34   47   51                                     5.0
   34   47   52                                     5.0
   34   47   53                                     5.0
   34   47   54                                     4.0
   34   47   55                                     1.0
   34   47   56                                     3.0
   34   47   57                                     1.0
   34   47   58                                     2.0
   34   47   62                                     3.0
   34   48   49                                     2.0
   34   48   50                                     2.0
   34   48   51                                     4.0
   34   48   52                                     1.0
   34   48   53                                     2.0
   34   48   54                                     3.0
   34   48   55                                     1.0
   34   48   56                                     1.0
   34   48   57                                     1.0
   34   48   58                                     1.0
   34   48   62                                     1.0
   34   48   85                                     1.0
   34   48   95                                     1.0
   34   49   49                                     1.0
   34   49   52                                     2.0
   34   49   54                                     2.0
   34   49   57                                     1.0
   34   49   58                                     1.0
   34   49   61                                     1.0
   34   49   65                                     1.0
   34   49   82                                     1.0
   34   50   51                                     1.0
   34   50   57                                     1.0
   34   50   58                                     1.0
   34   50   93                                     2.0
   34   51   51                                     1.0
   34   51   53                                     1.0
   34   51   61                                     1.0
   34   51   67                                     1.0
   34   51   93                                     3.0
   34   52   56                                     2.0
   34   52   57                                     4.0
   34   52   58                                     1.0
   34   52   61                                     1.0
   34   52   66                                     1.0
   34   52   67                                     3.0
   34   52   70                                     3.0
   34   52   73                                     1.0
   34   53   55                                     1.0
   34   53   56                                     2.0
   34   53   57                                     1.0
   34   53   59                                     1.0
   34   53   61                                     3.0
   34   53   62                                     3.0
   34   53   66                                     2.0
   34   53   67                                     5.0
   34   53   69                                     2.0
   34   53   70                                     2.0
   34   53   71                                     1.0
   34   53   73                                     2.0
   34   53  100                                     1.0
   34   54   55                                     1.0
   34   54   56                                     2.0
   34   54   58                                     1.0
   34   54   59                                     1.0
   34   54   61                                     1.0
   34   54   62                                     5.0
   34   54   66                                     2.0
   34   54   67                                     2.0
   34   54   69                                     1.0
   34   54   70                                     1.0
   34   54   73                                     1.0
   34   55   57                                     1.0
   34   55   59                                     1.0
   34   55   62                                     2.0
   34   55   66                                     1.0
   34   55   67                                     2.0
   34   55   69                                     1.0
   34   55   73                                     1.0
   34   55   74                                     1.0
   34   56   60                                     1.0
   34   56   62                                     1.0
   34   56   65                                     1.0
   34   56   66                                     1.0
   34   56   67                                     1.0
   34   56   69                                     1.0
   34   56   70                                     1.0
   34   56   73                                     1.0
   34   57   62                                     1.0
   34   57   66                                     1.0
   34   57   83                                     1.0
   34   58   61                                     2.0
   34   58   66                                     2.0
   34   58   83                                     1.0
   34   58   94                                     1.0
   34   59   69                                     1.0
   34   59   86                                     1.0
   34   60   65                                     1.0
   34   60   68                                     1.0
   34   61   72                                     1.0
   34   62   92                                     1.0
   34   65   79                                     1.0
   35   35   38                                     1.0
   35   35   56                                     1.0
   35   36   55                                     1.0
   35   36   56                                     1.0
   35   36   71                                     3.0
   35   36   76                                     1.0
   35   37   40                                     1.0
   35   37   43                                     1.0
   35   37   53                                     2.0
   35   37   54                                     2.0
   35   37   70                                     2.0
   35   37   76                                     1.0
   35   37   84                                     1.0
   35   37   90                                     1.0
   35   37   98                                     2.0
   35   38   49                                     2.0
   35   38   50                                     6.0
   35   38   51                                     7.0
   35   38   52                                     3.0
   35   38   53                                     4.0
   35   38   54                                     3.0
   35   38   61                                     1.0
   35   38   63                                     4.0
   35   38   65                                     3.0
   35   38   67                                     1.0
   35   38   68                                     2.0
   35   38   69                                     1.0
   35   38   70                                     4.0
   35   38   71                                     2.0
   35   38   73                                     1.0
   35   38   74                                     1.0
   35   38   75                                     1.0
   35   38   84                                     1.0
   35   38   92                                     1.0
   35   38   98                                     1.0
   35   39   46                                     2.0
   35   39   47                                     7.0
   35   39   48                                    11.0
   35   39   49                                     8.0
   35   39   50                                     9.0
   35   39   51                                     4.0
   35   39   52                                     2.0
   35   39   53                                     2.0
   35   39   55                                     1.0
   35   39   57                                     2.0
   35   39   59                                     6.0
   35   39   61                                     3.0
   35   39   62                                     3.0
   35   39   63                                     1.0
   35   39   65                                     1.0
   35   39   69                                     4.0
   35   39   70                                     1.0
   35   39   72                                     3.0
   35   39   74                                     1.0
   35   39   98                                     1.0
   35   40   44                                     7.0
   35   40   45                                    18.0
   35   40   46                                    19.0
   35   40   47                                    15.0
   35   40   48                                     6.0
   35   40   52                                     1.0
   35   40   53                                     1.0
   35   40   61                                     1.0
   35   40   69                                     1.0
   35   40   96                                     1.0
   35   41   43                                     1.0
   35   41   44                                    11.0
   35   41   45                                     8.0
   35   41   46                                     2.0
   35   41   47                                     6.0
   35   41   48                                     4.0
   35   41   58                                     1.0
   35   41   66                                     1.0
   35   41   79                                     1.0
   35   42   42                                     1.0
   35   42   43                                     1.0
   35   42   44                                     2.0
   35   42   45                                     4.0
   35   42   46                                     2.0
   35   42   47                                     1.0
   35   43   46                                     1.0
   35   43   55                                     1.0
   35   43   81                                     1.0
   35   43   83                                     1.0
   35   43   86                                     1.0
   35   44   51                                     1.0
   35   44   55                                     1.0
   35   44   62                                     1.0
   35   44   73                                     1.0
   35   44   76                                     1.0
   35   44   86                                     4.0
   35   45   54                                     1.0
   35   45   55                                     4.0
   35   45   56                                     5.0
   35   45   68                                     4.0
   35   45   69                                     3.0
   35   45   72                                     5.0
   35   45   73                                     1.0
   35   45   75                                     4.0
   35   45   76                                     4.0
   35   45   81                                     5.0
   35   45   82                                     2.0
   35   45   86                                     2.0
   35   45   87                                     7.0
   35   45   90                                     4.0
   35   46   51                                     3.0
   35   46   52                                     7.0
   35   46   53                                     5.0
   35   46   54                                     8.0
   35   46   55                                     6.0
   35   46   56                                     1.0
   35   46   66                                     5.0
   35   46   69                                     4.0
   35   46   72                                     1.0
   35   46   77                                     1.0
   35   46   81                                     2.0
   35   46   82                                     2.0
   35   46   83                                     2.0
   35   46   90                                     2.0
   35   46   92                                     1.0
   35   47   49                                     1.0
   35   47   50                                     5.0
   35   47   51                                     4.0
   35   47   52                                     3.0
   35   47   53                                     2.0
   35   47   56                                     1.0
   35   47   69                                     1.0
   35   47   70                                     1.0
   35   48   49                                     2.0
   35   48   52                                     2.0
   35   48   67                                     1.0
   35   48   70                                     2.0
   35   48   71                                     2.0
   35   48   73                                     1.0
   35   48   74                                     1.0
   35   49   49                                     1.0
   35   49   50                                     1.0
   35   49   51                                     1.0
   35   49   61                                     1.0
   35   49   63                                     1.0
   35   49   67                                     1.0
   35   49   70                                     1.0
   35   49   71                                     1.0
   35   49   74                                     1.0
   35   50   63                                     1.0
   35   50   67                                     1.0
   35   50   71                                     1.0
   35   50   74                                     1.0
   35   50   95                                     3.0
   35   50   99                                     1.0
   35   51   58                                     1.0
   35   51   64                                     1.0
   35   51   67                                     1.0
   35   51   70                                     1.0
   35   51   75                                     1.0
   35   51   93                                     1.0
   35   51   95                                     3.0
   35   51   97                                     5.0
   35   51   98                                     4.0
   35   51   99                                     5.0
   35   52   55                                     1.0
   35   52   56                                     1.0
   35   52   57                                     2.0
   35   52   58                                     8.0
   35   52   71                                     1.0
   35   52   93                                     1.0
   35   52   95                                     1.0
   35   52   97                                     1.0
   35   52   98                                     1.0
   35   52   99                                     1.0
   35   53   55                                     2.0
   35   53   56                                     2.0
   35   53   57                                     3.0
   35   53   58                                     1.0
   35   53   67                                     1.0
   35   53   75                                     1.0
   35   53   97                                     1.0
   35   53   99                                     1.0
   35   54   56                                     1.0
   35   54   57                                     1.0
   35   54   64                                     1.0
   35   56   72                                     1.0
   35   56   75                                     1.0
   35   58   64                                     1.0
   35   58   69                                     1.0
   35   60   70                                     1.0
   35   63   74                                     1.0
   35   64   69                                     1.0
   36   37   50                                     1.0
   36   37   51                                     2.0
   36   37   52                                     1.0
   36   37   61                                     1.0
   36   37   65                                     2.0
   36   37   68                                     1.0
   36   37   76                                     1.0
   36   37   91                                     1.0
   36   37   95                                     1.0
   36   37   98                                     1.0
   36   38   49                                     5.0
   36   38   50                                     8.0
   36   38   51                                     3.0
   36   38   52                                     2.0
   36   38   53                                     1.0
   36   38   57                                     2.0
   36   38   58                                     1.0
   36   38   59                                     3.0
   36   38   61                                     4.0
   36   38   62                                     4.0
   36   38   63                                     1.0
   36   38   64                                     1.0
   36   38   65                                     1.0
   36   38   66                                     1.0
   36   38   67                                     2.0
   36   38   68                                     1.0
   36   38   69                                     2.0
   36   38   95                                     1.0
   36   38   98                                     1.0
   36   39   45                                     2.0
   36   39   46                                    17.0
   36   39   47                                    26.0
   36   39   48                                    19.0
   36   39   49                                    14.0
   36   39   50                                     4.0
   36   39   51                                     1.0
   36   39   55                                     2.0
   36   39   56                                     1.0
   36   39   57                                     2.0
   36   39   59                                     1.0
   36   39   60                                     1.0
   36   39   63                                     2.0
   36   39   65                                     1.0
   36   39   66                                     1.0
   36   39   67                                     1.0
   36   39   68                                     1.0
   36   40   43                                     5.0
   36   40   44                                    20.0
   36   40   45                                    27.0
   36   40   46                                     9.0
   36   40   47                                     1.0
   36   40   80                                     1.0
   36   40   97                                     1.0
   36   41   42                                     1.0
   36   41   43                                    18.0
   36   41   44                                     3.0
   36   41   46                                     1.0
   36   41   48                                     1.0
   36   41   58                                     1.0
   36   41   95                                     1.0
   36   42   42                                     1.0
   36   42   44                                     3.0
   36   42   45                                     1.0
   36   42   46                                     1.0
   36   42   47                                     1.0
   36   43   61                                     1.0
   36   43   71                                     1.0
   36   44   62                                     1.0
   36   44   68                                     1.0
   36   44   70                                     6.0
   36   44   71                                     7.0
   36   44   73                                     3.0
   36   44   76                                     1.0
   36   44   80                                     1.0
   36   45   53                                     1.0
   36   45   61                                     1.0
   36   45   63                                     1.0
   36   45   64                                     3.0
   36   45   65                                     4.0
   36   45   66                                     5.0
   36   45   67                                     5.0
   36   45   68                                     3.0
   36   45   69                                     3.0
   36   45   71                                     7.0
   36   45   73                                     6.0
   36   45   74                                     8.0
   36   45   75                                     2.0
   36   45   76                                     4.0
   36   45   78                                     5.0
   36   45   80                                     1.0
   36   45   85                                     1.0
   36   45   86                                     1.0
   36   46   50                                     1.0
   36   46   51                                     7.0
   36   46   52                                     9.0
   36   46   53                                     3.0
   36   46   54                                     2.0
   36   46   55                                     1.0
   36   46   57                                     2.0
   36   46   59                                     4.0
   36   46   61                                     4.0
   36   46   64                                     2.0
   36   46   66                                     1.0
   36   46   69                                     1.0
   36   46   71                                     1.0
   36   46   74                                     2.0
   36   46   77                                     1.0
   36   46   81                                     1.0
   36   46   88                                     1.0
   36   47   49                                     3.0
   36   47   50                                     9.0
   36   47   51                                     8.0
   36   47   52                                     4.0
   36   47   66                                     1.0
   36   47   82                                     1.0
   36   47   91                                     1.0
   36   48   48                                     1.0
   36   48   49                                     5.0
   36   48   50                                     5.0
   36   48   51                                     1.0
   36   48   52                                     1.0
   36   48   70                                     2.0
   36   48   71                                     1.0
   36   49   51                                     1.0
   36   49   67                                     1.0
   36   49   70                                     1.0
   36   49   72                                     2.0
   36   49   75                                     2.0
   36   50   64                                     1.0
   36   50   67                                     1.0
   36   50   71                                     1.0
   36   50   75                                     1.0
   36   50   82                                     2.0
   36   50   83                                     4.0
   36   51   67                                     1.0
   36   51   71                                     1.0
   36   51   72                                     1.0
   36   51   73                                     2.0
   36   51   76                                     3.0
   36   51   78                                     4.0
   36   51   81                                     4.0
   36   51   82                                     9.0
   36   51   83                                     3.0
   36   52   56                                     1.0
   36   52   57                                     2.0
   36   52   58                                     1.0
   36   52   64                                     1.0
   36   52   67                                     1.0
   36   52   72                                     1.0
   36   52   73                                     2.0
   36   52   75                                     1.0
   36   52   76                                     2.0
   36   52   78                                     2.0
   36   52   81                                     1.0
   36   52   82                                     1.0
   36   53   54                                     1.0
   36   53   56                                     1.0
   36   53   57                                     1.0
   36   53   64                                     1.0
   36   53   66                                     1.0
   36   53   70                                     1.0
   36   53   73                                     1.0
   36   53   75                                     1.0
   36   53   76                                     1.0
   36   53   99                                     1.0
   36   54   55                                     1.0
   36   54   56                                     1.0
   36   54   61                                     1.0
   36   54   63                                     1.0
   36   54   65                                     2.0
   36   54   66                                     2.0
   36   54   68                                     2.0
   36   55   58                                     1.0
   36   55   63                                     1.0
   36   55   64                                     1.0
   36   55   65                                     1.0
   36   55   71                                     1.0
   36   55   99                                     1.0
   36   56   57                                     1.0
   36   56   63                                     1.0
   36   56   66                                     1.0
   36   57   63                                     1.0
   36   57   65                                     1.0
   36   57   67                                     1.0
   36   58   65                                     1.0
   36   59   62                                     1.0
   36   59   64                                     2.0
   37   37   49                                     1.0
   37   37   51                                     1.0
   37   37   58                                     1.0
   37   37   59                                     1.0
   37   37   61                                     1.0
   37   37   62                                     1.0
   37   37   95                                     1.0
   37   38   46                                     1.0
   37   38   47                                     3.0
   37   38   48                                     6.0
   37   38   49                                     4.0
   37   38   50                                     1.0
   37   38   51                                     1.0
   37   38   54                                     1.0
   37   38   55                                     2.0
   37   38   56                                     1.0
   37   38   58                                     1.0
   37   38   59                                     1.0
   37   38   63                                     2.0
   37   39   44                                     7.0
   37   39   45                                    17.0
   37   39   46                                    15.0
   37   39   47                                     3.0
   37   39   48                                     3.0
   37   39   49                                     3.0
   37   39   50                                     1.0
   37   39   51                                     1.0
   37   39   52                                     1.0
   37   39   53                                     1.0
   37   39   54                                     1.0
   37   39   58                                     1.0
   37   39   60                                     1.0
   37   39   61                                     1.0
   37   40   43                                    18.0
   37   40   44                                    21.0
   37   40   45                                     5.0
   37   40   46                                     2.0
   37   40   47                                     2.0
   37   40   48                                     1.0
   37   40   85                                     1.0
   37   41   42                                     7.0
   37   41   43                                     4.0
   37   41   44                                     1.0
   37   41   91                                     1.0
   37   42   55                                     1.0
   37   42   71                                     1.0
   37   42   99                                     1.0
   37   43   68                                     1.0
   37   43   69                                     2.0
   37   43   70                                     1.0
   37   43   71                                     1.0
   37   43   73                                     1.0
   37   43   76                                     1.0
   37   43   99                                     2.0
   37   44   64                                     1.0
   37   44   66                                     7.0
   37   44   67                                     6.0
   37   44   68                                     6.0
   37   44   69                                    10.0
   37   44   70                                     3.0
   37   44   99                                     1.0
   37   45   52                                     1.0
   37   45   53                                     6.0
   37   45   58                                     3.0
   37   45   59                                     1.0
   37   45   61                                     6.0
   37   45   62                                     4.0
   37   45   63                                     7.0
   37   45   64                                     7.0
   37   45   65                                     6.0
   37   45   66                                     9.0
   37   45   67                                     5.0
   37   45   78                                     1.0
   37   45   79                                     5.0
   37   45   81                                     3.0
   37   45   84                                     4.0
   37   45   90                                     1.0
   37   45   97                                     2.0
   37   45   99                                     2.0
   37   46   50                                     2.0
   37   46   51                                     6.0
   37   46   52                                     8.0
   37   46   53                                     3.0
   37   46   54                                     5.0
   37   46   55                                     4.0
   37   46   56                                     4.0
   37   46   57                                     6.0
   37   46   58                                     2.0
   37   46   59                                     4.0
   37   46   61                                     2.0
   37   46   62                                     4.0
   37   46   63                                     1.0
   37   46   64                                     1.0
   37   46   66                                     4.0
   37   46   69                                     7.0
   37   46   71                                     1.0
   37   46   74                                     2.0
   37   46   77                                     1.0
   37   46   81                                     1.0
   37   46   84                                     1.0
   37   46   91                                     3.0
   37   46   97                                     3.0
   37   46   99                                     3.0
   37   47   49                                     4.0
   37   47   50                                     3.0
   37   47   51                                     2.0
   37   47   52                                     1.0
   37   47   53                                     1.0
   37   47   54                                     3.0
   37   47   55                                     1.0
   37   47   56                                     3.0
   37   47   57                                     2.0
   37   47   59                                     1.0
   37   47   61                                     1.0
   37   47   62                                     1.0
   37   47   66                                     1.0
   37   47   69                                     1.0
   37   48   50                                     1.0
   37   48   54                                     1.0
   37   48   58                                     1.0
   37   48   62                                     1.0
   37   48   69                                     1.0
   37   48   71                                     3.0
   37   48   72                                     1.0
   37   49   55                                     1.0
   37   49   65                                     1.0
   37   49   67                                     1.0
   37   49   68                                     1.0
   37   49   71                                     3.0
   37   49   72                                     3.0
   37   49   75                                     2.0
   37   50   67                                     1.0
   37   50   68                                     1.0
   37   50   71                                     2.0
   37   50   72                                     2.0
   37   50   75                                     2.0
   37   50   80                                    10.0
   37   50   88                                     4.0
   37   51   64                                     1.0
   37   51   65                                     1.0
   37   51   66                                     2.0
   37   51   68                                     2.0
   37   51   69                                     8.0
   37   51   70                                     5.0
   37   51   71                                     5.0
   37   51   72                                     2.0
   37   51   73                                     4.0
   37   51   75                                     3.0
   37   51   79                                     3.0
   37   51   80                                     5.0
   37   51   88                                     2.0
   37   51   96                                     4.0
   37   52   59                                     2.0
   37   52   61                                     3.0
   37   52   63                                     3.0
   37   52   64                                     1.0
   37   52   65                                     1.0
   37   52   66                                     2.0
   37   52   68                                     2.0
   37   52   69                                     5.0
   37   52   70                                     4.0
   37   52   71                                     1.0
   37   52   72                                     2.0
   37   52   73                                     2.0
   37   52   75                                     5.0
   37   52   79                                     2.0
   37   52   80                                     1.0
   37   52   82                                     2.0
   37   52   96                                     2.0
   37   53   59                                     1.0
   37   53   61                                     1.0
   37   53   63                                     1.0
   37   53   66                                     1.0
   37   53   69                                     1.0
   37   53   71                                     2.0
   37   53   76                                     1.0
   37   53   79                                     1.0
   37   53   81                                     1.0
   37   53   82                                     1.0
   37   54   61                                     1.0
   37   54   63                                     1.0
   37   54   65                                     4.0
   37   54   66                                     2.0
   37   54   68                                     1.0
   37   54   69                                     1.0
   37   54   71                                     3.0
   37   54   72                                     1.0
   37   54   73                                     1.0
   37   54   75                                     2.0
   37   54   76                                     1.0
   37   54   78                                     1.0
   37   54   82                                     1.0
   37   54   89                                     1.0
   37   54   95                                     1.0
   37   54   96                                     1.0
   37   55   62                                     1.0
   37   55   65                                     2.0
   37   55   66                                     2.0
   37   55   69                                     1.0
   37   55   71                                     1.0
   37   55   72                                     2.0
   37   55   81                                     1.0
   37   55   93                                     1.0
   37   56   62                                     2.0
   37   56   65                                     4.0
   37   56   66                                     1.0
   37   56   76                                     1.0
   37   56   79                                     1.0
   37   56   99                                     1.0
   37   57   62                                     1.0
   37   57   65                                     2.0
   37   57   73                                     1.0
   37   57   75                                     2.0
   37   57   98                                     1.0
   37   58   62                                     2.0
   37   58   66                                     1.0
   37   58   67                                     1.0
   37   58   68                                     1.0
   37   59   65                                     2.0
   37   59   70                                     1.0
   37   60   64                                     1.0
   37   61   66                                     1.0
   37   61   71                                     1.0
   37   63   74                                     1.0
   38   38   45                                     2.0
   38   38   46                                     4.0
   38   38   47                                     3.0
   38   39   43                                     5.0
   38   39   44                                     8.0
   38   39   45                                     6.0
   38   39   47                                     1.0
   38   40   42                                    14.0
   38   40   43                                    11.0
   38   40   44                                     2.0
   38   40   45                                     2.0
   38   40   46                                     1.0
   38   40   60                                     1.0
   38   41   41                                     3.0
   38   41   42                                     4.0
   38   41   43                                     4.0
   38   41   99                                     1.0
   38   42   42                                     1.0
   38   42   69                                     1.0
   38   42   99                                     1.0
   38   43   66                                     2.0
   38   43   67                                     3.0
   38   43   68                                     3.0
   38   43   69                                     2.0
   38   43   70                                     1.0
   38   43   87                                     2.0
   38   43   99                                     3.0
   38   44   61                                     1.0
   38   44   62                                     5.0
   38   44   64                                    11.0
   38   44   65                                     1.0
   38   44   66                                     8.0
   38   44   67                                     5.0
   38   44   68                                     3.0
   38   44   75                                     1.0
   38   45   52                                     1.0
   38   45   53                                     5.0
   38   45   55                                     1.0
   38   45   56                                     6.0
   38   45   57                                     2.0
   38   45   58                                    10.0
   38   45   59                                     5.0
   38   45   61                                     9.0
   38   45   62                                     9.0
   38   45   63                                     2.0
   38   45   64                                     2.0
   38   45   65                                     2.0
   38   45   67                                     1.0
   38   45   68                                     1.0
   38   45   74                                     1.0
   38   46   49                                     3.0
   38   46   50                                     5.0
   38   46   51                                     7.0
   38   46   52                                     8.0
   38   46   53                                    11.0
   38   46   54                                     8.0
   38   46   55                                     9.0
   38   46   56                                    10.0
   38   46   57                                    11.0
   38   46   58                                     1.0
   38   46   59                                     5.0
   38   46   61                                     3.0
   38   46   63                                     1.0
   38   46   66                                     1.0
   38   46   71                                     1.0
   38   46   73                                     1.0
   38   46   78                                     1.0
   38   46   79                                     4.0
   38   46   81                                     2.0
   38   46   82                                     2.0
   38   46   84                                     1.0
   38   46   85                                     2.0
   38   46   91                                     1.0
   38   47   48                                     1.0
   38   47   49                                     6.0
   38   47   50                                     6.0
   38   47   51                                     8.0
   38   47   52                                     2.0
   38   47   53                                     6.0
   38   47   54                                     2.0
   38   47   55                                     3.0
   38   47   56                                     1.0
   38   47   57                                     1.0
   38   47   58                                     1.0
   38   47   77                                     1.0
   38   47   79                                     1.0
   38   47   80                                     1.0
   38   47   82                                     2.0
   38   47   85                                     4.0
   38   47   92                                     1.0
   38   47   97                                     3.0
   38   47   98                                     1.0
   38   47   99                                     1.0
   38   48   48                                     1.0
   38   48   49                                     3.0
   38   48   50                                     1.0
   38   48   55                                     2.0
   38   48   56                                     1.0
   38   48   60                                     1.0
   38   48   63                                     1.0
   38   48   69                                     1.0
   38   48   74                                     1.0
   38   48   85                                     2.0
   38   48   97                                     1.0
   38   49   50                                     1.0
   38   49   51                                     1.0
   38   49   52                                     1.0
   38   49   65                                     1.0
   38   50   52                                     1.0
   38   50   59                                     1.0
   38   50   68                                     1.0
   38   50   73                                     5.0
   38   50   75                                    14.0
   38   50   76                                     5.0
   38   50   77                                     6.0
   38   50   80                                     2.0
   38   50   96                                     1.0
   38   51   57                                     1.0
   38   51   60                                     1.0
   38   51   61                                     1.0
   38   51   63                                     1.0
   38   51   65                                     2.0
   38   51   66                                     1.0
   38   51   67                                     3.0
   38   51   68                                     3.0
   38   51   71                                    10.0
   38   51   72                                     4.0
   38   51   73                                     3.0
   38   51   74                                     1.0
   38   51   75                                     3.0
   38   51   77                                     1.0
   38   51   80                                     6.0
   38   51   88                                     1.0
   38   52   54                                     1.0
   38   52   57                                     2.0
   38   52   58                                     3.0
   38   52   59                                     2.0
   38   52   60                                     7.0
   38   52   61                                     2.0
   38   52   63                                     6.0
   38   52   65                                     2.0
   38   52   66                                     3.0
   38   52   67                                     2.0
   38   52   68                                     2.0
   38   52   69                                     2.0
   38   52   71                                     1.0
   38   52   72                                     2.0
   38   52   74                                     1.0
   38   52   78                                     2.0
   38   52   80                                     1.0
   38   53   55                                     2.0
   38   53   56                                     1.0
   38   53   57                                     1.0
   38   53   58                                     3.0
   38   53   59                                     1.0
   38   53   60                                     4.0
   38   53   62                                     1.0
   38   53   63                                     1.0
   38   53   65                                     1.0
   38   53   66                                     1.0
   38   53   67                                     1.0
   38   53   70                                     2.0
   38   53   78                                     1.0
   38   54   56                                     2.0
   38   54   57                                     2.0
   38   54   58                                     1.0
   38   54   60                                     3.0
   38   54   62                                     1.0
   38   54   64                                     1.0
   38   54   65                                     2.0
   38   54   66                                     6.0
   38   54   68                                     2.0
   38   54   71                                     1.0
   38   54   72                                     1.0
   38   54   78                                     1.0
   38   55   59                                     2.0
   38   55   65                                     3.0
   38   55   66                                     3.0
   38   55   68                                     1.0
   38   55   70                                     2.0
   38   55   72                                     1.0
   38   55   79                                     1.0
   38   56   61                                     1.0
   38   56   62                                     3.0
   38   56   65                                     3.0
   38   56   66                                     3.0
   38   57   61                                     1.0
   38   57   62                                     2.0
   38   57   65                                     2.0
   38   57   67                                     1.0
   38   57   75                                     1.0
   38   58   62                                     2.0
   38   58   66                                     3.0
   38   58   68                                     1.0
   38   58   76                                     1.0
   38   59   70                                     2.0
   38   60   64                                     3.0
   38   61   69                                     1.0
   38   61   71                                     2.0
   38   63   74                                     1.0
   38   63   75                                     1.0
   38   64   99                                     1.0
   39   40   41                                     2.0
   39   40   42                                     1.0
   39   40   44                                     1.0
   39   41   41                                     1.0
   39   41   70                                     1.0
   39   41   99                                     1.0
   39   42   67                                     2.0
   39   42   68                                     1.0
   39   42   69                                     1.0
   39   42   87                                     1.0
   39   42   99                                     1.0
   39   43   61                                     1.0
   39   43   62                                     3.0
   39   43   64                                     2.0
   39   43   66                                     3.0
   39   43   87                                     4.0
   39   43   88                                     3.0
   39   43   89                                     1.0
   39   43   99                                     3.0
   39   44   57                                     3.0
   39   44   58                                     2.0
   39   44   59                                     4.0
   39   44   60                                     8.0
   39   44   61                                    15.0
   39   44   62                                     9.0
   39   44   63                                     6.0
   39   44   64                                     3.0
   39   44   66                                     1.0
   39   45   50                                     1.0
   39   45   51                                     3.0
   39   45   54                                     6.0
   39   45   55                                     6.0
   39   45   56                                    12.0
   39   45   57                                     6.0
   39   45   58                                    11.0
   39   45   59                                     9.0
   39   45   60                                     5.0
   39   45   61                                     4.0
   39   45   64                                     1.0
   39   46   49                                     6.0
   39   46   50                                     9.0
   39   46   51                                     7.0
   39   46   52                                    10.0
   39   46   53                                    11.0
   39   46   54                                     9.0
   39   46   55                                     8.0
   39   46   56                                     2.0
   39   46   57                                     4.0
   39   46   58                                     2.0
   39   46   59                                     2.0
   39   46   61                                     1.0
   39   46   62                                     1.0
   39   47   48                                     1.0
   39   47   49                                     6.0
   39   47   50                                     7.0
   39   47   51                                     6.0
   39   47   52                                     3.0
   39   47   53                                     7.0
   39   47   54                                     1.0
   39   47   55                                     5.0
   39   47   56                                     2.0
   39   47   57                                     1.0
   39   47   58                                     1.0
   39   47   80                                     7.0
   39   47   82                                     2.0
   39   47   83                                     1.0
   39   47   85                                     2.0
   39   48   50                                     2.0
   39   48   51                                     3.0
   39   48   52                                     3.0
   39   48   53                                     3.0
   39   48   54                                     1.0
   39   48   55                                     1.0
   39   48   56                                     1.0
   39   48   59                                     1.0
   39   48   79                                     1.0
   39   48   80                                     6.0
   39   48   82                                     2.0
   39   48   83                                     6.0
   39   48   85                                     8.0
   39   48   92                                     1.0
   39   48   99                                     2.0
   39   49   50                                     2.0
   39   49   51                                     1.0
   39   49   52                                     2.0
   39   49   54                                     2.0
   39   49   79                                     1.0
   39   49   80                                     4.0
   39   49   82                                     1.0
   39   49   83                                     3.0
   39   49   85                                     4.0
   39   49   92                                     4.0
   39   49  100                                     1.0
   39   50   66                                     5.0
   39   50   70                                     1.0
   39   50   72                                     3.0
   39   50   73                                     1.0
   39   50   75                                     1.0
   39   50   77                                     1.0
   39   50   80                                     2.0
   39   50   82                                     1.0
   39   50   83                                     2.0
   39   50   85                                     3.0
   39   50   86                                     1.0
   39   50   98                                     1.0
   39   50  100                                     1.0
   39   51   55                                     1.0
   39   51   59                                     1.0
   39   51   60                                     5.0
   39   51   61                                     3.0
   39   51   62                                     2.0
   39   51   63                                     4.0
   39   51   64                                     3.0
   39   51   65                                    13.0
   39   51   66                                     5.0
   39   51   67                                     5.0
   39   51   68                                     5.0
   39   51   69                                     1.0
   39   51   70                                     4.0
   39   51   72                                     3.0
   39   51   73                                     1.0
   39   51   76                                     1.0
   39   51   80                                     1.0
   39   51   82                                     1.0
   39   51   83                                     3.0
   39   51   85                                     1.0
   39   52   57                                     2.0
   39   52   58                                     2.0
   39   52   59                                     5.0
   39   52   60                                     7.0
   39   52   61                                     2.0
   39   52   62                                     2.0
   39   52   63                                     2.0
   39   52   64                                     3.0
   39   52   65                                     4.0
   39   52   66                                     3.0
   39   52   67                                     2.0
   39   52   69                                     3.0
   39   52   70                                     4.0
   39   52   71                                     3.0
   39   52   75                                     1.0
   39   52   83                                     1.0
   39   52   85                                     1.0
   39   53   55                                     2.0
   39   53   56                                     2.0
   39   53   57                                     3.0
   39   53   58                                     5.0
   39   53   60                                     4.0
   39   53   61                                     2.0
   39   53   62                                     1.0
   39   53   64                                     3.0
   39   53   65                                     2.0
   39   53   66                                     2.0
   39   53   69                                     3.0
   39   53   70                                     4.0
   39   53   71                                     3.0
   39   53   73                                     1.0
   39   53   80                                     1.0
   39   53   99                                     1.0
   39   54   56                                     1.0
   39   54   57                                     3.0
   39   54   58                                     1.0
   39   54   59                                     1.0
   39   54   60                                     1.0
   39   54   61                                     1.0
   39   54   62                                     1.0
   39   54   63                                     1.0
   39   54   64                                     3.0
   39   54   65                                     1.0
   39   54   66                                     1.0
   39   54   69                                     2.0
   39   54   70                                     4.0
   39   54   71                                     5.0
   39   54   79                                     2.0
   39   54   82                                     1.0
   39   55   56                                     1.0
   39   55   57                                     2.0
   39   55   59                                     1.0
   39   55   60                                     1.0
   39   55   61                                     1.0
   39   55   62                                     1.0
   39   55   65                                     1.0
   39   55   66                                     1.0
   39   55   69                                     1.0
   39   55   70                                     2.0
   39   55   71                                     4.0
   39   55   79                                     2.0
   39   55   80                                     2.0
   39   56   58                                     1.0
   39   56   61                                     1.0
   39   56   62                                     1.0
   39   56   64                                     2.0
   39   56   69                                     1.0
   39   56   70                                     2.0
   39   56   71                                     3.0
   39   56   79                                     1.0
   39   56   80                                     2.0
   39   56   81                                     1.0
   39   57   60                                     1.0
   39   57   61                                     1.0
   39   57   67                                     1.0
   39   57   70                                     1.0
   39   57   71                                     1.0
   39   57   79                                     2.0
   39   57   80                                     2.0
   39   58   61                                     1.0
   39   58   65                                     1.0
   39   58   71                                     3.0
   39   58   79                                     2.0
   39   58   80                                     2.0
   39   58   81                                     1.0
   39   59   69                                     1.0
   39   59   70                                     1.0
   39   59   79                                     1.0
   39   60   63                                     1.0
   39   60   79                                     1.0
   39   60   80                                     3.0
   39   60   95                                     1.0
   39   61   70                                     1.0
   39   61   71                                     1.0
   39   62   71                                     1.0
   39   63   75                                     1.0
   39   63   77                                     1.0
   39   63   79                                     2.0
   39   64   80                                     2.0
   39   69   77                                     1.0
   39   74   76                                     1.0
   40   40   92                                     1.0
   40   41   88                                     1.0
   40   42   62                                     1.0
   40   42   87                                     1.0
   40   42   89                                     1.0
   40   42   90                                     1.0
   40   43   59                                     1.0
   40   43   60                                     4.0
   40   43   61                                     4.0
   40   43   62                                     2.0
   40   43   63                                     4.0
   40   43   64                                     2.0
   40   43   89                                     1.0
   40   43   90                                     2.0
   40   43   91                                     2.0
   40   44   55                                     3.0
   40   44   56                                     6.0
   40   44   57                                    11.0
   40   44   58                                    13.0
   40   44   59                                     9.0
   40   44   60                                     5.0
   40   44   61                                     4.0
   40   44   62                                     3.0
   40   44   63                                     1.0
   40   45   50                                     4.0
   40   45   51                                     8.0
   40   45   52                                     6.0
   40   45   53                                    10.0
   40   45   54                                    13.0
   40   45   55                                    10.0
   40   45   56                                     6.0
   40   45   57                                     4.0
   40   45   58                                     1.0
   40   45   59                                     1.0
   40   45   60                                     1.0
   40   45   65                                     1.0
   40   46   48                                     1.0
   40   46   49                                    12.0
   40   46   50                                    15.0
   40   46   51                                    14.0
   40   46   52                                    11.0
   40   46   53                                     6.0
   40   46   54                                     4.0
   40   46   55                                     1.0
   40   46   56                                     1.0
   40   46   57                                     1.0
   40   46   62                                     1.0
   40   46   68                                     1.0
   40   46   69                                     1.0
   40   47   48                                     5.0
   40   47   49                                     8.0
   40   47   50                                     5.0
   40   47   51                                     3.0
   40   47   52                                     4.0
   40   47   54                                     1.0
   40   47   58                                     1.0
   40   47   68                                     1.0
   40   47   92                                     1.0
   40   48   49                                     2.0
   40   48   51                                     1.0
   40   48   55                                     2.0
   40   48   56                                     2.0
   40   48   59                                     1.0
   40   48   68                                     1.0
   40   48   69                                     1.0
   40   48   84                                     1.0
   40   48   88                                     1.0
   40   48   92                                     1.0
   40   48   93                                     2.0
   40   48   94                                     1.0
   40   49   52                                     1.0
   40   49   55                                     5.0
   40   49   56                                     1.0
   40   49   68                                     2.0
   40   49   69                                     1.0
   40   49   93                                     4.0
   40   49   94                                     4.0
   40   49   95                                     5.0
   40   49   96                                     3.0
   40   50   55                                     3.0
   40   50   63                                     1.0
   40   50   64                                     1.0
   40   50   65                                     7.0
   40   50   66                                    10.0
   40   50   68                                     1.0
   40   50   75                                     1.0
   40   50   81                                     1.0
   40   50  100                                     1.0
   40   51   54                                     2.0
   40   51   58                                     2.0
   40   51   59                                     5.0
   40   51   60                                    10.0
   40   51   62                                    11.0
   40   51   63                                    12.0
   40   51   64                                     4.0
   40   51   65                                     6.0
   40   51   66                                     2.0
   40   51   69                                     1.0
   40   51   73                                     1.0
   40   51   74                                     1.0
   40   51   80                                     3.0
   40   51   87                                     1.0
   40   51   92                                     1.0
   40   51   99                                     1.0
   40   52   54                                     1.0
   40   52   56                                     5.0
   40   52   57                                    12.0
   40   52   58                                     3.0
   40   52   59                                     5.0
   40   52   60                                     7.0
   40   52   61                                     3.0
   40   52   62                                     3.0
   40   52   63                                     2.0
   40   52   64                                     2.0
   40   52   68                                     3.0
   40   52   69                                     2.0
   40   52   71                                     1.0
   40   52   85                                     1.0
   40   52   86                                     1.0
   40   52   95                                     1.0
   40   53   55                                     2.0
   40   53   56                                     7.0
   40   53   57                                     2.0
   40   53   58                                     3.0
   40   53   59                                     2.0
   40   53   60                                     1.0
   40   53   61                                     1.0
   40   53   62                                     1.0
   40   53   65                                     2.0
   40   53   68                                     1.0
   40   53   69                                     7.0
   40   53   70                                     5.0
   40   53   79                                     1.0
   40   53   82                                     1.0
   40   53   83                                     3.0
   40   54   55                                     1.0
   40   54   56                                     2.0
   40   54   57                                     1.0
   40   54   58                                     3.0
   40   54   60                                     2.0
   40   54   64                                     5.0
   40   54   69                                     3.0
   40   54   70                                     5.0
   40   54   71                                     2.0
   40   54   80                                     4.0
   40   54   85                                     1.0
   40   55   58                                     2.0
   40   55   61                                     3.0
   40   55   62                                     1.0
   40   55   64                                     7.0
   40   55   66                                     1.0
   40   55   68                                     3.0
   40   55   69                                     3.0
   40   55   70                                     5.0
   40   55   71                                     4.0
   40   55   80                                     1.0
   40   55   82                                     1.0
   40   55   85                                     2.0
   40   55   86                                     2.0
   40   56   61                                     3.0
   40   56   63                                     1.0
   40   56   69                                     3.0
   40   56   70                                     3.0
   40   56   71                                     2.0
   40   56   80                                     1.0
   40   56   83                                     4.0
   40   57   64                                     4.0
   40   57   70                                     3.0
   40   57   80                                     1.0
   40   58   60                                     1.0
   40   58   61                                     2.0
   40   58   64                                     1.0
   40   58   69                                     5.0
   40   58   71                                     2.0
   40   58   80                                     1.0
   40   59   63                                     1.0
   40   59   64                                     3.0
   40   59   69                                     4.0
   40   60   67                                     4.0
   40   60   69                                     1.0
   40   60   70                                     3.0
   40   60   80                                     1.0
   40   62   67                                     1.0
   40   62   71                                     3.0
   40   64   80                                     2.0
   40   73   78                                     2.0
   40   73   79                                     2.0
   41   42   61                                     1.0
   41   42   62                                     1.0
   41   42   63                                     2.0
   41   43   56                                     1.0
   41   43   57                                     4.0
   41   43   58                                     5.0
   41   43   59                                     4.0
   41   43   60                                     2.0
   41   43   61                                     3.0
   41   43   62                                     3.0
   41   43   63                                     1.0
   41   43   93                                     2.0
   41   43   95                                     1.0
   41   43   99                                     2.0
   41   44   52                                     2.0
   41   44   53                                     2.0
   41   44   54                                     2.0
   41   44   55                                     5.0
   41   44   56                                     7.0
   41   44   57                                     3.0
   41   44   58                                     1.0
   41   44   59                                     1.0
   41   44   60                                     1.0
   41   44   62                                     1.0
   41   44   67                                     1.0
   41   44   68                                     1.0
   41   45   49                                     2.0
   41   45   50                                     3.0
   41   45   51                                    10.0
   41   45   52                                    13.0
   41   45   53                                    12.0
   41   45   54                                     6.0
   41   45   55                                     1.0
   41   45   57                                     1.0
   41   45   59                                     1.0
   41   45   68                                     1.0
   41   45   87                                     1.0
   41   46   47                                     1.0
   41   46   48                                     6.0
   41   46   49                                    13.0
   41   46   50                                     9.0
   41   46   51                                     6.0
   41   46   52                                     1.0
   41   46   53                                     1.0
   41   46   55                                     1.0
   41   46   59                                     1.0
   41   46   68                                     1.0
   41   46   86                                     4.0
   41   46   87                                     2.0
   41   46   90                                     1.0
   41   46   93                                     4.0
   41   47   47                                     1.0
   41   47   48                                     2.0
   41   47   49                                     3.0
   41   47   50                                     2.0
   41   47   51                                     1.0
   41   47   56                                     1.0
   41   47   68                                     1.0
   41   47   79                                     1.0
   41   47   90                                     1.0
   41   47   93                                     2.0
   41   47   97                                     2.0
   41   48   49                                     1.0
   41   48   52                                     1.0
   41   48   53                                     1.0
   41   48   54                                     1.0
   41   48   56                                     1.0
   41   48   68                                     2.0
   41   48   69                                     1.0
   41   48   94                                     1.0
   41   48   95                                     1.0
   41   48   96                                     1.0
   41   49   53                                     1.0
   41   49   68                                     2.0
   41   49   80                                     1.0
   41   49   81                                     1.0
   41   49   96                                     2.0
   41   49   98                                     3.0
   41   49   99                                     1.0
   41   50   61                                     1.0
   41   50   62                                     4.0
   41   50   63                                     8.0
   41   50   65                                     7.0
   41   50   66                                     6.0
   41   50   98                                     1.0
   41   51   57                                     1.0
   41   51   58                                     6.0
   41   51   59                                     9.0
   41   51   60                                     3.0
   41   51   61                                     6.0
   41   51   62                                     5.0
   41   51   63                                     3.0
   41   51   64                                     2.0
   41   51   98                                     3.0
   41   52   55                                     1.0
   41   52   56                                     5.0
   41   52   57                                     2.0
   41   52   58                                     5.0
   41   52   59                                     5.0
   41   52   60                                     3.0
   41   52   61                                     1.0
   41   52   62                                     1.0
   41   52   63                                     1.0
   41   52   68                                     1.0
   41   52   98                                     2.0
   41   53   54                                     2.0
   41   53   55                                     1.0
   41   53   56                                     2.0
   41   53   57                                     1.0
   41   53   58                                     1.0
   41   53   59                                     1.0
   41   53   61                                     1.0
   41   53   65                                     1.0
   41   53   68                                     2.0
   41   53   98                                     1.0
   41   54   55                                     1.0
   41   54   58                                     1.0
   41   54   62                                     2.0
   41   54   79                                     2.0
   41   55   67                                     1.0
   41   55   79                                     1.0
   41   56   67                                     1.0
   41   56   68                                     1.0
   41   56   79                                     1.0
   41   56   85                                     1.0
   41   57   59                                     1.0
   41   57   79                                     1.0
   41   57   95                                     2.0
   41   58   63                                     1.0
   41   60   79                                     1.0
   41   64   78                                     2.0
   41   65   78                                     2.0
   41   65   85                                     3.0
   41   66   84                                     1.0
   41   68   82                                     2.0
   41   68   83                                     2.0
   42   42   61                                     1.0
   42   42   95                                     1.0
   42   43   54                                     1.0
   42   43   55                                     1.0
   42   43   56                                     2.0
   42   43   57                                     1.0
   42   43   58                                     2.0
   42   43   59                                     1.0
   42   44   51                                     1.0
   42   44   52                                     3.0
   42   44   53                                     3.0
   42   44   54                                     1.0
   42   44   55                                     2.0
   42   44   56                                     2.0
   42   44   57                                     1.0
   42   44   68                                     1.0
   42   45   48                                     3.0
   42   45   49                                    11.0
   42   45   50                                     9.0
   42   45   51                                     6.0
   42   45   52                                     1.0
   42   45   53                                     3.0
   42   45   68                                     1.0
   42   45   69                                     1.0
   42   45   86                                     2.0
   42   45   93                                     1.0
   42   45  100                                     1.0
   42   46   47                                     2.0
   42   46   48                                     7.0
   42   46   49                                     7.0
   42   46   50                                     1.0
   42   46   51                                     1.0
   42   46   52                                     1.0
   42   46   61                                     1.0
   42   46   64                                     3.0
   42   46   86                                     5.0
   42   46   87                                     6.0
   42   46   90                                     4.0
   42   46   93                                     4.0
   42   46   94                                     1.0
   42   46   96                                     2.0
   42   46  100                                     3.0
   42   47   49                                     2.0
   42   47   51                                     1.0
   42   47   58                                     4.0
   42   47   59                                     2.0
   42   47   61                                     3.0
   42   47   62                                     4.0
   42   47   64                                     3.0
   42   47   86                                     3.0
   42   47   87                                     4.0
   42   47   90                                     4.0
   42   47   93                                     2.0
   42   47   96                                     1.0
   42   47   97                                     3.0
   42   47  100                                     1.0
   42   48   52                                     1.0
   42   48   53                                     1.0
   42   48   54                                     1.0
   42   48   58                                     5.0
   42   48   59                                     4.0
   42   48   61                                     2.0
   42   48   62                                     3.0
   42   48   64                                     2.0
   42   48   85                                     2.0
   42   48   86                                     1.0
   42   48   87                                     1.0
   42   48   90                                     3.0
   42   48   93                                     2.0
   42   48   97                                     3.0
   42   48   99                                     1.0
   42   49   52                                     4.0
   42   49   53                                     2.0
   42   49   58                                     3.0
   42   49   59                                     3.0
   42   49   61                                     1.0
   42   49   62                                     1.0
   42   49   88                                     1.0
   42   49   90                                     1.0
   42   49   91                                     1.0
   42   49   93                                     2.0
   42   49   94                                     2.0
   42   49   97                                     2.0
   42   50   52                                     1.0
   42   50   53                                     1.0
   42   50   58                                     2.0
   42   50   59                                     4.0
   42   50   60                                     5.0
   42   50   62                                     1.0
   42   50   64                                     1.0
   42   50   66                                     1.0
   42   50   86                                     1.0
   42   50   88                                     1.0
   42   50   97                                     2.0
   42   51   56                                     2.0
   42   51   57                                     6.0
   42   51   58                                     7.0
   42   51   59                                    10.0
   42   51   60                                     6.0
   42   51   61                                     2.0
   42   51   62                                     2.0
   42   51   63                                     1.0
   42   51   93                                     1.0
   42   51   98                                     9.0
   42   52   53                                     1.0
   42   52   54                                     2.0
   42   52   55                                     4.0
   42   52   56                                     5.0
   42   52   57                                     6.0
   42   52   58                                     3.0
   42   52   59                                     3.0
   42   52   60                                     1.0
   42   52   62                                     1.0
   42   52   64                                     1.0
   42   52   68                                     4.0
   42   52   70                                     6.0
   42   52   71                                     6.0
   42   52   91                                     1.0
   42   52   98                                     6.0
   42   53   53                                     1.0
   42   53   55                                     1.0
   42   53   56                                     2.0
   42   53   57                                     2.0
   42   53   58                                     1.0
   42   53   59                                     1.0
   42   53   61                                     2.0
   42   53   62                                     1.0
   42   53   63                                     1.0
   42   53   65                                     5.0
   42   53   67                                     3.0
   42   53   68                                     8.0
   42   53   70                                     2.0
   42   53   71                                     4.0
   42   53   72                                     6.0
   42   53   78                                     1.0
   42   53   79                                     1.0
   42   53   93                                     1.0
   42   53   98                                     3.0
   42   54   55                                     1.0
   42   54   58                                     1.0
   42   54   61                                     2.0
   42   54   62                                     1.0
   42   54   63                                     4.0
   42   54   65                                     3.0
   42   54   67                                     8.0
   42   54   68                                     6.0
   42   54   70                                     2.0
   42   54   71                                     5.0
   42   54   72                                     6.0
   42   54   78                                     2.0
   42   54   79                                     3.0
   42   54   98                                     3.0
   42   55   60                                     1.0
   42   55   61                                     1.0
   42   55   62                                     1.0
   42   55   63                                     2.0
   42   55   67                                     3.0
   42   55   70                                     2.0
   42   55   78                                     1.0
   42   55   79                                     2.0
   42   56   59                                     1.0
   42   56   60                                     2.0
   42   56   61                                     1.0
   42   56   62                                     3.0
   42   56   65                                     2.0
   42   56   67                                     5.0
   42   56   68                                     3.0
   42   56   71                                     2.0
   42   56   72                                     3.0
   42   56   73                                     1.0
   42   56   79                                     2.0
   42   56   85                                     2.0
   42   56   87                                     1.0
   42   57   60                                     1.0
   42   57   79                                     2.0
   42   57   95                                     1.0
   42   58   59                                     1.0
   42   58   64                                     2.0
   42   58   67                                     5.0
   42   58   69                                     1.0
   42   58   72                                     3.0
   42   58   98                                     1.0
   42   59   61                                     2.0
   42   59   62                                     1.0
   42   60   70                                     2.0
   42   60   79                                     2.0
   42   61   65                                     1.0
   42   62   65                                     1.0
   42   62   66                                     2.0
   42   63   71                                     2.0
   42   65   77                                     1.0
   42   65   78                                     3.0
   42   66   84                                     1.0
   42   69   81                                     1.0
   43   43   53                                     2.0
   43   43   54                                     1.0
   43   44   49                                     2.0
   43   44   50                                     3.0
   43   44   51                                     3.0
   43   44   52                                     3.0
   43   44   53                                     1.0
   43   44   85                                     2.0
   43   44   87                                     1.0
   43   44   92                                     1.0
   43   45   47                                     2.0
   43   45   48                                     2.0
   43   45   49                                     4.0
   43   45   50                                     2.0
   43   45   51                                     1.0
   43   45   59                                     2.0
   43   45   64                                     1.0
   43   45   85                                     1.0
   43   45   87                                     1.0
   43   45   90                                     2.0
   43   45   93                                     2.0
   43   45   96                                     2.0
   43   45  100                                     3.0
   43   46   48                                     1.0
   43   46   49                                     2.0
   43   46   51                                     1.0
   43   46   54                                     3.0
   43   46   58                                     2.0
   43   46   61                                     3.0
   43   46   62                                     2.0
   43   46   64                                     2.0
   43   46   86                                     2.0
   43   46   87                                     1.0
   43   47   50                                     2.0
   43   47   52                                     1.0
   43   47   53                                     2.0
   43   47   54                                     4.0
   43   47   56                                     1.0
   43   47   58                                     3.0
   43   47   59                                     1.0
   43   47   61                                     1.0
   43   47   62                                     1.0
   43   47   64                                     1.0
   43   47   87                                     1.0
   43   47   90                                     1.0
   43   47   93                                     1.0
   43   47   97                                     1.0
   43   48   50                                     1.0
   43   48   53                                     2.0
   43   48   58                                     2.0
   43   48   59                                     1.0
   43   48   61                                     1.0
   43   48   62                                     1.0
   43   48   64                                     1.0
   43   48   86                                     1.0
   43   48   87                                     2.0
   43   48   90                                     1.0
   43   48   93                                     1.0
   43   48   97                                     1.0
   43   48  100                                     1.0
   43   49   57                                     1.0
   43   49   58                                     2.0
   43   49   59                                     1.0
   43   49   61                                     1.0
   43   49   62                                     1.0
   43   49   71                                     1.0
   43   49   86                                     1.0
   43   49   90                                     1.0
   43   49   94                                     1.0
   43   50   52                                     1.0
   43   50   53                                     1.0
   43   50   58                                     3.0
   43   50   59                                     8.0
   43   50   60                                    12.0
   43   50   62                                     1.0
   43   50   64                                     2.0
   43   50   67                                     1.0
   43   50   88                                     1.0
   43   50   93                                     1.0
   43   50   97                                     1.0
   43   51   52                                     1.0
   43   51   54                                     1.0
   43   51   55                                     4.0
   43   51   56                                     5.0
   43   51   57                                     9.0
   43   51   58                                     9.0
   43   51   59                                     2.0
   43   51   60                                     1.0
   43   51   61                                     2.0
   43   51   64                                     1.0
   43   51   70                                     1.0
   43   51   76                                     1.0
   43   51   84                                     1.0
   43   51   93                                     1.0
   43   51   97                                     5.0
   43   52   54                                     4.0
   43   52   55                                     3.0
   43   52   56                                     2.0
   43   52   57                                     2.0
   43   52   58                                     1.0
   43   52   59                                     1.0
   43   52   62                                     1.0
   43   52   63                                     1.0
   43   52   65                                     2.0
   43   52   67                                     1.0
   43   52   68                                     4.0
   43   52   70                                     5.0
   43   52   71                                     2.0
   43   52   72                                     1.0
   43   52   78                                     1.0
   43   52   91                                     1.0
   43   53   54                                     1.0
   43   53   55                                     2.0
   43   53   57                                     1.0
   43   53   60                                     1.0
   43   53   61                                     2.0
   43   53   62                                     1.0
   43   53   63                                     2.0
   43   53   64                                     1.0
   43   53   65                                     4.0
   43   53   67                                     3.0
   43   53   68                                     4.0
   43   53   70                                     3.0
   43   53   71                                     2.0
   43   53   72                                     2.0
   43   53   78                                     2.0
   43   53   93                                     1.0
   43   53   98                                     3.0
   43   54   60                                     2.0
   43   54   61                                     1.0
   43   54   62                                     2.0
   43   54   64                                     1.0
   43   54   65                                     2.0
   43   54   67                                     3.0
   43   54   68                                     2.0
   43   54   70                                     1.0
   43   54   71                                     1.0
   43   54   72                                     1.0
   43   54   78                                     1.0
   43   54   85                                     2.0
   43   54   93                                     2.0
   43   54   98                                     1.0
   43   55   60                                     1.0
   43   55   64                                     2.0
   43   55   67                                     1.0
   43   55   70                                     1.0
   43   55   72                                     1.0
   43   56   60                                     2.0
   43   56   62                                     1.0
   43   56   65                                     1.0
   43   56   67                                     1.0
   43   56   68                                     1.0
   43   56   70                                     1.0
   43   56   71                                     1.0
   43   56   78                                     1.0
   43   56   79                                     1.0
   43   56   85                                     2.0
   43   56   88                                     2.0
   43   56   93                                     1.0
   43   56   94                                     1.0
   43   57   64                                     1.0
   43   57   67                                     1.0
   43   57   72                                     1.0
   43   57   78                                     1.0
   43   57   95                                     1.0
   43   58   61                                     1.0
   43   58   64                                     1.0
   43   58   67                                     2.0
   43   58   69                                     2.0
   43   58   91                                     1.0
   43   58   92                                     1.0
   43   58   98                                     2.0
   43   59   74                                     1.0
   43   59   76                                     1.0
   43   59   97                                     1.0
   43   60   70                                     1.0
   43   60   78                                     1.0
   43   60   82                                     1.0
   43   61   65                                     2.0
   43   61   72                                     1.0
   43   62   65                                     1.0
   43   63   71                                     2.0
   43   63   83                                     1.0
   43   65   78                                     1.0
   43   65   91                                     1.0
   43   67   79                                     1.0
   44   44   49                                     1.0
   44   44   94                                     1.0
   44   45   46                                     1.0
   44   45   51                                     1.0
   44   45   54                                     1.0
   44   45   90                                     1.0
   44   45   93                                     1.0
   44   45   96                                     2.0
   44   46   49                                     1.0
   44   46   50                                     2.0
   44   46   51                                     1.0
   44   46   59                                     1.0
   44   46   64                                     1.0
   44   46  100                                     1.0
   44   47   50                                     1.0
   44   47   54                                     1.0
   44   47   59                                     1.0
   44   47   61                                     1.0
   44   47   64                                     1.0
   44   47   85                                     1.0
   44   47   86                                     1.0
   44   47   87                                     5.0
   44   47   88                                     2.0
   44   48   58                                     1.0
   44   48   61                                     1.0
   44   48   85                                     1.0
   44   48   87                                     4.0
   44   48   88                                     2.0
   44   49   53                                     1.0
   44   49   64                                     2.0
   44   49   74                                     1.0
   44   49   86                                     1.0
   44   49   90                                     1.0
   44   50   56                                     2.0
   44   50   57                                     1.0
   44   50   58                                     3.0
   44   50   59                                     3.0
   44   50   60                                     1.0
   44   50   75                                     1.0
   44   50   79                                     1.0
   44   50   81                                     1.0
   44   50   87                                     1.0
   44   50   95                                     1.0
   44   50   96                                     2.0
   44   51   54                                     2.0
   44   51   55                                     8.0
   44   51   56                                     6.0
   44   51   57                                     4.0
   44   51   58                                     3.0
   44   51   61                                     1.0
   44   51   62                                     1.0
   44   51   63                                     1.0
   44   51   65                                     1.0
   44   51   67                                     2.0
   44   51   70                                     4.0
   44   51   84                                     1.0
   44   51   91                                     1.0
   44   52   53                                     2.0
   44   52   54                                     5.0
   44   52   55                                     4.0
   44   52   56                                     2.0
   44   52   57                                     1.0
   44   52   61                                     3.0
   44   52   63                                     2.0
   44   52   65                                     2.0
   44   52   67                                     6.0
   44   52   70                                     4.0
   44   52   72                                     3.0
   44   52   75                                     1.0
   44   52   97                                     1.0
   44   53   53                                     1.0
   44   53   54                                     3.0
   44   53   56                                     1.0
   44   53   57                                     1.0
   44   53   58                                     2.0
   44   53   59                                     1.0
   44   53   61                                     1.0
   44   53   63                                     2.0
   44   53   65                                     1.0
   44   53   67                                     3.0
   44   53   69                                     1.0
   44   53   70                                     1.0
   44   53   72                                     1.0
   44   53   78                                     2.0
   44   53   93                                     1.0
   44   53   97                                     1.0
   44   54   57                                     1.0
   44   54   59                                     2.0
   44   54   61                                     1.0
   44   54   63                                     1.0
   44   54   67                                     2.0
   44   54   72                                     1.0
   44   54   85                                     1.0
   44   54   93                                     2.0
   44   55   57                                     2.0
   44   55   59                                     1.0
   44   55   70                                     2.0
   44   55   74                                     2.0
   44   55   77                                     1.0
   44   56   62                                     1.0
   44   56   67                                     2.0
   44   56   79                                     1.0
   44   56   85                                     1.0
   44   56   88                                     1.0
   44   56   93                                     1.0
   44   57   71                                     1.0
   44   57   72                                     1.0
   44   58   63                                     1.0
   44   58   69                                     1.0
   44   58   91                                     1.0
   44   58   98                                     1.0
   44   59   78                                     1.0
   44   59   97                                     2.0
   44   60   65                                     1.0
   44   60   69                                     1.0
   44   60   82                                     1.0
   44   60  100                                     1.0
   44   61   72                                     1.0
   44   62   65                                     1.0
   44   62   76                                     1.0
   44   65   78                                     1.0
   44   71   95                                     1.0
   44   74   95                                     2.0
   44   76   99                                     2.0
   44   77   84                                     1.0
   44   77   85                                     1.0
   45   46   96                                     1.0
   45   47   53                                     1.0
   45   47   69                                     1.0
   45   47   79                                     1.0
   45   47   87                                     5.0
   45   47   88                                     6.0
   45   47  100                                     1.0
   45   48   87                                     2.0
   45   48   88                                     3.0
   45   48   96                                     1.0
   45   49   59                                     1.0
   45   49   60                                     1.0
   45   49   81                                     1.0
   45   49   93                                     1.0
   45   49   96                                     3.0
   45   50   54                                     1.0
   45   50   55                                     2.0
   45   50   56                                     9.0
   45   50   57                                     2.0
   45   50   58                                     1.0
   45   50   65                                     1.0
   45   50   69                                     2.0
   45   50   72                                     2.0
   45   50   78                                     2.0
   45   50   79                                     1.0
   45   50   84                                     1.0
   45   50   90                                     1.0
   45   50   95                                     1.0
   45   51   54                                     6.0
   45   51   55                                     6.0
   45   51   57                                     1.0
   45   51   71                                     4.0
   45   51   78                                     2.0
   45   52   53                                     3.0
   45   52   54                                     3.0
   45   52   70                                     1.0
   45   52   75                                     1.0
   45   52   97                                     1.0
   45   53   54                                     2.0
   45   53   67                                     1.0
   45   53   69                                     1.0
   45   53   73                                     1.0
   45   53  100                                     1.0
   45   54   56                                     1.0
   45   54   64                                     1.0
   45   54   70                                     1.0
   45   55   56                                     1.0
   45   55   67                                     1.0
   45   55   85                                     1.0
   45   56   60                                     1.0
   45   56   79                                     1.0
   45   56   85                                     1.0
   45   56   93                                     1.0
   45   57   64                                     1.0
   45   57   67                                     1.0
   45   57   94                                     1.0
   45   58   82                                     1.0
   45   58   91                                     1.0
   45   59   69                                     1.0
   45   60   82                                     1.0
   45   60   99                                     1.0
   45   61   72                                     1.0
   45   62   70                                     1.0
   45   62   81                                     1.0
   45   71   95                                     1.0
   45   74   95                                     1.0
   45   78   84                                     1.0
   46   46   90                                     1.0
   46   47   58                                     1.0
   46   47   88                                     4.0
   46   48   73                                     1.0
   46   49   52                                     1.0
   46   49   56                                     1.0
   46   49   62                                     1.0
   46   49   68                                     2.0
   46   49   70                                     2.0
   46   49   75                                     1.0
   46   49   87                                     1.0
   46   50   55                                     6.0
   46   50   56                                     2.0
   46   50   57                                     1.0
   46   50   59                                     1.0
   46   50   60                                     3.0
   46   50   63                                     4.0
   46   50   64                                     1.0
   46   50   65                                     1.0
   46   50   66                                     4.0
   46   50   68                                     3.0
   46   50   69                                     2.0
   46   50   71                                     3.0
   46   50   72                                     2.0
   46   51   52                                     1.0
   46   51   53                                     2.0
   46   51   54                                     6.0
   46   51   55                                     3.0
   46   51   56                                     2.0
   46   51   57                                     4.0
   46   51   58                                     1.0
   46   51   59                                     3.0
   46   51   61                                     4.0
   46   51   65                                     2.0
   46   51   78                                     1.0
   46   52   54                                     2.0
   46   52   55                                     1.0
   46   52   57                                     1.0
   46   52   58                                     1.0
   46   52   71                                     1.0
   46   52   74                                     1.0
   46   52   77                                     1.0
   46   52   93                                     1.0
   46   53   54                                     1.0
   46   53   56                                     1.0
   46   53   92                                     1.0
   46   54   85                                     1.0
   46   54   93                                     1.0
   46   55   69                                     1.0
   46   55   74                                     1.0
   46   56   87                                     1.0
   46   57   69                                     1.0
   46   58   82                                     1.0
   46   58   97                                     1.0
   46   59   96                                     1.0
   46   61   65                                     1.0
   46   63   81                                     1.0
   46   71   94                                     1.0
   46   76   99                                     1.0
   47   49   64                                     1.0
   47   49   66                                     2.0
   47   49   68                                     1.0
   47   49   70                                     1.0
   47   49   71                                     1.0
   47   50   53                                     2.0
   47   50   55                                     2.0
   47   50   56                                     3.0
   47   50   57                                     2.0
   47   50   58                                     3.0
   47   50   60                                     3.0
   47   50   62                                     3.0
   47   50   63                                     1.0
   47   50   64                                     1.0
   47   50   66                                     1.0
   47   50   68                                     1.0
   47   50   72                                     1.0
   47   51   52                                     1.0
   47   51   53                                     2.0
   47   51   54                                     3.0
   47   51   55                                     3.0
   47   51   57                                     2.0
   47   51   58                                     2.0
   47   51   60                                     2.0
   47   51   63                                     1.0
   47   51   65                                     1.0
   47   51   69                                     1.0
   47   52   52                                     1.0
   47   52   53                                     1.0
   47   52   54                                     1.0
   47   52   55                                     2.0
   47   52   56                                     1.0
   47   52   61                                     1.0
   47   52   69                                     1.0
   47   52   78                                     1.0
   47   52  100                                     1.0
   47   53   57                                     1.0
   47   54   57                                     1.0
   47   54   71                                     1.0
   47   55   85                                     1.0
   47   60   81                                     1.0
   47   61   71                                     1.0
   47   63   80                                     1.0
   47   74   94                                     1.0
   47   77   98                                     1.0
   48   49   53                                     1.0
   48   49   54                                     1.0
   48   49   56                                     2.0
   48   49   57                                     2.0
   48   49   62                                     1.0
   48   49   63                                     1.0
   48   49   68                                     1.0
   48   50   52                                     1.0
   48   50   53                                     2.0
   48   50   54                                     1.0
   48   50   55                                     1.0
   48   50   56                                     1.0
   48   50   58                                     1.0
   48   50   60                                     1.0
   48   50   66                                     1.0
   48   50   72                                     1.0
   48   51   51                                     1.0
   48   51   52                                     1.0
   48   51   53                                     2.0
   48   51   54                                     2.0
   48   51   55                                     1.0
   48   51   56                                     1.0
   48   51   63                                     1.0
   48   52   69                                     1.0
   48   53   64                                     1.0
   48   55   74                                     1.0
   48   55   79                                     1.0
   48   57   78                                     1.0
   48   57   90                                     1.0
   48   58   81                                     1.0
   48   60   98                                     1.0
   48   72   93                                     1.0
   48   79   96                                     1.0
   49   49   53                                     1.0
   49   49   55                                     1.0
   49   50   52                                     1.0
   49   50   54                                     1.0
   49   50   56                                     1.0
   49   51   53                                     1.0
   49   51   57                                     1.0
   49   52   61                                     1.0
   49   54   93                                     1.0
   49   58   66                                     1.0
   50   51   54                                     1.0
   50   53   56                                     1.0
   50   53   87                                     1.0
   50   54   71                                     1.0
   50   63   80                                     1.0
   50   67   99                                     1.0
   50   75   93                                     1.0
   50   78   96                                     1.0
   51   57   96                                     1.0
   52   57   81                                     1.0
   52   58   81                                     1.0
   52   73   92                                     1.0
   53   59   70                                     1.0
   56   62   79                                     1.0
   58   84   88                                     1.0
   59   77   88                                     1.0
   64   76   83                                     1.0
   65   74   97                                     1.0
  100    1   32                                     2.0
  100    1   33                                     1.0
  100    1   34                                     1.0
  100    1   35                                     1.0
  100    1   36                                     2.0
  100    1   37                                     1.0
  100    1   38                                     1.0
  100    1   39                                     2.0
  100    1   40                                     1.0
  100    1   41                                     1.0
  100    1   42                                     1.0
  100    1   43                                     3.0
  100    1   44                                     4.0
  100    1   45                                     3.0
  100    1   46                                     4.0
  100    1   47                                     1.0
  100    1   48                                     2.0
  100    1   49                                     2.0
  100    1   50                                     1.0
  100    1   51                                     1.0
  100    1   53                                     2.0
  100    1   54                                     1.0
  100    1   55                                     2.0
  100    1   57                                     2.0
  100    1   70                                     1.0
  100    1   78                                     1.0
  100    1   79                                     1.0
  100    1   88                                     1.0
  100    2   26                                     1.0
  100    2   27                                     1.0
  100    2   30                                     1.0
  100    2   32                                     1.0
  100    2   35                                     1.0
  100    2   36                                     1.0
  100    2   37                                     1.0
  100    2   38                                     1.0
  100    2   39                                     2.0
  100    2   41                                     1.0
  100    2   42                                     1.0
  100    2   43                                     1.0
  100    2   44                                     3.0
  100    2   45                                     3.0
  100    2   46                                     1.0
  100    2   47                                     4.0
  100    2   48                                     3.0
  100    2   49                                     2.0
  100    2   50                                     1.0
  100    2   52                                     1.0
  100    2   54                                     1.0
  100    2   55                                     2.0
  100    2   56                                     1.0
  100    2   63                                     1.0
  100    2   70                                     1.0
  100    2   77                                     1.0
  100    2   78                                     1.0
  100    2   81                                     1.0
  100    2   83                                     1.0
  100    2   88                                     1.0
  100    2   90                                     1.0
  100    2   93                                     1.0
  100    3   32                                     2.0
  100    3   34                                     1.0
  100    3   35                                     1.0
  100    3   36                                     1.0
  100    3   37                                     1.0
  100    3   38                                     2.0
  100    3   44                                     1.0
  100    3   45                                     2.0
  100    3   46                                     2.0
  100    3   48                                     1.0
  100    3   49                                     3.0
  100    3   51                                     1.0
  100    3   52                                     1.0
  100    3   54                                     1.0
  100    3   55                                     3.0
  100    3   57                                     2.0
  100    3   63                                     1.0
  100    3   67                                     1.0
  100    3   70                                     2.0
  100    3   74                                     1.0
  100    3   77                                     1.0
  100    3   78                                     1.0
  100    3   79                                     1.0
  100    3   85                                     1.0
  100    4   32                                     2.0
  100    4   35                                     3.0
  100    4   36                                     2.0
  100    4   37                                     1.0
  100    4   39                                     1.0
  100    4   43                                     2.0
  100    4   44                                     1.0
  100    4   45                                     1.0
  100    4   47                                     2.0
  100    4   48                                     1.0
  100    4   49                                     5.0
  100    4   50                                     2.0
  100    4   55                                     2.0
  100    4   57                                     1.0
  100    4   61                                     1.0
  100    4   77                                     1.0
  100    4   78                                     3.0
  100    4   86                                     1.0
  100    4   88                                     1.0
  100    5   33                                     1.0
  100    5   38                                     1.0
  100    5   40                                     1.0
  100    5   41                                     1.0
  100    5   42                                     2.0
  100    5   43                                     1.0
  100    5   44                                     1.0
  100    5   46                                     2.0
  100    5   48                                     2.0
  100    5   49                                     1.0
  100    5   52                                     1.0
  100    5   53                                     2.0
  100    5   61                                     1.0
  100    5   70                                     1.0
  100    6   37                                     1.0
  100    6   38                                     2.0
  100    6   39                                     4.0
  100    6   41                                     2.0
  100    6   42                                     1.0
  100    6   45                                     3.0
  100    6   47                                     4.0
  100    6   48                                     2.0
  100    6   49                                     1.0
  100    6   50                                     1.0
  100    6   51                                     1.0
  100    6   52                                     1.0
  100    6   57                                     1.0
  100    6   61                                     1.0
  100    6   62                                     1.0
  100    6   70                                     1.0
  100    6   78                                     1.0
  100    6   81                                     1.0
  100    6   87                                     1.0
  100    6   96                                     1.0
  100    7   37                                     4.0
  100    7   38                                     2.0
  100    7   39                                     4.0
  100    7   42                                     1.0
  100    7   43                                     2.0
  100    7   44                                     2.0
  100    7   45                                     1.0
  100    7   46                                     3.0
  100    7   47                                     3.0
  100    7   48                                     6.0
  100    7   49                                     9.0
  100    7   50                                     4.0
  100    7   53                                     1.0
  100    7   62                                     2.0
  100    7   74                                     1.0
  100    7   78                                     1.0
  100    7   89                                     1.0
  100    8   30                                     1.0
  100    8   34                                     3.0
  100    8   38                                     5.0
  100    8   39                                     1.0
  100    8   40                                     3.0
  100    8   41                                     3.0
  100    8   42                                     9.0
  100    8   43                                     4.0
  100    8   44                                     3.0
  100    8   45                                     1.0
  100    8   46                                     1.0
  100    8   47                                     1.0
  100    8   48                                     1.0
  100    8   49                                     2.0
  100    8   58                                     1.0
  100    8   74                                     1.0
  100    8   77                                     1.0
  100    8   97                                     1.0
  100    9   30                                     2.0
  100    9   34                                     3.0
  100    9   35                                     5.0
  100    9   38                                     6.0
  100    9   40                                     7.0
  100    9   41                                     1.0
  100    9   42                                     2.0
  100    9   46                                     1.0
  100    9   47                                     1.0
  100    9   48                                     1.0
  100   10   40                                     1.0
  100   10   45                                     1.0
  100   10   47                                     1.0
  100   10   54                                     1.0
  100   10   56                                     1.0
  100   10   57                                     1.0
  100   10   58                                     1.0
  100   10   61                                     1.0
  100   10   75                                     1.0
  100   10   77                                     1.0
  100   10   96                                     1.0
  100   11   41                                     1.0
  100   11   43                                     2.0
  100   11   48                                     1.0
  100   11   52                                     1.0
  100   11   57                                     1.0
  100   11   81                                     1.0
  100   12   43                                     2.0
  100   12   50                                     1.0
  100   12   51                                     1.0
  100   12   53                                     1.0
  100   12   55                                     1.0
  100   13   43                                     3.0
  100   13   44                                     1.0
  100   13   46                                     1.0
  100   13   53                                     1.0
  100   13   57                                     1.0
  100   13   67                                     1.0
  100   14   50                                     6.0
  100   14   53                                    12.0
  100   14   54                                    10.0
  100   14   55                                     4.0
  100   14   56                                     6.0
  100   14   58                                     1.0
  100   14   68                                     2.0
  100   14   74                                     1.0
  100   15   50                                     1.0
  100   15   51                                     1.0
  100   15   55                                     3.0
  100   15   56                                     5.0
  100   15   57                                     1.0
  100   15   60                                     1.0
  100   15   68                                     1.0
  100   15   69                                     2.0
  100   15   70                                     1.0
  100   16   47                                     1.0
  100   16   48                                     1.0
  100   16   55                                     2.0
  100   16   56                                     4.0
  100   16   57                                     2.0
  100   16   66                                     1.0
  100   16   70                                     2.0
  100   16   74                                     1.0
  100   17   54                                     1.0
  100   17   55                                     4.0
  100   17   56                                     9.0
  100   17   57                                     2.0
  100   17   65                                     1.0
  100   17   67                                     1.0
  100   17   69                                     1.0
  100   17   70                                     4.0
  100   17   71                                     1.0
  100   17   83                                     1.0
  100   17   84                                     1.0
  100   18   56                                     2.0
  100   18   57                                     1.0
  100   18   58                                     2.0
  100   18   70                                     1.0
  100   18   81                                     1.0
  100   18   83                                     2.0
  100   19   51                                     4.0
  100   19   68                                     3.0
  100   19   77                                     2.0
  100   19   78                                     1.0
  100   19   82                                     1.0
  100   19   83                                     1.0
  100   20   49                                     1.0
  100   20   56                                     1.0
  100   20   68                                     2.0
  100   20   69                                     1.0
  100   20   70                                     1.0
  100   20   78                                     5.0
  100   21   79                                     1.0
  100   21   82                                     1.0
  100   22   63                                     1.0
  100   24   63                                     1.0
  100   24   84                                     1.0
  100   24   97                                     1.0
  100   25   62                                     1.0
  100   25   66                                     1.0
  100   26   62                                     5.0
  100   26   75                                     1.0
  100   27   62                                     6.0
  100   27   67                                     1.0
  100   27   84                                     1.0
  100   27   85                                     2.0
  100   27   86                                     1.0
  100   28   82                                     1.0
  100   28   84                                     1.0
  100   28   85                                     1.0
  100   29   85                                     1.0
  100   36   68                                     2.0
  100   36   74                                     1.0
  100   37   68                                     9.0
  100   37   69                                     1.0
  100   37   76                                     1.0
  100   37   91                                     1.0
  100   38  100                                     1.0
  100   39   99                                     1.0
  100  100   27                                     1.0
  100  100   28                                     1.0
  100  100   34                                     1.0
  100  100   36                                     1.0
  100  100   37                                     1.0
  100  100   42                                     1.0
  100  100   43                                     3.0
  100  100   44                                     2.0
  100  100   45                                     1.0
  100  100   46                                     2.0
  100  100   47                                     1.0
  100  100   49                                     1.0
  100  100   54                                     2.0
